[7/2/2026, 21:07:01] [WARN] [AI_CONFIG] AI1_KEY غير موجود في .env — نظام الذكاء الاصطناعي لن يعمل بشكل صحيح.
[7/2/2026, 21:10:20] [WARN] [AI_CONFIG] AI1_KEY غير موجود في .env — نظام الذكاء الاصطناعي لن يعمل بشكل صحيح.
[7/2/2026, 21:10:52] [ERROR] [AI_AUTH] مفتاح API غير صالح (401) — تحقق من AI1_KEY.
[7/2/2026, 21:10:52] [ERROR] [AI_HANDLE] فشل الرد على 26608043868412: 401 A valid API key is required.
[7/2/2026, 21:10:52] [ERROR] [AI_AUTH] مفتاح API غير صالح (401) — تحقق من AI1_KEY.
[7/2/2026, 21:10:52] [ERROR] [AI_HANDLE] فشل الرد على 252673681018973: 401 A valid API key is required.
[7/2/2026, 21:10:53] [ERROR] [AI_AUTH] مفتاح API غير صالح (401) — تحقق من AI1_KEY.
[7/2/2026, 21:10:53] [ERROR] [AI_HANDLE] فشل الرد على 215736895176905: 401 A valid API key is required.
[7/2/2026, 21:10:53] [ERROR] [AI_AUTH] مفتاح API غير صالح (401) — تحقق من AI1_KEY.
[7/2/2026, 21:10:53] [ERROR] [AI_HANDLE] فشل الرد على 252673681018973: 401 A valid API key is required.
[7/2/2026, 21:10:53] [ERROR] [AI_AUTH] مفتاح API غير صالح (401) — تحقق من AI1_KEY.
[7/2/2026, 21:10:53] [ERROR] [AI_HANDLE] فشل الرد على 252673681018973: 401 A valid API key is required.
[7/2/2026, 21:10:53] [ERROR] [AI_AUTH] مفتاح API غير صالح (401) — تحقق من AI1_KEY.
[7/2/2026, 21:10:53] [ERROR] [AI_HANDLE] فشل الرد على 252673681018973: 401 A valid API key is required.
[7/2/2026, 21:10:54] [ERROR] [AI_AUTH] مفتاح API غير صالح (401) — تحقق من AI1_KEY.
[7/2/2026, 21:10:54] [ERROR] [AI_HANDLE] فشل الرد على 252673681018973: 401 A valid API key is required.
[7/2/2026, 21:10:54] [ERROR] [AI_AUTH] مفتاح API غير صالح (401) — تحقق من AI1_KEY.
[7/2/2026, 21:10:54] [ERROR] [AI_HANDLE] فشل الرد على 215736895176905: 401 A valid API key is required.
[7/2/2026, 21:10:54] [ERROR] [AI_AUTH] مفتاح API غير صالح (401) — تحقق من AI1_KEY.
[7/2/2026, 21:10:54] [ERROR] [AI_HANDLE] فشل الرد على 215736895176905: 401 A valid API key is required.
[7/2/2026, 21:10:55] [ERROR] [AI_AUTH] مفتاح API غير صالح (401) — تحقق من AI1_KEY.
[7/2/2026, 21:10:55] [ERROR] [AI_HANDLE] فشل الرد على 215736895176905: 401 A valid API key is required.
[7/2/2026, 21:10:55] [ERROR] [AI_AUTH] مفتاح API غير صالح (401) — تحقق من AI1_KEY.
[7/2/2026, 21:10:55] [ERROR] [AI_HANDLE] فشل الرد على 215736895176905: 401 A valid API key is required.
[7/2/2026, 21:10:55] [ERROR] [AI_AUTH] مفتاح API غير صالح (401) — تحقق من AI1_KEY.
[7/2/2026, 21:10:55] [ERROR] [AI_HANDLE] فشل الرد على 215736895176905: 401 A valid API key is required.
[7/2/2026, 21:10:55] [ERROR] [AI_AUTH] مفتاح API غير صالح (401) — تحقق من AI1_KEY.
[7/2/2026, 21:10:55] [ERROR] [AI_HANDLE] فشل الرد على 215736895176905: 401 A valid API key is required.
[7/2/2026, 21:10:57] [ERROR] [AI_AUTH] مفتاح API غير صالح (401) — تحقق من AI1_KEY.
[7/2/2026, 21:10:57] [ERROR] [AI_HANDLE] فشل الرد على 215736895176905: 401 A valid API key is required.
[7/2/2026, 21:10:57] [ERROR] [AI_AUTH] مفتاح API غير صالح (401) — تحقق من AI1_KEY.
[7/2/2026, 21:10:57] [ERROR] [AI_HANDLE] فشل الرد على 215736895176905: 401 A valid API key is required.
[7/2/2026, 21:10:57] [ERROR] [AI_AUTH] مفتاح API غير صالح (401) — تحقق من AI1_KEY.
[7/2/2026, 21:10:57] [ERROR] [AI_HANDLE] فشل الرد على 215736895176905: 401 A valid API key is required.
[7/2/2026, 21:11:12] [ERROR] [AI_AUTH] مفتاح API غير صالح (401) — تحقق من AI1_KEY.
[7/2/2026, 21:11:12] [ERROR] [AI_HANDLE] فشل الرد على 122712131428360: 401 A valid API key is required.
[7/2/2026, 21:11:15] [ERROR] [AI_AUTH] مفتاح API غير صالح (401) — تحقق من AI1_KEY.
[7/2/2026, 21:11:15] [ERROR] [AI_HANDLE] فشل الرد على 87995608776889: 401 A valid API key is required.
[7/2/2026, 21:11:15] [ERROR] [AI_AUTH] مفتاح API غير صالح (401) — تحقق من AI1_KEY.
[7/2/2026, 21:11:15] [ERROR] [AI_HANDLE] فشل الرد على 87995608776889: 401 A valid API key is required.
[7/2/2026, 21:17:55] [WARN] [AI_CONFIG] AI1_KEY غير موجود في .env — نظام الذكاء الاصطناعي لن يعمل بشكل صحيح.
[7/2/2026, 21:18:13] [WARN] [AI_CONFIG] AI1_KEY غير موجود في .env — نظام الذكاء الاصطناعي لن يعمل بشكل صحيح.
[7/2/2026, 21:18:52] [WARN] [AI_CONFIG] AI1_KEY غير موجود في .env — نظام الذكاء الاصطناعي لن يعمل بشكل صحيح.
[7/2/2026, 21:22:06] [WARN] [AI_CONFIG] AI1_KEY غير موجود في .env — نظام الذكاء الاصطناعي لن يعمل بشكل صحيح.
[7/2/2026, 21:25:34] [WARN] [AI_CONFIG] AI1_KEY غير موجود في .env — نظام الذكاء الاصطناعي لن يعمل بشكل صحيح.
[7/2/2026, 21:31:09] [ERROR] [AI_UNKNOWN] 400 The model rejected this request. It may not support the input you sent (e.g. images on a text-only model) or a parameter is invalid.
[7/2/2026, 21:31:09] [ERROR] [AI_HANDLE] فشل الرد على 252673681018973: 400 The model rejected this request. It may not support the input you sent (e.g. images on a text-only model) or a parameter is invalid.
[7/2/2026, 21:31:47] [ERROR] [AI_UNKNOWN] 400 The model rejected this request. It may not support the input you sent (e.g. images on a text-only model) or a parameter is invalid.
[7/2/2026, 21:31:47] [ERROR] [AI_HANDLE] فشل الرد على 252673681018973: 400 The model rejected this request. It may not support the input you sent (e.g. images on a text-only model) or a parameter is invalid.
[7/2/2026, 21:32:09] [ERROR] [AI_UNKNOWN] 400 The model rejected this request. It may not support the input you sent (e.g. images on a text-only model) or a parameter is invalid.
[7/2/2026, 21:32:09] [ERROR] [AI_HANDLE] فشل الرد على 252673681018973: 400 The model rejected this request. It may not support the input you sent (e.g. images on a text-only model) or a parameter is invalid.
[7/2/2026, 21:33:10] [ERROR] [AI_BAD_REQUEST] 400: {"type":"bad_request","message":"The model rejected this request. It may not support the input you sent (e.g. images on a text-only model) or a parameter is invalid.","request_id":"93795bf2-bae4-4757-800b-b1392e38f8d6"}
[7/2/2026, 21:33:10] [ERROR] [AI_HANDLE] فشل الرد على 252673681018973: 400 The model rejected this request. It may not support the input you sent (e.g. images on a text-only model) or a parameter is invalid.
[7/2/2026, 21:33:43] [ERROR] [AI_BAD_REQUEST] 400: {"type":"bad_request","message":"The model rejected this request. It may not support the input you sent (e.g. images on a text-only model) or a parameter is invalid.","request_id":"350ecbab-c70a-41e8-b14e-9af144d14d91"}
[7/2/2026, 21:33:43] [ERROR] [AI_HANDLE] فشل الرد على 252673681018973: 400 The model rejected this request. It may not support the input you sent (e.g. images on a text-only model) or a parameter is invalid.
[7/2/2026, 21:38:34] [INFO] [AI_REPLY] user=252673681018973 duration=2482ms tokens=276
[7/2/2026, 21:38:36] [INFO] [AI_REPLY] user=252673681018973 duration=2170ms tokens=306
[7/2/2026, 21:38:39] [INFO] [AI_REPLY] user=252673681018973 duration=2192ms tokens=328
[7/2/2026, 21:38:41] [INFO] [TRAINER] استخرج 1 معلومة لـ 252673681018973
[7/2/2026, 21:38:42] [INFO] [AI_REPLY] user=252673681018973 duration=2910ms tokens=379
[7/2/2026, 21:39:09] [INFO] [AI_REPLY] user=252673681018973 duration=2669ms tokens=412
[7/2/2026, 21:39:11] [INFO] [TRAINER] استخرج 1 معلومة لـ 252673681018973
[7/2/2026, 21:39:32] [INFO] [AI_REPLY] user=252673681018973 duration=10082ms tokens=522
[7/2/2026, 21:39:51] [INFO] [AI_REPLY] user=252673681018973 duration=3786ms tokens=599
[7/2/2026, 21:40:14] [INFO] [AI_REPLY] user=252673681018973 duration=4899ms tokens=673
[7/2/2026, 21:40:36] [INFO] [AI_REPLY] user=252673681018973 duration=2561ms tokens=708
[7/2/2026, 21:40:38] [INFO] [TRAINER] استخرج 1 معلومة لـ 252673681018973
[7/2/2026, 21:40:53] [INFO] [AI_REPLY] user=252673681018973 duration=4579ms tokens=775
[7/2/2026, 21:41:30] [INFO] [AI_REPLY] user=252673681018973 duration=6528ms tokens=934
[7/2/2026, 21:41:35] [INFO] [TRAINER] استخرج 4 معلومة لـ 252673681018973
[7/2/2026, 21:41:53] [INFO] [AI_REPLY] user=252673681018973 duration=6021ms tokens=1118
[7/2/2026, 21:42:16] [INFO] [AI_REPLY] user=252673681018973 duration=5243ms tokens=1167
[7/2/2026, 21:42:18] [INFO] [TRAINER] استخرج 2 معلومة لـ 252673681018973
[7/2/2026, 21:42:30] [INFO] [AI_REPLY] user=252673681018973 duration=3709ms tokens=1188
[7/2/2026, 21:42:43] [INFO] [AI_REPLY] user=271799069712543 duration=5048ms tokens=379
[7/2/2026, 21:42:46] [INFO] [TRAINER] استخرج 3 معلومة لـ 271799069712543
[7/2/2026, 21:42:47] [INFO] [AI_REPLY] user=252673681018973 duration=3467ms tokens=1164
[7/2/2026, 21:43:03] [INFO] [AI_REPLY] user=271799069712543 duration=4088ms tokens=517
[7/2/2026, 21:43:07] [INFO] [TRAINER] استخرج 3 معلومة لـ 271799069712543
[7/2/2026, 21:43:10] [INFO] [AI_REPLY] user=252673681018973 duration=5523ms tokens=1202
[7/2/2026, 21:43:12] [INFO] [TRAINER] استخرج 1 معلومة لـ 252673681018973
[7/2/2026, 21:43:37] [INFO] [AI_REPLY] user=252673681018973 duration=5202ms tokens=1148
[7/2/2026, 21:43:40] [INFO] [TRAINER] استخرج 2 معلومة لـ 252673681018973
[7/2/2026, 21:44:02] [INFO] [AI_REPLY] user=252673681018973 duration=4170ms tokens=1268
[7/2/2026, 21:44:40] [INFO] [AI_REPLY] user=252673681018973 duration=5439ms tokens=1322
[7/2/2026, 21:45:22] [INFO] [AI_REPLY] user=252673681018973 duration=7201ms tokens=1245
[7/2/2026, 21:46:00] [INFO] [AI_REPLY] user=252673681018973 duration=3204ms tokens=1147
[7/2/2026, 21:46:02] [INFO] [TRAINER] استخرج 1 معلومة لـ 252673681018973
[7/2/2026, 21:46:10] [INFO] [AI_REPLY] user=194665752068153 duration=2791ms tokens=280
[7/2/2026, 21:46:16] [INFO] [AI_REPLY] user=252673681018973 duration=2964ms tokens=1111
[7/2/2026, 21:46:18] [INFO] [AI_REPLY] user=194665752068153 duration=3409ms tokens=329
[7/2/2026, 21:46:18] [INFO] [TRAINER] استخرج 1 معلومة لـ 252673681018973
[7/2/2026, 21:46:30] [INFO] [AI_REPLY] user=194665752068153 duration=4205ms tokens=377
[7/2/2026, 21:46:32] [INFO] [TRAINER] استخرج 1 معلومة لـ 194665752068153
[7/2/2026, 21:46:34] [INFO] [AI_REPLY] user=252673681018973 duration=4440ms tokens=1018
[7/2/2026, 21:46:38] [WARN] [AI_RATE_LIMIT] تجاوز الحد المسموح (429) — محاولة 1/3
[7/2/2026, 21:46:40] [WARN] [AI_RATE_LIMIT] تجاوز الحد المسموح (429) — محاولة 1/3
[7/2/2026, 21:46:43] [WARN] [AI_RATE_LIMIT] تجاوز الحد المسموح (429) — محاولة 2/3
[7/2/2026, 21:46:45] [WARN] [AI_RATE_LIMIT] تجاوز الحد المسموح (429) — محاولة 2/3
[7/2/2026, 21:46:48] [WARN] [AI_RATE_LIMIT] تجاوز الحد المسموح (429) — محاولة 3/3
[7/2/2026, 21:46:49] [WARN] [AI_RATE_LIMIT] تجاوز الحد المسموح (429) — محاولة 1/3
[7/2/2026, 21:46:50] [WARN] [AI_RATE_LIMIT] تجاوز الحد المسموح (429) — محاولة 3/3
[7/2/2026, 21:46:51] [ERROR] [TRAINER] فشل الاستخراج لـ 252673681018973: 429 Per-minute request limit reached for your plan. Try again shortly.
[7/2/2026, 21:46:53] [ERROR] [AI_HANDLE] فشل الرد على 194665752068153: 429 Per-minute request limit reached for your plan. Try again shortly.
[7/2/2026, 21:46:54] [WARN] [AI_RATE_LIMIT] تجاوز الحد المسموح (429) — محاولة 2/3
[7/2/2026, 21:46:59] [WARN] [AI_RATE_LIMIT] تجاوز الحد المسموح (429) — محاولة 3/3
[7/2/2026, 21:47:02] [ERROR] [AI_HANDLE] فشل الرد على 252673681018973: 429 Per-minute request limit reached for your plan. Try again shortly.
[7/2/2026, 21:47:02] [INFO] [AI_REPLY] user=194665752068153 duration=6343ms tokens=423
[7/2/2026, 21:47:07] [INFO] [AI_REPLY] user=194665752068153 duration=4327ms tokens=471
[7/2/2026, 21:47:24] [INFO] [AI_REPLY] user=194665752068153 duration=3064ms tokens=519
[7/2/2026, 21:47:35] [INFO] [AI_REPLY] user=194665752068153 duration=2417ms tokens=561
[7/2/2026, 21:48:13] [INFO] [AI_REPLY] user=252673681018973 duration=2398ms tokens=1039
[7/2/2026, 21:48:15] [INFO] [TRAINER] استخرج 1 معلومة لـ 252673681018973
[7/2/2026, 21:48:27] [INFO] [AI_REPLY] user=252673681018973 duration=3536ms tokens=977
[7/2/2026, 21:48:29] [INFO] [TRAINER] استخرج 1 معلومة لـ 252673681018973
[7/2/2026, 21:48:44] [INFO] [AI_REPLY] user=252673681018973 duration=3766ms tokens=966
[7/2/2026, 21:49:07] [INFO] [AI_REPLY] user=252673681018973 duration=5431ms tokens=976
[7/2/2026, 21:49:10] [INFO] [TRAINER] استخرج 3 معلومة لـ 252673681018973
[7/2/2026, 21:49:25] [INFO] [AI_REPLY] user=252673681018973 duration=3304ms tokens=871
[7/2/2026, 21:49:27] [INFO] [TRAINER] استخرج 1 معلومة لـ 252673681018973
[7/2/2026, 21:49:47] [INFO] [AI_REPLY] user=252673681018973 duration=5788ms tokens=853
[7/2/2026, 21:51:11] [INFO] [AI_REPLY] user=194665752068153 duration=3610ms tokens=622
[7/2/2026, 21:51:32] [INFO] [AI_REPLY] user=194665752068153 duration=3390ms tokens=706
[7/2/2026, 21:51:36] [INFO] [TRAINER] استخرج 2 معلومة لـ 194665752068153
[7/2/2026, 21:51:42] [INFO] [AI_REPLY] user=194665752068153 duration=4795ms tokens=832
[7/2/2026, 21:58:46] [INFO] [AI_REPLY] user=194665752068153 duration=4092ms tokens=924
[7/2/2026, 21:58:48] [INFO] [TRAINER] استخرج 1 معلومة لـ 194665752068153
[7/2/2026, 21:58:53] [INFO] [AI_REPLY] user=194665752068153 duration=3203ms tokens=995
[7/2/2026, 21:59:08] [INFO] [AI_REPLY] user=194665752068153 duration=3615ms tokens=1662
[7/2/2026, 21:59:10] [INFO] [TRAINER] استخرج 2 معلومة لـ 194665752068153
[7/2/2026, 21:59:17] [INFO] [AI_REPLY] user=194665752068153 duration=1404ms tokens=1655
[7/2/2026, 21:59:30] [INFO] [AI_REPLY] user=194665752068153 duration=1947ms tokens=1483
[7/2/2026, 21:59:31] [INFO] [TRAINER] استخرج 1 معلومة لـ 194665752068153
[7/2/2026, 21:59:39] [INFO] [AI_REPLY] user=194665752068153 duration=3828ms tokens=1629
[7/2/2026, 21:59:51] [INFO] [AI_REPLY] user=194665752068153 duration=1721ms tokens=1465
[7/2/2026, 22:00:09] [INFO] [AI_REPLY] user=194665752068153 duration=2696ms tokens=1523
[7/2/2026, 22:00:22] [INFO] [AI_REPLY] user=194665752068153 duration=4748ms tokens=1433
[7/2/2026, 22:19:48] [INFO] [AI_REPLY] user=215736895176905 duration=2152ms tokens=1074
[7/2/2026, 22:20:02] [INFO] [AI_REPLY] user=194665752068153 duration=2381ms tokens=1496
[7/2/2026, 22:20:07] [INFO] [AI_REPLY] user=215736895176905 duration=2216ms tokens=1093
[7/2/2026, 22:20:13] [INFO] [AI_REPLY] user=215736895176905 duration=2963ms tokens=1148
[7/2/2026, 22:20:15] [INFO] [TRAINER] استخرج 1 معلومة لـ 215736895176905
[7/2/2026, 22:20:15] [INFO] [AI_REPLY] user=194665752068153 duration=3268ms tokens=1455
[7/2/2026, 22:20:26] [INFO] [AI_REPLY] user=194665752068153 duration=2387ms tokens=1437
[7/2/2026, 22:20:35] [WARN] [AI_RATE_LIMIT] تجاوز الحد المسموح (429) — محاولة 1/3
[7/2/2026, 22:20:40] [WARN] [AI_RATE_LIMIT] تجاوز الحد المسموح (429) — محاولة 2/3
[7/2/2026, 22:20:45] [WARN] [AI_RATE_LIMIT] تجاوز الحد المسموح (429) — محاولة 3/3
[7/2/2026, 22:20:48] [ERROR] [AI_HANDLE] فشل الرد على 215736895176905: 429 Per-minute request limit reached for your plan. Try again shortly.
[7/2/2026, 22:20:51] [WARN] [AI_RATE_LIMIT] تجاوز الحد المسموح (429) — محاولة 1/3
[7/2/2026, 22:20:55] [WARN] [AI_RATE_LIMIT] تجاوز الحد المسموح (429) — محاولة 2/3
[7/2/2026, 22:21:05] [INFO] [AI_REPLY] user=215736895176905 duration=16704ms tokens=1192
[7/2/2026, 22:21:58] [INFO] [AI_REPLY] user=215736895176905 duration=3781ms tokens=1277
[7/2/2026, 22:22:00] [INFO] [TRAINER] استخرج 1 معلومة لـ 215736895176905
[7/2/2026, 22:22:05] [INFO] [AI_REPLY] user=215736895176905 duration=4518ms tokens=1397
[7/2/2026, 22:22:54] [INFO] [AI_REPLY] user=215736895176905 duration=3385ms tokens=1455
[7/2/2026, 22:22:56] [INFO] [AI_REPLY] user=215736895176905 duration=2591ms tokens=1491
[7/2/2026, 22:23:20] [INFO] [AI_REPLY] user=215736895176905 duration=1632ms tokens=1505
[7/2/2026, 22:23:22] [INFO] [AI_REPLY] user=215736895176905 duration=1729ms tokens=1512
[7/2/2026, 22:25:58] [INFO] [AI_REPLY] user=215736895176905 duration=3169ms tokens=1614
[7/2/2026, 22:26:01] [INFO] [AI_REPLY] user=215736895176905 duration=2330ms tokens=1570
[7/2/2026, 22:26:08] [INFO] [AI_REPLY] user=215736895176905 duration=2360ms tokens=1543
[7/2/2026, 22:26:30] [INFO] [AI_REPLY] user=215736895176905 duration=1901ms tokens=1475
[7/2/2026, 22:26:33] [INFO] [AI_REPLY] user=215736895176905 duration=1233ms tokens=1383
[7/2/2026, 22:30:00] [INFO] [AI_REPLY] user=215736895176905 duration=2712ms tokens=1390
[7/2/2026, 22:30:11] [INFO] [TRAINER] استخرج 1 معلومة لـ 215736895176905
[7/2/2026, 22:30:14] [INFO] [AI_REPLY] user=215736895176905 duration=2174ms tokens=1382
[7/2/2026, 22:30:27] [INFO] [AI_REPLY] user=215736895176905 duration=2379ms tokens=1408
[7/2/2026, 22:30:29] [INFO] [TRAINER] استخرج 1 معلومة لـ 215736895176905
[7/2/2026, 22:34:15] [INFO] [AI_REPLY] user=87995608776889 duration=2437ms tokens=1222
[7/2/2026, 22:34:42] [INFO] [AI_REPLY] user=87995608776889 duration=1706ms tokens=1248
[7/2/2026, 22:34:55] [INFO] [AI_REPLY] user=87995608776889 duration=3583ms tokens=1265
[7/2/2026, 22:35:02] [INFO] [AI_REPLY] user=87995608776889 duration=5477ms tokens=1276
[7/2/2026, 22:35:26] [INFO] [AI_REPLY] user=87995608776889 duration=1724ms tokens=1291
[7/2/2026, 22:35:48] [INFO] [AI_REPLY] user=87995608776889 duration=1826ms tokens=1309
[7/2/2026, 22:35:55] [INFO] [AI_REPLY] user=87995608776889 duration=3710ms tokens=1316
[7/2/2026, 22:35:59] [INFO] [AI_REPLY] user=87995608776889 duration=1564ms tokens=1334
[7/2/2026, 22:36:13] [INFO] [AI_REPLY] user=87995608776889 duration=1630ms tokens=1356
[7/2/2026, 22:36:15] [INFO] [AI_REPLY] user=87995608776889 duration=1989ms tokens=1355
[7/2/2026, 22:36:34] [INFO] [AI_REPLY] user=87995608776889 duration=1704ms tokens=1361
[7/2/2026, 22:36:46] [INFO] [AI_REPLY] user=87995608776889 duration=2304ms tokens=1362
[7/2/2026, 22:36:50] [INFO] [TRAINER] استخرج 1 معلومة لـ 87995608776889
[7/2/2026, 22:37:18] [INFO] [AI_REPLY] user=87995608776889 duration=5044ms tokens=1375
[7/2/2026, 22:37:24] [INFO] [AI_REPLY] user=87995608776889 duration=5799ms tokens=1367
[7/2/2026, 22:37:28] [INFO] [AI_REPLY] user=87995608776889 duration=2893ms tokens=1379
[7/2/2026, 22:37:33] [INFO] [AI_REPLY] user=87995608776889 duration=2814ms tokens=1379
[7/2/2026, 22:37:43] [INFO] [AI_REPLY] user=87995608776889 duration=2354ms tokens=1385
[7/2/2026, 22:38:20] [INFO] [AI_REPLY] user=87995608776889 duration=3320ms tokens=1398
[7/2/2026, 22:38:39] [INFO] [AI_REPLY] user=87995608776889 duration=2576ms tokens=1409
[7/2/2026, 22:38:44] [INFO] [AI_REPLY] user=87995608776889 duration=1854ms tokens=1405
[7/2/2026, 22:38:49] [INFO] [TRAINER] استخرج 1 معلومة لـ 87995608776889
[7/2/2026, 22:38:50] [INFO] [AI_REPLY] user=87995608776889 duration=2568ms tokens=1404
[7/2/2026, 22:39:11] [INFO] [AI_REPLY] user=87995608776889 duration=3458ms tokens=1415
[7/2/2026, 22:39:14] [INFO] [AI_REPLY] user=87995608776889 duration=3038ms tokens=1432
[7/2/2026, 22:39:24] [INFO] [AI_REPLY] user=87995608776889 duration=3889ms tokens=1437
[7/2/2026, 22:39:42] [INFO] [AI_REPLY] user=87995608776889 duration=2337ms tokens=1442
[7/2/2026, 22:39:46] [INFO] [TRAINER] استخرج 1 معلومة لـ 87995608776889
[7/2/2026, 22:39:51] [INFO] [AI_REPLY] user=87995608776889 duration=1728ms tokens=1437
[7/2/2026, 22:39:59] [WARN] [AI_RATE_LIMIT] تجاوز الحد المسموح (429) — محاولة 1/3
[7/2/2026, 22:40:03] [ERROR] [AI_HANDLE] فشل الرد على 87995608776889: Connection Closed
[7/2/2026, 22:40:41] [INFO] [AI_REPLY] user=87995608776889 duration=1771ms tokens=1425
[7/2/2026, 22:40:55] [INFO] [AI_REPLY] user=87995608776889 duration=4266ms tokens=1438
[7/2/2026, 22:41:15] [INFO] [AI_REPLY] user=87995608776889 duration=2133ms tokens=1400
[7/2/2026, 22:41:19] [INFO] [AI_REPLY] user=87995608776889 duration=2567ms tokens=1436
[7/2/2026, 22:41:22] [INFO] [TRAINER] استخرج 1 معلومة لـ 87995608776889
[7/2/2026, 22:41:43] [INFO] [AI_REPLY] user=87995608776889 duration=6321ms tokens=1443
[7/2/2026, 22:41:50] [INFO] [AI_REPLY] user=87995608776889 duration=6568ms tokens=1438
[7/2/2026, 22:42:09] [INFO] [AI_REPLY] user=87995608776889 duration=2267ms tokens=1428
[7/2/2026, 22:42:24] [INFO] [AI_REPLY] user=87995608776889 duration=3561ms tokens=1465
[7/2/2026, 22:42:44] [INFO] [AI_REPLY] user=87995608776889 duration=4250ms tokens=1523
[7/2/2026, 22:42:49] [INFO] [AI_REPLY] user=87995608776889 duration=4758ms tokens=1490
[7/2/2026, 22:42:52] [INFO] [AI_REPLY] user=87995608776889 duration=3404ms tokens=1577
[7/2/2026, 22:42:55] [WARN] [AI_RATE_LIMIT] تجاوز الحد المسموح (429) — محاولة 1/3
[7/2/2026, 22:43:00] [WARN] [AI_RATE_LIMIT] تجاوز الحد المسموح (429) — محاولة 2/3
[7/2/2026, 22:43:04] [INFO] [AI_REPLY] user=87995608776889 duration=12055ms tokens=1584
[7/2/2026, 22:43:07] [INFO] [AI_REPLY] user=87995608776889 duration=2998ms tokens=1626
[7/2/2026, 22:43:11] [INFO] [AI_REPLY] user=87995608776889 duration=3784ms tokens=1687
[7/2/2026, 22:43:15] [INFO] [AI_REPLY] user=87995608776889 duration=3550ms tokens=1778
[7/2/2026, 22:43:17] [INFO] [AI_REPLY] user=87995608776889 duration=1816ms tokens=1771
[7/2/2026, 22:43:20] [WARN] [AI_RATE_LIMIT] تجاوز الحد المسموح (429) — محاولة 1/3
[7/2/2026, 22:43:24] [WARN] [AI_RATE_LIMIT] تجاوز الحد المسموح (429) — محاولة 2/3
[7/2/2026, 22:43:29] [WARN] [AI_RATE_LIMIT] تجاوز الحد المسموح (429) — محاولة 3/3
[7/2/2026, 22:43:32] [ERROR] [AI_HANDLE] فشل الرد على 87995608776889: 429 Per-minute request limit reached for your plan. Try again shortly.
[7/2/2026, 22:43:36] [WARN] [AI_RATE_LIMIT] تجاوز الحد المسموح (429) — محاولة 1/3
[7/2/2026, 22:43:41] [WARN] [AI_RATE_LIMIT] تجاوز الحد المسموح (429) — محاولة 2/3
[7/2/2026, 22:43:46] [WARN] [AI_RATE_LIMIT] تجاوز الحد المسموح (429) — محاولة 3/3
[7/2/2026, 22:43:49] [ERROR] [AI_HANDLE] فشل الرد على 87995608776889: 429 Per-minute request limit reached for your plan. Try again shortly.
[7/2/2026, 22:43:53] [WARN] [AI_RATE_LIMIT] تجاوز الحد المسموح (429) — محاولة 1/3
[7/2/2026, 22:43:57] [WARN] [AI_RATE_LIMIT] تجاوز الحد المسموح (429) — محاولة 2/3
[7/2/2026, 22:44:02] [INFO] [AI_REPLY] user=87995608776889 duration=13047ms tokens=1774
[7/2/2026, 22:44:05] [INFO] [AI_REPLY] user=87995608776889 duration=2725ms tokens=1756
[7/2/2026, 22:44:54] [ERROR] [AI_HANDLE] فشل الرد على 87995608776889: Connection Closed
[7/2/2026, 22:44:57] [ERROR] [AI_HANDLE] فشل الرد على 87995608776889: Connection Closed
[7/2/2026, 22:44:59] [INFO] [AI_REPLY] user=87995608776889 duration=1780ms tokens=1752
[7/2/2026, 22:45:03] [INFO] [AI_REPLY] user=87995608776889 duration=3838ms tokens=1679
[7/2/2026, 22:45:08] [INFO] [AI_REPLY] user=87995608776889 duration=1509ms tokens=1661
[7/2/2026, 22:45:11] [INFO] [AI_REPLY] user=87995608776889 duration=3035ms tokens=1631
[7/2/2026, 22:45:24] [INFO] [AI_REPLY] user=87995608776889 duration=4105ms tokens=1596
[7/2/2026, 22:45:55] [INFO] [AI_REPLY] user=87995608776889 duration=1771ms tokens=1492
[7/2/2026, 22:45:58] [WARN] [AI_RATE_LIMIT] تجاوز الحد المسموح (429) — محاولة 1/3
[7/2/2026, 22:45:59] [WARN] [AI_RATE_LIMIT] تجاوز الحد المسموح (429) — محاولة 1/3
[7/2/2026, 22:46:02] [INFO] [AI_REPLY] user=87995608776889 duration=6112ms tokens=1489
[7/2/2026, 22:46:13] [INFO] [AI_REPLY] user=87995608776889 duration=2165ms tokens=1464
[7/2/2026, 22:46:16] [INFO] [AI_REPLY] user=87995608776889 duration=1867ms tokens=1391
[7/2/2026, 22:53:21] [INFO] [AI_REPLY] user=87995608776889 duration=2294ms tokens=1455
[7/2/2026, 22:53:25] [INFO] [AI_REPLY] user=87995608776889 duration=2667ms tokens=1440
[7/2/2026, 22:53:28] [INFO] [TRAINER] استخرج 2 معلومة لـ 87995608776889
[7/2/2026, 22:53:28] [INFO] [AI_REPLY] user=87995608776889 duration=1465ms tokens=1432
[7/2/2026, 22:53:32] [INFO] [AI_REPLY] user=13671031951477 duration=1588ms tokens=1206
[7/2/2026, 22:53:34] [INFO] [AI_REPLY] user=13671031951477 duration=2042ms tokens=1215
[7/2/2026, 22:53:35] [INFO] [TRAINER] استخرج 2 معلومة لـ 13671031951477
[7/2/2026, 22:53:38] [WARN] [AI_RATE_LIMIT] تجاوز الحد المسموح (429) — محاولة 1/3
[7/2/2026, 22:53:43] [WARN] [AI_RATE_LIMIT] تجاوز الحد المسموح (429) — محاولة 2/3
[7/2/2026, 22:53:49] [WARN] [AI_RATE_LIMIT] تجاوز الحد المسموح (429) — محاولة 3/3
[7/2/2026, 22:53:52] [ERROR] [AI_HANDLE] فشل الرد على 87995608776889: 429 Per-minute request limit reached for your plan. Try again shortly.
[7/2/2026, 22:53:56] [WARN] [AI_RATE_LIMIT] تجاوز الحد المسموح (429) — محاولة 1/3
[7/2/2026, 22:53:58] [WARN] [AI_RATE_LIMIT] تجاوز الحد المسموح (429) — محاولة 1/3
[7/2/2026, 22:54:01] [INFO] [AI_REPLY] user=87995608776889 duration=8924ms tokens=1457
[7/2/2026, 22:54:02] [INFO] [AI_REPLY] user=13671031951477 duration=12558ms tokens=1227
[7/2/2026, 22:54:04] [INFO] [AI_REPLY] user=87995608776889 duration=2798ms tokens=1415
[7/2/2026, 22:54:08] [INFO] [TRAINER] استخرج 1 معلومة لـ 87995608776889
[7/2/2026, 22:54:10] [INFO] [AI_REPLY] user=13671031951477 duration=1379ms tokens=1235
[7/2/2026, 22:54:20] [INFO] [AI_REPLY] user=13671031951477 duration=2338ms tokens=1254
[7/2/2026, 22:54:24] [INFO] [TRAINER] استخرج 1 معلومة لـ 13671031951477
[7/2/2026, 22:54:24] [WARN] [AI_RATE_LIMIT] تجاوز الحد المسموح (429) — محاولة 1/3
[7/2/2026, 22:54:29] [WARN] [AI_RATE_LIMIT] تجاوز الحد المسموح (429) — محاولة 2/3
[7/2/2026, 22:54:34] [WARN] [AI_RATE_LIMIT] تجاوز الحد المسموح (429) — محاولة 3/3
[7/2/2026, 22:54:36] [WARN] [AI_RATE_LIMIT] تجاوز الحد المسموح (429) — محاولة 1/3
[7/2/2026, 22:54:37] [ERROR] [AI_HANDLE] فشل الرد على 87995608776889: 429 Per-minute request limit reached for your plan. Try again shortly.
[7/2/2026, 22:54:42] [WARN] [AI_RATE_LIMIT] تجاوز الحد المسموح (429) — محاولة 2/3
[7/2/2026, 22:54:47] [WARN] [AI_RATE_LIMIT] تجاوز الحد المسموح (429) — محاولة 3/3
[7/2/2026, 22:54:48] [WARN] [AI_RATE_LIMIT] تجاوز الحد المسموح (429) — محاولة 1/3
[7/2/2026, 22:54:50] [ERROR] [AI_HANDLE] فشل الرد على 13671031951477: 429 Per-minute request limit reached for your plan. Try again shortly.
[7/2/2026, 22:54:53] [WARN] [AI_RATE_LIMIT] تجاوز الحد المسموح (429) — محاولة 2/3
[7/2/2026, 22:54:54] [WARN] [AI_RATE_LIMIT] تجاوز الحد المسموح (429) — محاولة 1/3
[7/2/2026, 22:54:58] [WARN] [AI_RATE_LIMIT] تجاوز الحد المسموح (429) — محاولة 3/3
[7/2/2026, 22:54:58] [WARN] [AI_RATE_LIMIT] تجاوز الحد المسموح (429) — محاولة 2/3
[7/2/2026, 22:55:01] [ERROR] [AI_HANDLE] فشل الرد على 87995608776889: 429 Per-minute request limit reached for your plan. Try again shortly.
[7/2/2026, 22:55:04] [INFO] [AI_REPLY] user=13671031951477 duration=13938ms tokens=1295
[7/2/2026, 22:55:07] [INFO] [AI_REPLY] user=87995608776889 duration=6221ms tokens=1475
[7/2/2026, 22:55:09] [INFO] [TRAINER] استخرج 1 معلومة لـ 87995608776889
[7/2/2026, 22:55:35] [INFO] [AI_REPLY] user=87995608776889 duration=1809ms tokens=1460
[7/2/2026, 22:55:40] [INFO] [AI_REPLY] user=87995608776889 duration=1615ms tokens=1474
[7/2/2026, 22:55:42] [INFO] [TRAINER] استخرج 1 معلومة لـ 87995608776889
[7/2/2026, 22:55:52] [INFO] [AI_REPLY] user=87995608776889 duration=2044ms tokens=1480
[7/2/2026, 22:55:57] [WARN] [AI_RATE_LIMIT] تجاوز الحد المسموح (429) — محاولة 1/3
[7/2/2026, 22:56:02] [INFO] [AI_REPLY] user=87995608776889 duration=8120ms tokens=1486
[7/2/2026, 22:56:04] [INFO] [TRAINER] استخرج 1 معلومة لـ 87995608776889
[7/2/2026, 22:56:18] [INFO] [AI_REPLY] user=87995608776889 duration=2045ms tokens=1475
[7/2/2026, 22:56:21] [INFO] [AI_REPLY] user=87995608776889 duration=2359ms tokens=1474
[7/2/2026, 22:56:30] [INFO] [AI_REPLY] user=87995608776889 duration=1706ms tokens=1474
[7/2/2026, 22:56:33] [INFO] [TRAINER] استخرج 2 معلومة لـ 87995608776889
[7/2/2026, 22:56:54] [INFO] [AI_REPLY] user=87995608776889 duration=2287ms tokens=1460
[7/2/2026, 22:57:02] [INFO] [AI_REPLY] user=87995608776889 duration=4717ms tokens=1453
[7/2/2026, 22:57:06] [INFO] [AI_REPLY] user=87995608776889 duration=2804ms tokens=1446
[7/2/2026, 22:57:09] [INFO] [TRAINER] استخرج 1 معلومة لـ 87995608776889
[7/2/2026, 22:57:10] [INFO] [AI_REPLY] user=114203935383680 duration=8651ms tokens=1211
[7/2/2026, 22:57:12] [INFO] [AI_REPLY] user=87995608776889 duration=3345ms tokens=1445
[7/2/2026, 22:57:16] [INFO] [AI_REPLY] user=87995608776889 duration=1608ms tokens=1433
[7/2/2026, 22:57:18] [INFO] [TRAINER] استخرج 1 معلومة لـ 87995608776889
[7/2/2026, 22:57:21] [WARN] [AI_RATE_LIMIT] تجاوز الحد المسموح (429) — محاولة 1/3
[7/2/2026, 22:57:25] [WARN] [AI_RATE_LIMIT] تجاوز الحد المسموح (429) — محاولة 2/3
[7/2/2026, 22:57:31] [WARN] [AI_RATE_LIMIT] تجاوز الحد المسموح (429) — محاولة 3/3
[7/2/2026, 22:57:34] [ERROR] [AI_HANDLE] فشل الرد على 87995608776889: 429 Per-minute request limit reached for your plan. Try again shortly.
[7/2/2026, 22:57:37] [WARN] [AI_RATE_LIMIT] تجاوز الحد المسموح (429) — محاولة 1/3
[7/2/2026, 22:57:41] [WARN] [AI_RATE_LIMIT] تجاوز الحد المسموح (429) — محاولة 2/3
[7/2/2026, 22:57:47] [WARN] [AI_RATE_LIMIT] تجاوز الحد المسموح (429) — محاولة 3/3
[7/2/2026, 22:57:50] [ERROR] [AI_HANDLE] فشل الرد على 87995608776889: 429 Per-minute request limit reached for your plan. Try again shortly.
[7/2/2026, 22:58:21] [INFO] [AI_REPLY] user=87995608776889 duration=3725ms tokens=1418
[7/2/2026, 22:58:24] [INFO] [AI_REPLY] user=87995608776889 duration=2777ms tokens=1401
[7/2/2026, 22:58:30] [INFO] [AI_REPLY] user=114203935383680 duration=1979ms tokens=1227
[7/2/2026, 22:58:37] [INFO] [AI_REPLY] user=87995608776889 duration=1956ms tokens=1410
[7/2/2026, 22:58:40] [INFO] [TRAINER] استخرج 1 معلومة لـ 87995608776889
[7/2/2026, 22:58:48] [INFO] [AI_REPLY] user=87995608776889 duration=2284ms tokens=1387
[7/2/2026, 22:58:48] [INFO] [AI_REPLY] user=114203935383680 duration=2849ms tokens=1243
[7/2/2026, 22:58:51] [WARN] [AI_RATE_LIMIT] تجاوز الحد المسموح (429) — محاولة 1/3
[7/2/2026, 22:58:51] [WARN] [AI_RATE_LIMIT] تجاوز الحد المسموح (429) — محاولة 1/3
[7/2/2026, 22:58:52] [WARN] [AI_RATE_LIMIT] تجاوز الحد المسموح (429) — محاولة 1/3
[7/2/2026, 22:58:55] [WARN] [AI_RATE_LIMIT] تجاوز الحد المسموح (429) — محاولة 2/3
[7/2/2026, 22:58:55] [WARN] [AI_RATE_LIMIT] تجاوز الحد المسموح (429) — محاولة 2/3
[7/2/2026, 22:58:56] [WARN] [AI_RATE_LIMIT] تجاوز الحد المسموح (429) — محاولة 2/3
[7/2/2026, 22:59:02] [INFO] [AI_REPLY] user=87995608776889 duration=13990ms tokens=1379
[7/2/2026, 22:59:03] [INFO] [AI_REPLY] user=87995608776889 duration=1536ms tokens=1367
[7/2/2026, 22:59:05] [INFO] [AI_REPLY] user=114203935383680 duration=1933ms tokens=1262
[7/2/2026, 22:59:07] [INFO] [AI_REPLY] user=114203935383680 duration=1557ms tokens=1267
[7/2/2026, 22:59:18] [WARN] [AI_RATE_LIMIT] تجاوز الحد المسموح (429) — محاولة 1/3
[7/2/2026, 22:59:22] [WARN] [AI_RATE_LIMIT] تجاوز الحد المسموح (429) — محاولة 2/3
[7/2/2026, 22:59:28] [WARN] [AI_RATE_LIMIT] تجاوز الحد المسموح (429) — محاولة 3/3
[7/2/2026, 22:59:31] [ERROR] [AI_HANDLE] فشل الرد على 87995608776889: 429 Per-minute request limit reached for your plan. Try again shortly.
[7/2/2026, 23:18:38] [INFO] [AI_REPLY] user=176863196483832 duration=1901ms tokens=1216
[7/2/2026, 23:19:51] [INFO] [AI_REPLY] user=176863196483832 duration=2230ms tokens=1225
[7/2/2026, 23:19:58] [INFO] [AI_REPLY] user=176863196483832 duration=7403ms tokens=1234
[7/2/2026, 23:20:03] [INFO] [AI_REPLY] user=176863196483832 duration=2216ms tokens=1248
[7/2/2026, 23:21:24] [INFO] [AI_REPLY] user=216187950657664 duration=1866ms tokens=1223
[7/2/2026, 23:21:27] [INFO] [TRAINER] استخرج 2 معلومة لـ 216187950657664
[7/2/2026, 23:21:44] [INFO] [AI_REPLY] user=216187950657664 duration=2827ms tokens=1254
[7/2/2026, 23:21:53] [INFO] [AI_REPLY] user=216187950657664 duration=8975ms tokens=1284
[7/2/2026, 23:22:17] [INFO] [AI_REPLY] user=216187950657664 duration=7133ms tokens=1320
[7/2/2026, 23:23:12] [INFO] [AI_REPLY] user=216187950657664 duration=3035ms tokens=1353
[7/2/2026, 23:23:25] [INFO] [AI_REPLY] user=216187950657664 duration=1978ms tokens=1366
[7/2/2026, 23:23:44] [INFO] [AI_REPLY] user=216187950657664 duration=1783ms tokens=1378
[7/2/2026, 23:24:06] [INFO] [AI_REPLY] user=216187950657664 duration=3557ms tokens=1398
[7/2/2026, 23:24:36] [INFO] [AI_REPLY] user=216187950657664 duration=3947ms tokens=1448
[7/2/2026, 23:24:48] [INFO] [AI_REPLY] user=216187950657664 duration=1782ms tokens=1434
[7/2/2026, 23:25:08] [INFO] [AI_REPLY] user=216187950657664 duration=2289ms tokens=1440
[7/2/2026, 23:25:20] [INFO] [AI_REPLY] user=216187950657664 duration=3317ms tokens=1427
[7/2/2026, 23:27:54] [INFO] [AI_REPLY] user=216187950657664 duration=2766ms tokens=1422
[7/2/2026, 23:28:17] [INFO] [AI_REPLY] user=216187950657664 duration=1848ms tokens=1396
[7/2/2026, 23:28:30] [INFO] [AI_REPLY] user=216187950657664 duration=3978ms tokens=1399
[7/2/2026, 23:28:44] [INFO] [AI_REPLY] user=216187950657664 duration=3037ms tokens=1407
[7/2/2026, 23:28:58] [INFO] [AI_REPLY] user=216187950657664 duration=5862ms tokens=1398
[7/2/2026, 23:29:12] [INFO] [AI_REPLY] user=216187950657664 duration=3018ms tokens=1371
[7/2/2026, 23:29:30] [INFO] [AI_REPLY] user=216187950657664 duration=5221ms tokens=1384
[7/2/2026, 23:32:18] [ERROR] [AI_AUTH] مفتاح API غير صالح (401) — تحقق من AI1_KEY.
[7/2/2026, 23:32:18] [ERROR] [AI_HANDLE] فشل الرد على 216187950657664: 401 A valid API key is required.
[7/2/2026, 23:32:18] [ERROR] [AI_AUTH] مفتاح API غير صالح (401) — تحقق من AI1_KEY.
[7/2/2026, 23:32:18] [ERROR] [AI_HANDLE] فشل الرد على 216187950657664: 401 A valid API key is required.
[7/2/2026, 23:32:35] [ERROR] [AI_AUTH] مفتاح API غير صالح (401) — تحقق من AI1_KEY.
[7/2/2026, 23:32:35] [ERROR] [AI_HANDLE] فشل الرد على 216187950657664: 401 A valid API key is required.
[7/2/2026, 23:32:43] [ERROR] [AI_AUTH] مفتاح API غير صالح (401) — تحقق من AI1_KEY.
[7/2/2026, 23:32:43] [ERROR] [AI_HANDLE] فشل الرد على 216187950657664: 401 A valid API key is required.
[7/2/2026, 23:33:07] [ERROR] [AI_AUTH] مفتاح API غير صالح (401) — تحقق من AI1_KEY.
[7/2/2026, 23:33:07] [ERROR] [AI_HANDLE] فشل الرد على 216187950657664: 401 A valid API key is required.
[7/2/2026, 23:33:09] [ERROR] [AI_AUTH] مفتاح API غير صالح (401) — تحقق من AI1_KEY.
[7/2/2026, 23:33:09] [ERROR] [AI_HANDLE] فشل الرد على 216187950657664: 401 A valid API key is required.
[7/2/2026, 23:35:05] [ERROR] [AI_AUTH] مفتاح API غير صالح (401) — تحقق من AI1_KEY.
[7/2/2026, 23:35:05] [ERROR] [AI_HANDLE] فشل الرد على 216187950657664: 401 A valid API key is required.
[7/2/2026, 23:35:10] [ERROR] [AI_AUTH] مفتاح API غير صالح (401) — تحقق من AI1_KEY.
[7/2/2026, 23:35:10] [ERROR] [AI_HANDLE] فشل الرد على 216187950657664: 401 A valid API key is required.
[7/2/2026, 23:36:11] [ERROR] [AI_AUTH] مفتاح API غير صالح (401) — تحقق من AI1_KEY.
[7/2/2026, 23:36:11] [ERROR] [AI_HANDLE] فشل الرد على 216187950657664: 401 A valid API key is required.
[7/2/2026, 23:36:12] [ERROR] [AI_AUTH] مفتاح API غير صالح (401) — تحقق من AI1_KEY.
[7/2/2026, 23:36:12] [ERROR] [AI_HANDLE] فشل الرد على 216187950657664: 401 A valid API key is required.
[7/2/2026, 23:36:33] [ERROR] [AI_AUTH] مفتاح API غير صالح (401) — تحقق من AI1_KEY.
[7/2/2026, 23:36:33] [ERROR] [AI_HANDLE] فشل الرد على 216187950657664: 401 A valid API key is required.
[7/2/2026, 23:36:43] [ERROR] [AI_AUTH] مفتاح API غير صالح (401) — تحقق من AI1_KEY.
[7/2/2026, 23:36:43] [ERROR] [AI_HANDLE] فشل الرد على 216187950657664: 401 A valid API key is required.
[7/2/2026, 23:38:58] [ERROR] [AI_AUTH] مفتاح API غير صالح (401) — تحقق من AI1_KEY.
[7/2/2026, 23:38:58] [ERROR] [AI_HANDLE] فشل الرد على 216187950657664: 401 A valid API key is required.
[7/2/2026, 23:39:04] [ERROR] [AI_AUTH] مفتاح API غير صالح (401) — تحقق من AI1_KEY.
[7/2/2026, 23:39:04] [ERROR] [AI_HANDLE] فشل الرد على 216187950657664: 401 A valid API key is required.
[7/2/2026, 23:39:05] [ERROR] [AI_AUTH] مفتاح API غير صالح (401) — تحقق من AI1_KEY.
[7/2/2026, 23:39:05] [ERROR] [AI_HANDLE] فشل الرد على 216187950657664: 401 A valid API key is required.
[7/2/2026, 23:40:01] [ERROR] [AI_AUTH] مفتاح API غير صالح (401) — تحقق من AI1_KEY.
[7/2/2026, 23:40:01] [ERROR] [AI_HANDLE] فشل الرد على 216187950657664: 401 A valid API key is required.
[7/2/2026, 23:40:18] [ERROR] [AI_AUTH] مفتاح API غير صالح (401) — تحقق من AI1_KEY.
[7/2/2026, 23:40:18] [ERROR] [AI_HANDLE] فشل الرد على 216187950657664: 401 A valid API key is required.
[7/2/2026, 23:40:59] [ERROR] [AI_AUTH] مفتاح API غير صالح (401) — تحقق من AI1_KEY.
[7/2/2026, 23:40:59] [ERROR] [AI_HANDLE] فشل الرد على 216187950657664: 401 A valid API key is required.
[7/2/2026, 23:41:10] [ERROR] [AI_AUTH] مفتاح API غير صالح (401) — تحقق من AI1_KEY.
[7/2/2026, 23:41:10] [ERROR] [AI_HANDLE] فشل الرد على 216187950657664: 401 A valid API key is required.
[7/2/2026, 23:41:34] [ERROR] [AI_AUTH] مفتاح API غير صالح (401) — تحقق من AI1_KEY.
[7/2/2026, 23:41:34] [ERROR] [AI_HANDLE] فشل الرد على 216187950657664: 401 A valid API key is required.
[7/2/2026, 23:42:32] [ERROR] [AI_AUTH] مفتاح API غير صالح (401) — تحقق من AI1_KEY.
[7/2/2026, 23:42:32] [ERROR] [AI_HANDLE] فشل الرد على 216187950657664: 401 A valid API key is required.
[7/2/2026, 23:42:52] [ERROR] [AI_AUTH] مفتاح API غير صالح (401) — تحقق من AI1_KEY.
[7/2/2026, 23:42:52] [ERROR] [AI_HANDLE] فشل الرد على 216187950657664: 401 A valid API key is required.
[7/2/2026, 23:44:07] [ERROR] [AI_AUTH] مفتاح API غير صالح (401) — تحقق من AI1_KEY.
[7/2/2026, 23:44:07] [ERROR] [AI_HANDLE] فشل الرد على 216187950657664: 401 A valid API key is required.
[7/2/2026, 23:44:10] [ERROR] [AI_AUTH] مفتاح API غير صالح (401) — تحقق من AI1_KEY.
[7/2/2026, 23:44:10] [ERROR] [AI_HANDLE] فشل الرد على 216187950657664: 401 A valid API key is required.
[7/2/2026, 23:44:13] [ERROR] [AI_AUTH] مفتاح API غير صالح (401) — تحقق من AI1_KEY.
[7/2/2026, 23:44:13] [ERROR] [AI_HANDLE] فشل الرد على 216187950657664: 401 A valid API key is required.
[7/2/2026, 23:44:21] [ERROR] [AI_AUTH] مفتاح API غير صالح (401) — تحقق من AI1_KEY.
[7/2/2026, 23:44:21] [ERROR] [AI_HANDLE] فشل الرد على 216187950657664: 401 A valid API key is required.
[7/2/2026, 23:46:43] [ERROR] [AI_AUTH] مفتاح API غير صالح (401) — تحقق من AI1_KEY.
[7/2/2026, 23:46:43] [ERROR] [AI_HANDLE] فشل الرد على 216187950657664: 401 A valid API key is required.
[7/2/2026, 23:46:54] [ERROR] [AI_AUTH] مفتاح API غير صالح (401) — تحقق من AI1_KEY.
[7/2/2026, 23:46:54] [ERROR] [AI_HANDLE] فشل الرد على 216187950657664: 401 A valid API key is required.
[7/2/2026, 23:47:06] [ERROR] [AI_AUTH] مفتاح API غير صالح (401) — تحقق من AI1_KEY.
[7/2/2026, 23:47:06] [ERROR] [AI_HANDLE] فشل الرد على 216187950657664: 401 A valid API key is required.
[7/2/2026, 23:55:27] [ERROR] [AI_AUTH] مفتاح API غير صالح (401) — تحقق من AI1_KEY.
[7/2/2026, 23:55:27] [ERROR] [AI_HANDLE] فشل الرد على 216187950657664: 401 A valid API key is required.
[7/2/2026, 23:55:59] [ERROR] [AI_AUTH] مفتاح API غير صالح (401) — تحقق من AI1_KEY.
[7/2/2026, 23:55:59] [ERROR] [AI_HANDLE] فشل الرد على 216187950657664: 401 A valid API key is required.
[7/2/2026, 23:56:01] [ERROR] [AI_AUTH] مفتاح API غير صالح (401) — تحقق من AI1_KEY.
[7/2/2026, 23:56:01] [ERROR] [AI_HANDLE] فشل الرد على 216187950657664: 401 A valid API key is required.
[7/2/2026, 23:56:32] [ERROR] [AI_AUTH] مفتاح API غير صالح (401) — تحقق من AI1_KEY.
[7/2/2026, 23:56:32] [ERROR] [AI_HANDLE] فشل الرد على 216187950657664: 401 A valid API key is required.
[7/2/2026, 23:57:39] [ERROR] [AI_AUTH] مفتاح API غير صالح (401) — تحقق من AI1_KEY.
[7/2/2026, 23:57:39] [ERROR] [AI_HANDLE] فشل الرد على 216187950657664: 401 A valid API key is required.
[7/2/2026, 23:57:42] [ERROR] [AI_AUTH] مفتاح API غير صالح (401) — تحقق من AI1_KEY.
[7/2/2026, 23:57:42] [ERROR] [AI_HANDLE] فشل الرد على 216187950657664: 401 A valid API key is required.
[7/2/2026, 23:57:55] [ERROR] [AI_AUTH] مفتاح API غير صالح (401) — تحقق من AI1_KEY.
[7/2/2026, 23:57:55] [ERROR] [AI_HANDLE] فشل الرد على 216187950657664: 401 A valid API key is required.
[7/2/2026, 23:58:04] [ERROR] [AI_AUTH] مفتاح API غير صالح (401) — تحقق من AI1_KEY.
[7/2/2026, 23:58:04] [ERROR] [AI_HANDLE] فشل الرد على 13671031951477: 401 A valid API key is required.
[7/2/2026, 23:58:09] [ERROR] [AI_AUTH] مفتاح API غير صالح (401) — تحقق من AI1_KEY.
[7/2/2026, 23:58:09] [ERROR] [AI_HANDLE] فشل الرد على 216187950657664: 401 A valid API key is required.
[7/2/2026, 23:58:21] [ERROR] [AI_AUTH] مفتاح API غير صالح (401) — تحقق من AI1_KEY.
[7/2/2026, 23:58:21] [ERROR] [AI_HANDLE] فشل الرد على 13671031951477: 401 A valid API key is required.
[7/2/2026, 23:58:30] [ERROR] [AI_AUTH] مفتاح API غير صالح (401) — تحقق من AI1_KEY.
[7/2/2026, 23:58:30] [ERROR] [AI_HANDLE] فشل الرد على 216187950657664: 401 A valid API key is required.
[7/2/2026, 23:58:33] [ERROR] [AI_AUTH] مفتاح API غير صالح (401) — تحقق من AI1_KEY.
[7/2/2026, 23:58:34] [ERROR] [AI_HANDLE] فشل الرد على 136847103680569: 401 A valid API key is required.
[7/2/2026, 23:59:28] [ERROR] [AI_AUTH] مفتاح API غير صالح (401) — تحقق من AI1_KEY.
[7/2/2026, 23:59:28] [ERROR] [AI_HANDLE] فشل الرد على 216187950657664: 401 A valid API key is required.
[7/2/2026, 23:59:55] [ERROR] [AI_AUTH] مفتاح API غير صالح (401) — تحقق من AI1_KEY.
[7/2/2026, 23:59:55] [ERROR] [AI_HANDLE] فشل الرد على 216187950657664: 401 A valid API key is required.
[7/3/2026, 24:00:36] [ERROR] [AI_AUTH] مفتاح API غير صالح (401) — تحقق من AI1_KEY.
[7/3/2026, 24:00:36] [ERROR] [AI_HANDLE] فشل الرد على 136847103680569: 401 A valid API key is required.
[7/3/2026, 24:01:11] [ERROR] [AI_AUTH] مفتاح API غير صالح (401) — تحقق من AI1_KEY.
[7/3/2026, 24:01:11] [ERROR] [AI_HANDLE] فشل الرد على 216187950657664: 401 A valid API key is required.
[7/3/2026, 24:01:36] [ERROR] [AI_AUTH] مفتاح API غير صالح (401) — تحقق من AI1_KEY.
[7/3/2026, 24:01:36] [ERROR] [AI_HANDLE] فشل الرد على 136847103680569: 401 A valid API key is required.
[7/3/2026, 24:01:37] [ERROR] [AI_AUTH] مفتاح API غير صالح (401) — تحقق من AI1_KEY.
[7/3/2026, 24:01:37] [ERROR] [AI_HANDLE] فشل الرد على 136847103680569: 401 A valid API key is required.
[7/3/2026, 24:01:39] [ERROR] [AI_AUTH] مفتاح API غير صالح (401) — تحقق من AI1_KEY.
[7/3/2026, 24:01:39] [ERROR] [AI_HANDLE] فشل الرد على 136847103680569: 401 A valid API key is required.
[7/3/2026, 24:01:49] [ERROR] [AI_AUTH] مفتاح API غير صالح (401) — تحقق من AI1_KEY.
[7/3/2026, 24:01:49] [ERROR] [AI_HANDLE] فشل الرد على 136847103680569: 401 A valid API key is required.
[7/3/2026, 24:01:58] [ERROR] [AI_AUTH] مفتاح API غير صالح (401) — تحقق من AI1_KEY.
[7/3/2026, 24:01:58] [ERROR] [AI_HANDLE] فشل الرد على 216187950657664: 401 A valid API key is required.
[7/3/2026, 24:02:28] [ERROR] [AI_AUTH] مفتاح API غير صالح (401) — تحقق من AI1_KEY.
[7/3/2026, 24:02:28] [ERROR] [AI_HANDLE] فشل الرد على 136847103680569: 401 A valid API key is required.
[7/3/2026, 24:04:22] [ERROR] [AI_AUTH] مفتاح API غير صالح (401) — تحقق من AI1_KEY.
[7/3/2026, 24:04:22] [ERROR] [AI_HANDLE] فشل الرد على 136847103680569: 401 A valid API key is required.
[7/3/2026, 24:04:32] [ERROR] [AI_AUTH] مفتاح API غير صالح (401) — تحقق من AI1_KEY.
[7/3/2026, 24:04:32] [ERROR] [AI_HANDLE] فشل الرد على 216187950657664: 401 A valid API key is required.
[7/3/2026, 24:04:54] [ERROR] [AI_AUTH] مفتاح API غير صالح (401) — تحقق من AI1_KEY.
[7/3/2026, 24:04:54] [ERROR] [AI_HANDLE] فشل الرد على 216187950657664: 401 A valid API key is required.
[7/3/2026, 24:05:25] [ERROR] [AI_AUTH] مفتاح API غير صالح (401) — تحقق من AI1_KEY.
[7/3/2026, 24:05:25] [ERROR] [AI_HANDLE] فشل الرد على 216187950657664: 401 A valid API key is required.
[7/3/2026, 24:07:11] [ERROR] [AI_AUTH] مفتاح API غير صالح (401) — تحقق من AI1_KEY.
[7/3/2026, 24:07:11] [ERROR] [AI_HANDLE] فشل الرد على 216187950657664: 401 A valid API key is required.
[7/3/2026, 24:07:29] [ERROR] [AI_AUTH] مفتاح API غير صالح (401) — تحقق من AI1_KEY.
[7/3/2026, 24:07:29] [ERROR] [AI_HANDLE] فشل الرد على 216187950657664: 401 A valid API key is required.
[7/3/2026, 24:07:31] [ERROR] [AI_AUTH] مفتاح API غير صالح (401) — تحقق من AI1_KEY.
[7/3/2026, 24:07:31] [ERROR] [AI_HANDLE] فشل الرد على 216187950657664: 401 A valid API key is required.
[7/3/2026, 24:15:03] [ERROR] [AI_AUTH] مفتاح API غير صالح (401) — تحقق من AI1_KEY.
[7/3/2026, 24:15:03] [ERROR] [AI_HANDLE] فشل الرد على 216187950657664: 401 A valid API key is required.
[7/3/2026, 24:15:08] [ERROR] [AI_AUTH] مفتاح API غير صالح (401) — تحقق من AI1_KEY.
[7/3/2026, 24:15:08] [ERROR] [AI_HANDLE] فشل الرد على 216187950657664: 401 A valid API key is required.
[7/3/2026, 24:23:02] [ERROR] [AI_AUTH] مفتاح API غير صالح (401) — تحقق من AI1_KEY.
[7/3/2026, 24:23:02] [ERROR] [AI_HANDLE] فشل الرد على 216187950657664: 401 A valid API key is required.
[7/3/2026, 24:30:46] [ERROR] [AI_AUTH] مفتاح API غير صالح (401) — تحقق من AI1_KEY.
[7/3/2026, 24:30:46] [ERROR] [AI_HANDLE] فشل الرد على 136847103680569: 401 A valid API key is required.
[7/3/2026, 11:58:32] [ERROR] [AI_AUTH] مفتاح API غير صالح (401) — تحقق من AI1_KEY.
[7/3/2026, 11:58:32] [ERROR] [AI_HANDLE] فشل الرد على 136847103680569: 401 A valid API key is required.
[7/3/2026, 11:58:33] [ERROR] [AI_AUTH] مفتاح API غير صالح (401) — تحقق من AI1_KEY.
[7/3/2026, 11:58:33] [ERROR] [AI_HANDLE] فشل الرد على 194665752068153: 401 A valid API key is required.
[7/3/2026, 11:58:35] [ERROR] [AI_AUTH] مفتاح API غير صالح (401) — تحقق من AI1_KEY.
[7/3/2026, 11:58:35] [ERROR] [AI_HANDLE] فشل الرد على 136847103680569: 401 A valid API key is required.
[7/3/2026, 11:58:35] [ERROR] [AI_AUTH] مفتاح API غير صالح (401) — تحقق من AI1_KEY.
[7/3/2026, 11:58:35] [ERROR] [AI_HANDLE] فشل الرد على 136847103680569: 401 A valid API key is required.
[7/3/2026, 11:58:36] [ERROR] [AI_AUTH] مفتاح API غير صالح (401) — تحقق من AI1_KEY.
[7/3/2026, 11:58:36] [ERROR] [AI_HANDLE] فشل الرد على 136847103680569: 401 A valid API key is required.
[7/3/2026, 11:58:38] [ERROR] [AI_AUTH] مفتاح API غير صالح (401) — تحقق من AI1_KEY.
[7/3/2026, 11:58:38] [ERROR] [AI_HANDLE] فشل الرد على 136847103680569: 401 A valid API key is required.
[7/3/2026, 11:58:38] [ERROR] [AI_AUTH] مفتاح API غير صالح (401) — تحقق من AI1_KEY.
[7/3/2026, 11:58:38] [ERROR] [AI_HANDLE] فشل الرد على 216187950657664: 401 A valid API key is required.
[7/3/2026, 11:58:38] [ERROR] [AI_AUTH] مفتاح API غير صالح (401) — تحقق من AI1_KEY.
[7/3/2026, 11:58:38] [ERROR] [AI_HANDLE] فشل الرد على 136847103680569: 401 A valid API key is required.
[7/3/2026, 11:58:40] [ERROR] [AI_AUTH] مفتاح API غير صالح (401) — تحقق من AI1_KEY.
[7/3/2026, 11:58:40] [ERROR] [AI_HANDLE] فشل الرد على 136847103680569: 401 A valid API key is required.
[7/3/2026, 11:58:40] [ERROR] [AI_AUTH] مفتاح API غير صالح (401) — تحقق من AI1_KEY.
[7/3/2026, 11:58:40] [ERROR] [AI_HANDLE] فشل الرد على 136847103680569: 401 A valid API key is required.
[7/3/2026, 11:58:40] [ERROR] [AI_AUTH] مفتاح API غير صالح (401) — تحقق من AI1_KEY.
[7/3/2026, 11:58:40] [ERROR] [AI_HANDLE] فشل الرد على 136847103680569: 401 A valid API key is required.
[7/3/2026, 11:58:41] [ERROR] [AI_AUTH] مفتاح API غير صالح (401) — تحقق من AI1_KEY.
[7/3/2026, 11:58:41] [ERROR] [AI_HANDLE] فشل الرد على 136847103680569: 401 A valid API key is required.
[7/3/2026, 11:58:42] [ERROR] [AI_AUTH] مفتاح API غير صالح (401) — تحقق من AI1_KEY.
[7/3/2026, 11:58:42] [ERROR] [AI_HANDLE] فشل الرد على 198122982608910: 401 A valid API key is required.
[7/3/2026, 11:58:42] [ERROR] [AI_AUTH] مفتاح API غير صالح (401) — تحقق من AI1_KEY.
[7/3/2026, 11:58:42] [ERROR] [AI_HANDLE] فشل الرد على 136847103680569: 401 A valid API key is required.
[7/3/2026, 11:58:42] [ERROR] [AI_AUTH] مفتاح API غير صالح (401) — تحقق من AI1_KEY.
[7/3/2026, 11:58:42] [ERROR] [AI_HANDLE] فشل الرد على 152707780374581: 401 A valid API key is required.
[7/3/2026, 11:58:43] [ERROR] [AI_AUTH] مفتاح API غير صالح (401) — تحقق من AI1_KEY.
[7/3/2026, 11:58:43] [ERROR] [AI_HANDLE] فشل الرد على 198122982608910: 401 A valid API key is required.
[7/3/2026, 11:58:43] [ERROR] [AI_AUTH] مفتاح API غير صالح (401) — تحقق من AI1_KEY.
[7/3/2026, 11:58:43] [ERROR] [AI_HANDLE] فشل الرد على 152707780374581: 401 A valid API key is required.
[7/3/2026, 11:58:43] [ERROR] [AI_AUTH] مفتاح API غير صالح (401) — تحقق من AI1_KEY.
[7/3/2026, 11:58:43] [ERROR] [AI_HANDLE] فشل الرد على 152707780374581: 401 A valid API key is required.
[7/3/2026, 11:58:44] [ERROR] [AI_AUTH] مفتاح API غير صالح (401) — تحقق من AI1_KEY.
[7/3/2026, 11:58:44] [ERROR] [AI_HANDLE] فشل الرد على 198122982608910: 401 A valid API key is required.
[7/3/2026, 11:58:44] [ERROR] [AI_AUTH] مفتاح API غير صالح (401) — تحقق من AI1_KEY.
[7/3/2026, 11:58:44] [ERROR] [AI_HANDLE] فشل الرد على 194665752068153: 401 A valid API key is required.
[7/3/2026, 11:58:51] [ERROR] [AI_AUTH] مفتاح API غير صالح (401) — تحقق من AI1_KEY.
[7/3/2026, 11:58:51] [ERROR] [AI_HANDLE] فشل الرد على 202091733737690: 401 A valid API key is required.
[7/3/2026, 11:58:53] [ERROR] [AI_AUTH] مفتاح API غير صالح (401) — تحقق من AI1_KEY.
[7/3/2026, 11:58:53] [ERROR] [AI_HANDLE] فشل الرد على 202091733737690: 401 A valid API key is required.
[7/3/2026, 12:00:27] [INFO] [AI_REPLY] user=202091733737690 duration=4802ms tokens=1212
[7/3/2026, 12:01:00] [INFO] [AI_REPLY] user=202091733737690 duration=2035ms tokens=1231
[7/3/2026, 12:01:45] [INFO] [AI_REPLY] user=202091733737690 duration=3976ms tokens=1269
[7/3/2026, 12:01:51] [INFO] [TRAINER] استخرج 1 معلومة لـ 202091733737690
[7/3/2026, 14:35:26] [INFO] [AI_REPLY] user=202091733737690 duration=4658ms tokens=1328
[7/3/2026, 14:35:33] [INFO] [AI_REPLY] user=202091733737690 duration=7167ms tokens=1390
[7/3/2026, 14:35:34] [INFO] [TRAINER] استخرج 1 معلومة لـ 202091733737690
[7/3/2026, 14:35:35] [INFO] [AI_REPLY] user=157685597097989 duration=5764ms tokens=1216
[7/3/2026, 14:36:32] [ERROR] [AI_AUTH] مفتاح API غير صالح (401) — تحقق من AI1_KEY.
[7/3/2026, 14:36:32] [ERROR] [AI_HANDLE] فشل الرد على 157685597097989: 401 A valid API key is required.
[7/3/2026, 14:36:34] [ERROR] [AI_AUTH] مفتاح API غير صالح (401) — تحقق من AI1_KEY.
[7/3/2026, 14:36:34] [ERROR] [AI_HANDLE] فشل الرد على 157685597097989: 401 A valid API key is required.
[7/3/2026, 14:36:34] [ERROR] [AI_AUTH] مفتاح API غير صالح (401) — تحقق من AI1_KEY.
[7/3/2026, 14:36:34] [ERROR] [AI_HANDLE] فشل الرد على 157685597097989: 401 A valid API key is required.
[7/3/2026, 14:36:34] [ERROR] [AI_AUTH] مفتاح API غير صالح (401) — تحقق من AI1_KEY.
[7/3/2026, 14:36:34] [ERROR] [AI_HANDLE] فشل الرد على 157685597097989: 401 A valid API key is required.
[7/3/2026, 14:36:41] [ERROR] [AI_AUTH] مفتاح API غير صالح (401) — تحقق من AI1_KEY.
[7/3/2026, 14:36:41] [ERROR] [AI_HANDLE] فشل الرد على 157685597097989: 401 A valid API key is required.
[7/3/2026, 14:37:54] [ERROR] [AI_AUTH] مفتاح API غير صالح (401) — تحقق من AI1_KEY.
[7/3/2026, 14:37:54] [ERROR] [AI_HANDLE] فشل الرد على 157685597097989: 401 A valid API key is required.
[7/3/2026, 14:37:56] [ERROR] [AI_AUTH] مفتاح API غير صالح (401) — تحقق من AI1_KEY.
[7/3/2026, 14:37:56] [ERROR] [AI_HANDLE] فشل الرد على 157685597097989: 401 A valid API key is required.
[7/3/2026, 14:38:34] [ERROR] [AI_AUTH] مفتاح API غير صالح (401) — تحقق من AI1_KEY.
[7/3/2026, 14:38:34] [ERROR] [AI_HANDLE] فشل الرد على 157685597097989: 401 A valid API key is required.
[7/3/2026, 14:39:00] [ERROR] [AI_AUTH] مفتاح API غير صالح (401) — تحقق من AI1_KEY.
[7/3/2026, 14:39:00] [ERROR] [AI_HANDLE] فشل الرد على 157685597097989: 401 A valid API key is required.
[7/3/2026, 14:39:05] [ERROR] [AI_AUTH] مفتاح API غير صالح (401) — تحقق من AI1_KEY.
[7/3/2026, 14:39:05] [ERROR] [AI_HANDLE] فشل الرد على 157685597097989: 401 A valid API key is required.
[7/3/2026, 14:39:31] [ERROR] [AI_AUTH] مفتاح API غير صالح (401) — تحقق من AI1_KEY.
[7/3/2026, 14:39:31] [ERROR] [AI_HANDLE] فشل الرد على 157685597097989: 401 A valid API key is required.
[7/3/2026, 14:39:31] [ERROR] [AI_AUTH] مفتاح API غير صالح (401) — تحقق من AI1_KEY.
[7/3/2026, 14:39:31] [ERROR] [AI_HANDLE] فشل الرد على 157685597097989: 401 A valid API key is required.
[7/3/2026, 14:39:37] [ERROR] [AI_AUTH] مفتاح API غير صالح (401) — تحقق من AI1_KEY.
[7/3/2026, 14:39:37] [ERROR] [AI_HANDLE] فشل الرد على 157685597097989: 401 A valid API key is required.
[7/3/2026, 14:40:01] [ERROR] [AI_AUTH] مفتاح API غير صالح (401) — تحقق من AI1_KEY.
[7/3/2026, 14:40:01] [ERROR] [AI_HANDLE] فشل الرد على 157685597097989: 401 A valid API key is required.
[7/3/2026, 14:40:02] [ERROR] [AI_AUTH] مفتاح API غير صالح (401) — تحقق من AI1_KEY.
[7/3/2026, 14:40:02] [ERROR] [AI_HANDLE] فشل الرد على 157685597097989: 401 A valid API key is required.
[7/3/2026, 14:41:55] [ERROR] [AI_AUTH] مفتاح API غير صالح (401) — تحقق من AI1_KEY.
[7/3/2026, 14:41:55] [ERROR] [AI_HANDLE] فشل الرد على 157685597097989: 401 A valid API key is required.
[7/3/2026, 14:42:07] [ERROR] [AI_AUTH] مفتاح API غير صالح (401) — تحقق من AI1_KEY.
[7/3/2026, 14:42:07] [ERROR] [AI_HANDLE] فشل الرد على 157685597097989: 401 A valid API key is required.
[7/3/2026, 14:42:09] [ERROR] [AI_AUTH] مفتاح API غير صالح (401) — تحقق من AI1_KEY.
[7/3/2026, 14:42:09] [ERROR] [AI_HANDLE] فشل الرد على 157685597097989: 401 A valid API key is required.
[7/3/2026, 14:42:28] [ERROR] [AI_AUTH] مفتاح API غير صالح (401) — تحقق من AI1_KEY.
[7/3/2026, 14:42:28] [ERROR] [AI_HANDLE] فشل الرد على 157685597097989: 401 A valid API key is required.
[7/3/2026, 14:42:38] [ERROR] [AI_AUTH] مفتاح API غير صالح (401) — تحقق من AI1_KEY.
[7/3/2026, 14:42:38] [ERROR] [AI_HANDLE] فشل الرد على 157685597097989: 401 A valid API key is required.
[7/3/2026, 14:46:35] [ERROR] [AI_AUTH] مفتاح API غير صالح (401) — تحقق من AI1_KEY.
[7/3/2026, 14:46:35] [ERROR] [AI_HANDLE] فشل الرد على 157685597097989: 401 A valid API key is required.
[7/3/2026, 14:46:43] [ERROR] [AI_AUTH] مفتاح API غير صالح (401) — تحقق من AI1_KEY.
[7/3/2026, 14:46:43] [ERROR] [AI_HANDLE] فشل الرد على 157685597097989: 401 A valid API key is required.
[7/3/2026, 14:46:52] [ERROR] [AI_AUTH] مفتاح API غير صالح (401) — تحقق من AI1_KEY.
[7/3/2026, 14:46:52] [ERROR] [AI_HANDLE] فشل الرد على 157685597097989: 401 A valid API key is required.
[7/3/2026, 14:47:15] [ERROR] [AI_AUTH] مفتاح API غير صالح (401) — تحقق من AI1_KEY.
[7/3/2026, 14:47:15] [ERROR] [AI_HANDLE] فشل الرد على 157685597097989: 401 A valid API key is required.
[7/3/2026, 14:47:22] [ERROR] [AI_AUTH] مفتاح API غير صالح (401) — تحقق من AI1_KEY.
[7/3/2026, 14:47:22] [ERROR] [AI_HANDLE] فشل الرد على 157685597097989: 401 A valid API key is required.
[7/3/2026, 23:45:58] [ERROR] [AI_AUTH] مفتاح API غير صالح (401) — تحقق من AI1_KEY.
[7/3/2026, 23:45:59] [ERROR] [AI_HANDLE] فشل الرد على 132113529622621: 401 A valid API key is required.
[7/3/2026, 23:46:39] [ERROR] [AI_AUTH] مفتاح API غير صالح (401) — تحقق من AI1_KEY.
[7/3/2026, 23:46:39] [ERROR] [AI_HANDLE] فشل الرد على 132113529622621: 401 A valid API key is required.
[7/3/2026, 23:46:42] [ERROR] [AI_AUTH] مفتاح API غير صالح (401) — تحقق من AI1_KEY.
[7/3/2026, 23:46:42] [ERROR] [AI_HANDLE] فشل الرد على 132113529622621: 401 A valid API key is required.
[7/3/2026, 23:46:43] [ERROR] [AI_AUTH] مفتاح API غير صالح (401) — تحقق من AI1_KEY.
[7/3/2026, 23:46:43] [ERROR] [AI_HANDLE] فشل الرد على 132113529622621: 401 A valid API key is required.
[7/3/2026, 23:46:45] [ERROR] [AI_AUTH] مفتاح API غير صالح (401) — تحقق من AI1_KEY.
[7/3/2026, 23:46:45] [ERROR] [AI_HANDLE] فشل الرد على 132113529622621: 401 A valid API key is required.
[7/3/2026, 23:47:09] [ERROR] [AI_AUTH] مفتاح API غير صالح (401) — تحقق من AI1_KEY.
[7/3/2026, 23:47:09] [ERROR] [AI_HANDLE] فشل الرد على 132113529622621: 401 A valid API key is required.
[7/3/2026, 23:47:42] [ERROR] [AI_AUTH] مفتاح API غير صالح (401) — تحقق من AI1_KEY.
[7/3/2026, 23:47:42] [ERROR] [AI_HANDLE] فشل الرد على 132113529622621: 401 A valid API key is required.
[7/3/2026, 23:49:06] [ERROR] [AI_AUTH] مفتاح API غير صالح (401) — تحقق من AI1_KEY.
[7/3/2026, 23:49:06] [ERROR] [AI_HANDLE] فشل الرد على 132113529622621: 401 A valid API key is required.
[7/4/2026, 24:07:24] [ERROR] [AI_AUTH] مفتاح API غير صالح (401) — تحقق من AI1_KEY.
[7/4/2026, 24:07:24] [ERROR] [AI_HANDLE] فشل الرد على 279354051404020: 401 A valid API key is required.
[7/4/2026, 24:07:31] [ERROR] [AI_AUTH] مفتاح API غير صالح (401) — تحقق من AI1_KEY.
[7/4/2026, 24:07:31] [ERROR] [AI_HANDLE] فشل الرد على 20728116195551: 401 A valid API key is required.
[7/4/2026, 24:07:53] [ERROR] [AI_AUTH] مفتاح API غير صالح (401) — تحقق من AI1_KEY.
[7/4/2026, 24:07:53] [ERROR] [AI_HANDLE] فشل الرد على 120727705546843: 401 A valid API key is required.
[7/4/2026, 24:07:56] [ERROR] [AI_AUTH] مفتاح API غير صالح (401) — تحقق من AI1_KEY.
[7/4/2026, 24:07:56] [ERROR] [AI_HANDLE] فشل الرد على 26608043868412: 401 A valid API key is required.
[7/4/2026, 24:08:39] [ERROR] [AI_AUTH] مفتاح API غير صالح (401) — تحقق من AI1_KEY.
[7/4/2026, 24:08:39] [ERROR] [AI_HANDLE] فشل الرد على 233470764810461: 401 A valid API key is required.
[7/4/2026, 24:09:41] [ERROR] [AI_AUTH] مفتاح API غير صالح (401) — تحقق من AI1_KEY.
[7/4/2026, 24:09:41] [ERROR] [AI_HANDLE] فشل الرد على 120727705546843: 401 A valid API key is required.
[7/4/2026, 24:09:56] [ERROR] [AI_AUTH] مفتاح API غير صالح (401) — تحقق من AI1_KEY.
[7/4/2026, 24:09:56] [ERROR] [AI_HANDLE] فشل الرد على 77524663033976: 401 A valid API key is required.
[7/4/2026, 24:10:02] [ERROR] [AI_AUTH] مفتاح API غير صالح (401) — تحقق من AI1_KEY.
[7/4/2026, 24:10:02] [ERROR] [AI_HANDLE] فشل الرد على 48744322076923: 401 A valid API key is required.
[7/4/2026, 24:10:08] [ERROR] [AI_AUTH] مفتاح API غير صالح (401) — تحقق من AI1_KEY.
[7/4/2026, 24:10:08] [ERROR] [AI_HANDLE] فشل الرد على 48744322076923: 401 A valid API key is required.
[7/4/2026, 24:10:10] [ERROR] [AI_AUTH] مفتاح API غير صالح (401) — تحقق من AI1_KEY.
[7/4/2026, 24:10:10] [ERROR] [AI_HANDLE] فشل الرد على 77524663033976: 401 A valid API key is required.
[7/4/2026, 24:10:18] [ERROR] [AI_AUTH] مفتاح API غير صالح (401) — تحقق من AI1_KEY.
[7/4/2026, 24:10:18] [ERROR] [AI_HANDLE] فشل الرد على 48744322076923: 401 A valid API key is required.
[7/4/2026, 24:10:42] [ERROR] [AI_AUTH] مفتاح API غير صالح (401) — تحقق من AI1_KEY.
[7/4/2026, 24:10:42] [ERROR] [AI_HANDLE] فشل الرد على 77524663033976: 401 A valid API key is required.
[7/4/2026, 24:10:51] [ERROR] [AI_AUTH] مفتاح API غير صالح (401) — تحقق من AI1_KEY.
[7/4/2026, 24:10:51] [ERROR] [AI_HANDLE] فشل الرد على 77524663033976: 401 A valid API key is required.
[7/4/2026, 24:11:34] [ERROR] [AI_AUTH] مفتاح API غير صالح (401) — تحقق من AI1_KEY.
[7/4/2026, 24:11:34] [ERROR] [AI_HANDLE] فشل الرد على 77524663033976: 401 A valid API key is required.
[7/4/2026, 24:11:49] [ERROR] [AI_AUTH] مفتاح API غير صالح (401) — تحقق من AI1_KEY.
[7/4/2026, 24:11:49] [ERROR] [AI_HANDLE] فشل الرد على 48744322076923: 401 A valid API key is required.
[7/4/2026, 24:11:52] [ERROR] [AI_AUTH] مفتاح API غير صالح (401) — تحقق من AI1_KEY.
[7/4/2026, 24:11:52] [ERROR] [AI_HANDLE] فشل الرد على 48744322076923: 401 A valid API key is required.
[7/4/2026, 24:11:52] [ERROR] [AI_AUTH] مفتاح API غير صالح (401) — تحقق من AI1_KEY.
[7/4/2026, 24:11:52] [ERROR] [AI_HANDLE] فشل الرد على 77524663033976: 401 A valid API key is required.
[7/4/2026, 24:12:25] [ERROR] [AI_AUTH] مفتاح API غير صالح (401) — تحقق من AI1_KEY.
[7/4/2026, 24:12:25] [ERROR] [AI_HANDLE] فشل الرد على 77524663033976: 401 A valid API key is required.
[7/4/2026, 24:12:42] [ERROR] [AI_AUTH] مفتاح API غير صالح (401) — تحقق من AI1_KEY.
[7/4/2026, 24:12:42] [ERROR] [AI_HANDLE] فشل الرد على 48744322076923: 401 A valid API key is required.
[7/4/2026, 24:12:43] [ERROR] [AI_AUTH] مفتاح API غير صالح (401) — تحقق من AI1_KEY.
[7/4/2026, 24:12:43] [ERROR] [AI_HANDLE] فشل الرد على 26608043868412: 401 A valid API key is required.
[7/4/2026, 24:12:55] [ERROR] [AI_AUTH] مفتاح API غير صالح (401) — تحقق من AI1_KEY.
[7/4/2026, 24:12:55] [ERROR] [AI_HANDLE] فشل الرد على 26608043868412: 401 A valid API key is required.
[7/4/2026, 24:13:02] [ERROR] [AI_AUTH] مفتاح API غير صالح (401) — تحقق من AI1_KEY.
[7/4/2026, 24:13:02] [ERROR] [AI_HANDLE] فشل الرد على 77524663033976: 401 A valid API key is required.
[7/4/2026, 24:13:11] [ERROR] [AI_AUTH] مفتاح API غير صالح (401) — تحقق من AI1_KEY.
[7/4/2026, 24:13:11] [ERROR] [AI_HANDLE] فشل الرد على 77524663033976: 401 A valid API key is required.
[7/4/2026, 24:13:18] [ERROR] [AI_AUTH] مفتاح API غير صالح (401) — تحقق من AI1_KEY.
[7/4/2026, 24:13:18] [ERROR] [AI_HANDLE] فشل الرد على 77524663033976: 401 A valid API key is required.
[7/4/2026, 24:13:23] [ERROR] [AI_AUTH] مفتاح API غير صالح (401) — تحقق من AI1_KEY.
[7/4/2026, 24:13:23] [ERROR] [AI_HANDLE] فشل الرد على 13671031951477: 401 A valid API key is required.
[7/4/2026, 24:13:29] [ERROR] [AI_AUTH] مفتاح API غير صالح (401) — تحقق من AI1_KEY.
[7/4/2026, 24:13:29] [ERROR] [AI_HANDLE] فشل الرد على 77524663033976: 401 A valid API key is required.
[7/4/2026, 24:14:09] [ERROR] [AI_AUTH] مفتاح API غير صالح (401) — تحقق من AI1_KEY.
[7/4/2026, 24:14:09] [ERROR] [AI_HANDLE] فشل الرد على 77524663033976: 401 A valid API key is required.
[7/4/2026, 24:14:18] [ERROR] [AI_AUTH] مفتاح API غير صالح (401) — تحقق من AI1_KEY.
[7/4/2026, 24:14:18] [ERROR] [AI_HANDLE] فشل الرد على 233470764810461: 401 A valid API key is required.
[7/4/2026, 24:14:19] [ERROR] [AI_AUTH] مفتاح API غير صالح (401) — تحقق من AI1_KEY.
[7/4/2026, 24:14:19] [ERROR] [AI_HANDLE] فشل الرد على 13671031951477: 401 A valid API key is required.
[7/4/2026, 24:14:19] [ERROR] [AI_AUTH] مفتاح API غير صالح (401) — تحقق من AI1_KEY.
[7/4/2026, 24:14:19] [ERROR] [AI_HANDLE] فشل الرد على 233470764810461: 401 A valid API key is required.
[7/4/2026, 24:15:04] [ERROR] [AI_AUTH] مفتاح API غير صالح (401) — تحقق من AI1_KEY.
[7/4/2026, 24:15:04] [ERROR] [AI_HANDLE] فشل الرد على 26608043868412: 401 A valid API key is required.
[7/4/2026, 24:15:07] [ERROR] [AI_AUTH] مفتاح API غير صالح (401) — تحقق من AI1_KEY.
[7/4/2026, 24:15:07] [ERROR] [AI_HANDLE] فشل الرد على 233470764810461: 401 A valid API key is required.
[7/4/2026, 24:15:13] [ERROR] [AI_AUTH] مفتاح API غير صالح (401) — تحقق من AI1_KEY.
[7/4/2026, 24:15:13] [ERROR] [AI_HANDLE] فشل الرد على 26608043868412: 401 A valid API key is required.
[7/4/2026, 24:15:19] [ERROR] [AI_AUTH] مفتاح API غير صالح (401) — تحقق من AI1_KEY.
[7/4/2026, 24:15:19] [ERROR] [AI_HANDLE] فشل الرد على 26608043868412: 401 A valid API key is required.
[7/4/2026, 24:15:27] [ERROR] [AI_AUTH] مفتاح API غير صالح (401) — تحقق من AI1_KEY.
[7/4/2026, 24:15:27] [ERROR] [AI_HANDLE] فشل الرد على 26608043868412: 401 A valid API key is required.
[7/4/2026, 24:15:39] [ERROR] [AI_AUTH] مفتاح API غير صالح (401) — تحقق من AI1_KEY.
[7/4/2026, 24:15:39] [ERROR] [AI_HANDLE] فشل الرد على 73032295030989: 401 A valid API key is required.
[7/4/2026, 24:16:00] [ERROR] [AI_AUTH] مفتاح API غير صالح (401) — تحقق من AI1_KEY.
[7/4/2026, 24:16:00] [ERROR] [AI_HANDLE] فشل الرد على 26608043868412: 401 A valid API key is required.
[7/4/2026, 24:16:03] [ERROR] [AI_AUTH] مفتاح API غير صالح (401) — تحقق من AI1_KEY.
[7/4/2026, 24:16:03] [ERROR] [AI_HANDLE] فشل الرد على 26608043868412: 401 A valid API key is required.
[7/4/2026, 24:17:15] [ERROR] [AI_AUTH] مفتاح API غير صالح (401) — تحقق من AI1_KEY.
[7/4/2026, 24:17:15] [ERROR] [AI_HANDLE] فشل الرد على 202091733737690: 401 A valid API key is required.
[7/4/2026, 24:17:24] [ERROR] [AI_AUTH] مفتاح API غير صالح (401) — تحقق من AI1_KEY.
[7/4/2026, 24:17:24] [ERROR] [AI_HANDLE] فشل الرد على 202091733737690: 401 A valid API key is required.
[7/4/2026, 24:17:26] [ERROR] [AI_AUTH] مفتاح API غير صالح (401) — تحقق من AI1_KEY.
[7/4/2026, 24:17:26] [ERROR] [AI_HANDLE] فشل الرد على 202091733737690: 401 A valid API key is required.
[7/4/2026, 24:17:56] [ERROR] [AI_AUTH] مفتاح API غير صالح (401) — تحقق من AI1_KEY.
[7/4/2026, 24:17:56] [ERROR] [AI_HANDLE] فشل الرد على 48744322076923: 401 A valid API key is required.
[7/4/2026, 24:17:58] [ERROR] [AI_AUTH] مفتاح API غير صالح (401) — تحقق من AI1_KEY.
[7/4/2026, 24:17:58] [ERROR] [AI_HANDLE] فشل الرد على 202091733737690: 401 A valid API key is required.
[7/4/2026, 24:18:07] [ERROR] [AI_AUTH] مفتاح API غير صالح (401) — تحقق من AI1_KEY.
[7/4/2026, 24:18:07] [ERROR] [AI_HANDLE] فشل الرد على 202091733737690: 401 A valid API key is required.
[7/4/2026, 24:18:19] [ERROR] [AI_AUTH] مفتاح API غير صالح (401) — تحقق من AI1_KEY.
[7/4/2026, 24:18:19] [ERROR] [AI_HANDLE] فشل الرد على 202091733737690: 401 A valid API key is required.
[7/4/2026, 24:19:03] [ERROR] [AI_AUTH] مفتاح API غير صالح (401) — تحقق من AI1_KEY.
[7/4/2026, 24:19:03] [ERROR] [AI_HANDLE] فشل الرد على 77524663033976: 401 A valid API key is required.
[7/4/2026, 24:19:29] [ERROR] [AI_AUTH] مفتاح API غير صالح (401) — تحقق من AI1_KEY.
[7/4/2026, 24:19:29] [ERROR] [AI_HANDLE] فشل الرد على 202091733737690: 401 A valid API key is required.
[7/4/2026, 24:19:56] [ERROR] [AI_AUTH] مفتاح API غير صالح (401) — تحقق من AI1_KEY.
[7/4/2026, 24:19:56] [ERROR] [AI_HANDLE] فشل الرد على 152707780374581: 401 A valid API key is required.
[7/4/2026, 24:21:12] [ERROR] [AI_AUTH] مفتاح API غير صالح (401) — تحقق من AI1_KEY.
[7/4/2026, 24:21:12] [ERROR] [AI_HANDLE] فشل الرد على 13671031951477: 401 A valid API key is required.
[7/4/2026, 24:21:17] [ERROR] [AI_AUTH] مفتاح API غير صالح (401) — تحقق من AI1_KEY.
[7/4/2026, 24:21:17] [ERROR] [AI_HANDLE] فشل الرد على 13671031951477: 401 A valid API key is required.
[7/4/2026, 24:21:50] [ERROR] [AI_AUTH] مفتاح API غير صالح (401) — تحقق من AI1_KEY.
[7/4/2026, 24:21:50] [ERROR] [AI_HANDLE] فشل الرد على 123884707782834: 401 A valid API key is required.
[7/4/2026, 24:21:53] [ERROR] [AI_AUTH] مفتاح API غير صالح (401) — تحقق من AI1_KEY.
[7/4/2026, 24:21:53] [ERROR] [AI_HANDLE] فشل الرد على 123884707782834: 401 A valid API key is required.
[7/4/2026, 24:21:56] [ERROR] [AI_AUTH] مفتاح API غير صالح (401) — تحقق من AI1_KEY.
[7/4/2026, 24:21:56] [ERROR] [AI_HANDLE] فشل الرد على 13671031951477: 401 A valid API key is required.
[7/4/2026, 24:22:02] [ERROR] [AI_AUTH] مفتاح API غير صالح (401) — تحقق من AI1_KEY.
[7/4/2026, 24:22:02] [ERROR] [AI_HANDLE] فشل الرد على 77524663033976: 401 A valid API key is required.
[7/4/2026, 24:22:26] [ERROR] [AI_AUTH] مفتاح API غير صالح (401) — تحقق من AI1_KEY.
[7/4/2026, 24:22:26] [ERROR] [AI_HANDLE] فشل الرد على 202091733737690: 401 A valid API key is required.
[7/4/2026, 24:22:27] [ERROR] [AI_AUTH] مفتاح API غير صالح (401) — تحقق من AI1_KEY.
[7/4/2026, 24:22:27] [ERROR] [AI_HANDLE] فشل الرد على 123884707782834: 401 A valid API key is required.
[7/4/2026, 24:22:52] [ERROR] [AI_AUTH] مفتاح API غير صالح (401) — تحقق من AI1_KEY.
[7/4/2026, 24:22:52] [ERROR] [AI_HANDLE] فشل الرد على 202091733737690: 401 A valid API key is required.
[7/4/2026, 24:22:57] [ERROR] [AI_AUTH] مفتاح API غير صالح (401) — تحقق من AI1_KEY.
[7/4/2026, 24:22:57] [ERROR] [AI_HANDLE] فشل الرد على 123884707782834: 401 A valid API key is required.
[7/4/2026, 24:23:20] [ERROR] [AI_AUTH] مفتاح API غير صالح (401) — تحقق من AI1_KEY.
[7/4/2026, 24:23:20] [ERROR] [AI_HANDLE] فشل الرد على 152707780374581: 401 A valid API key is required.
[7/4/2026, 24:23:21] [ERROR] [AI_AUTH] مفتاح API غير صالح (401) — تحقق من AI1_KEY.
[7/4/2026, 24:23:21] [ERROR] [AI_HANDLE] فشل الرد على 13671031951477: 401 A valid API key is required.
[7/4/2026, 24:23:27] [ERROR] [AI_AUTH] مفتاح API غير صالح (401) — تحقق من AI1_KEY.
[7/4/2026, 24:23:27] [ERROR] [AI_HANDLE] فشل الرد على 13671031951477: 401 A valid API key is required.
[7/4/2026, 24:23:28] [ERROR] [AI_AUTH] مفتاح API غير صالح (401) — تحقق من AI1_KEY.
[7/4/2026, 24:23:28] [ERROR] [AI_HANDLE] فشل الرد على 13671031951477: 401 A valid API key is required.
[7/4/2026, 24:23:30] [ERROR] [AI_AUTH] مفتاح API غير صالح (401) — تحقق من AI1_KEY.
[7/4/2026, 24:23:30] [ERROR] [AI_HANDLE] فشل الرد على 152707780374581: 401 A valid API key is required.
[7/4/2026, 24:23:33] [ERROR] [AI_AUTH] مفتاح API غير صالح (401) — تحقق من AI1_KEY.
[7/4/2026, 24:23:33] [ERROR] [AI_HANDLE] فشل الرد على 152707780374581: 401 A valid API key is required.
[7/4/2026, 24:23:49] [ERROR] [AI_AUTH] مفتاح API غير صالح (401) — تحقق من AI1_KEY.
[7/4/2026, 24:23:49] [ERROR] [AI_HANDLE] فشل الرد على 123884707782834: 401 A valid API key is required.
[7/4/2026, 24:24:26] [ERROR] [AI_AUTH] مفتاح API غير صالح (401) — تحقق من AI1_KEY.
[7/4/2026, 24:24:26] [ERROR] [AI_HANDLE] فشل الرد على 123884707782834: 401 A valid API key is required.
[7/4/2026, 24:25:27] [ERROR] [AI_AUTH] مفتاح API غير صالح (401) — تحقق من AI1_KEY.
[7/4/2026, 24:25:27] [ERROR] [AI_HANDLE] فشل الرد على 123884707782834: 401 A valid API key is required.
[7/4/2026, 24:26:36] [ERROR] [AI_AUTH] مفتاح API غير صالح (401) — تحقق من AI1_KEY.
[7/4/2026, 24:26:36] [ERROR] [AI_HANDLE] فشل الرد على 123884707782834: 401 A valid API key is required.
[7/4/2026, 24:26:47] [ERROR] [AI_AUTH] مفتاح API غير صالح (401) — تحقق من AI1_KEY.
[7/4/2026, 24:26:47] [ERROR] [AI_HANDLE] فشل الرد على 152707780374581: 401 A valid API key is required.
[7/4/2026, 24:27:00] [ERROR] [AI_AUTH] مفتاح API غير صالح (401) — تحقق من AI1_KEY.
[7/4/2026, 24:27:00] [ERROR] [AI_HANDLE] فشل الرد على 202091733737690: 401 A valid API key is required.
[7/4/2026, 24:27:46] [ERROR] [AI_AUTH] مفتاح API غير صالح (401) — تحقق من AI1_KEY.
[7/4/2026, 24:27:46] [ERROR] [AI_HANDLE] فشل الرد على 123884707782834: 401 A valid API key is required.
[7/4/2026, 24:27:50] [ERROR] [AI_AUTH] مفتاح API غير صالح (401) — تحقق من AI1_KEY.
[7/4/2026, 24:27:50] [ERROR] [AI_HANDLE] فشل الرد على 123884707782834: 401 A valid API key is required.
[7/4/2026, 24:27:52] [ERROR] [AI_AUTH] مفتاح API غير صالح (401) — تحقق من AI1_KEY.
[7/4/2026, 24:27:52] [ERROR] [AI_HANDLE] فشل الرد على 123884707782834: 401 A valid API key is required.
[7/4/2026, 24:27:55] [ERROR] [AI_AUTH] مفتاح API غير صالح (401) — تحقق من AI1_KEY.
[7/4/2026, 24:27:55] [ERROR] [AI_HANDLE] فشل الرد على 123884707782834: 401 A valid API key is required.
[7/4/2026, 24:27:59] [ERROR] [AI_AUTH] مفتاح API غير صالح (401) — تحقق من AI1_KEY.
[7/4/2026, 24:27:59] [ERROR] [AI_HANDLE] فشل الرد على 123884707782834: 401 A valid API key is required.
[7/4/2026, 24:28:01] [ERROR] [AI_AUTH] مفتاح API غير صالح (401) — تحقق من AI1_KEY.
[7/4/2026, 24:28:01] [ERROR] [AI_HANDLE] فشل الرد على 123884707782834: 401 A valid API key is required.
[7/4/2026, 24:28:09] [ERROR] [AI_AUTH] مفتاح API غير صالح (401) — تحقق من AI1_KEY.
[7/4/2026, 24:28:09] [ERROR] [AI_HANDLE] فشل الرد على 123884707782834: 401 A valid API key is required.
[7/4/2026, 24:28:11] [ERROR] [AI_AUTH] مفتاح API غير صالح (401) — تحقق من AI1_KEY.
[7/4/2026, 24:28:11] [ERROR] [AI_HANDLE] فشل الرد على 123884707782834: 401 A valid API key is required.
[7/4/2026, 24:28:18] [ERROR] [AI_AUTH] مفتاح API غير صالح (401) — تحقق من AI1_KEY.
[7/4/2026, 24:28:18] [ERROR] [AI_HANDLE] فشل الرد على 123884707782834: 401 A valid API key is required.
[7/4/2026, 24:28:32] [ERROR] [AI_AUTH] مفتاح API غير صالح (401) — تحقق من AI1_KEY.
[7/4/2026, 24:28:32] [ERROR] [AI_HANDLE] فشل الرد على 202091733737690: 401 A valid API key is required.
[7/4/2026, 24:28:32] [ERROR] [AI_AUTH] مفتاح API غير صالح (401) — تحقق من AI1_KEY.
[7/4/2026, 24:28:32] [ERROR] [AI_HANDLE] فشل الرد على 202091733737690: 401 A valid API key is required.
[7/4/2026, 24:28:40] [ERROR] [AI_AUTH] مفتاح API غير صالح (401) — تحقق من AI1_KEY.
[7/4/2026, 24:28:40] [ERROR] [AI_HANDLE] فشل الرد على 202091733737690: 401 A valid API key is required.
[7/4/2026, 24:28:48] [ERROR] [AI_AUTH] مفتاح API غير صالح (401) — تحقق من AI1_KEY.
[7/4/2026, 24:28:48] [ERROR] [AI_HANDLE] فشل الرد على 123884707782834: 401 A valid API key is required.
[7/4/2026, 24:29:14] [ERROR] [AI_AUTH] مفتاح API غير صالح (401) — تحقق من AI1_KEY.
[7/4/2026, 24:29:14] [ERROR] [AI_HANDLE] فشل الرد على 123884707782834: 401 A valid API key is required.
[7/4/2026, 24:29:14] [ERROR] [AI_AUTH] مفتاح API غير صالح (401) — تحقق من AI1_KEY.
[7/4/2026, 24:29:14] [ERROR] [AI_HANDLE] فشل الرد على 123884707782834: 401 A valid API key is required.
[7/4/2026, 24:30:08] [ERROR] [AI_UNKNOWN] Connection error.
[7/4/2026, 24:30:08] [ERROR] [AI_HANDLE] فشل الرد على 123884707782834: Connection error.
[7/4/2026, 24:30:22] [ERROR] [AI_AUTH] مفتاح API غير صالح (401) — تحقق من AI1_KEY.
[7/4/2026, 24:30:22] [ERROR] [AI_HANDLE] فشل الرد على 123884707782834: 401 A valid API key is required.
[7/4/2026, 24:30:23] [ERROR] [AI_AUTH] مفتاح API غير صالح (401) — تحقق من AI1_KEY.
[7/4/2026, 24:30:23] [ERROR] [AI_HANDLE] فشل الرد على 123884707782834: 401 A valid API key is required.
[7/4/2026, 24:30:23] [ERROR] [AI_AUTH] مفتاح API غير صالح (401) — تحقق من AI1_KEY.
[7/4/2026, 24:30:23] [ERROR] [AI_HANDLE] فشل الرد على 123884707782834: 401 A valid API key is required.
[7/4/2026, 24:30:32] [ERROR] [AI_AUTH] مفتاح API غير صالح (401) — تحقق من AI1_KEY.
[7/4/2026, 24:30:32] [ERROR] [AI_HANDLE] فشل الرد على 123884707782834: 401 A valid API key is required.
[7/4/2026, 24:30:53] [ERROR] [AI_AUTH] مفتاح API غير صالح (401) — تحقق من AI1_KEY.
[7/4/2026, 24:30:53] [ERROR] [AI_HANDLE] فشل الرد على 123884707782834: 401 A valid API key is required.
[7/4/2026, 24:30:55] [ERROR] [AI_AUTH] مفتاح API غير صالح (401) — تحقق من AI1_KEY.
[7/4/2026, 24:30:55] [ERROR] [AI_HANDLE] فشل الرد على 123884707782834: 401 A valid API key is required.
[7/4/2026, 24:32:02] [ERROR] [AI_AUTH] مفتاح API غير صالح (401) — تحقق من AI1_KEY.
[7/4/2026, 24:32:02] [ERROR] [AI_HANDLE] فشل الرد على 123884707782834: 401 A valid API key is required.
[7/4/2026, 24:32:11] [ERROR] [AI_AUTH] مفتاح API غير صالح (401) — تحقق من AI1_KEY.
[7/4/2026, 24:32:11] [ERROR] [AI_HANDLE] فشل الرد على 152707780374581: 401 A valid API key is required.
[7/4/2026, 24:32:54] [ERROR] [AI_AUTH] مفتاح API غير صالح (401) — تحقق من AI1_KEY.
[7/4/2026, 24:32:54] [ERROR] [AI_HANDLE] فشل الرد على 123884707782834: 401 A valid API key is required.
[7/4/2026, 24:33:03] [ERROR] [AI_AUTH] مفتاح API غير صالح (401) — تحقق من AI1_KEY.
[7/4/2026, 24:33:03] [ERROR] [AI_HANDLE] فشل الرد على 123884707782834: 401 A valid API key is required.
[7/4/2026, 24:33:24] [ERROR] [AI_AUTH] مفتاح API غير صالح (401) — تحقق من AI1_KEY.
[7/4/2026, 24:33:24] [ERROR] [AI_HANDLE] فشل الرد على 123884707782834: 401 A valid API key is required.
[7/4/2026, 24:36:48] [ERROR] [AI_AUTH] مفتاح API غير صالح (401) — تحقق من AI1_KEY.
[7/4/2026, 24:36:48] [ERROR] [AI_HANDLE] فشل الرد على 123884707782834: 401 A valid API key is required.
[7/4/2026, 24:41:05] [ERROR] [AI_AUTH] مفتاح API غير صالح (401) — تحقق من AI1_KEY.
[7/4/2026, 24:41:05] [ERROR] [AI_HANDLE] فشل الرد على 152707780374581: 401 A valid API key is required.
[7/4/2026, 24:42:05] [ERROR] [AI_AUTH] مفتاح API غير صالح (401) — تحقق من AI1_KEY.
[7/4/2026, 24:42:05] [ERROR] [AI_HANDLE] فشل الرد على 152707780374581: 401 A valid API key is required.
[7/4/2026, 24:42:05] [ERROR] [AI_AUTH] مفتاح API غير صالح (401) — تحقق من AI1_KEY.
[7/4/2026, 24:42:05] [ERROR] [AI_HANDLE] فشل الرد على 13671031951477: 401 A valid API key is required.
[7/4/2026, 24:42:44] [ERROR] [AI_AUTH] مفتاح API غير صالح (401) — تحقق من AI1_KEY.
[7/4/2026, 24:42:44] [ERROR] [AI_HANDLE] فشل الرد على 4471715303558: 401 A valid API key is required.
[7/4/2026, 24:45:00] [ERROR] [AI_AUTH] مفتاح API غير صالح (401) — تحقق من AI1_KEY.
[7/4/2026, 24:45:00] [ERROR] [AI_HANDLE] فشل الرد على 152707780374581: 401 A valid API key is required.
[7/4/2026, 24:45:39] [ERROR] [AI_AUTH] مفتاح API غير صالح (401) — تحقق من AI1_KEY.
[7/4/2026, 24:45:39] [ERROR] [AI_HANDLE] فشل الرد على 152707780374581: 401 A valid API key is required.
[7/4/2026, 24:45:42] [ERROR] [AI_AUTH] مفتاح API غير صالح (401) — تحقق من AI1_KEY.
[7/4/2026, 24:45:42] [ERROR] [AI_HANDLE] فشل الرد على 13671031951477: 401 A valid API key is required.
[7/4/2026, 24:45:56] [ERROR] [AI_AUTH] مفتاح API غير صالح (401) — تحقق من AI1_KEY.
[7/4/2026, 24:45:56] [ERROR] [AI_HANDLE] فشل الرد على 13671031951477: 401 A valid API key is required.
[7/4/2026, 24:46:05] [ERROR] [AI_AUTH] مفتاح API غير صالح (401) — تحقق من AI1_KEY.
[7/4/2026, 24:46:05] [ERROR] [AI_HANDLE] فشل الرد على 152707780374581: 401 A valid API key is required.
[7/4/2026, 24:46:07] [ERROR] [AI_AUTH] مفتاح API غير صالح (401) — تحقق من AI1_KEY.
[7/4/2026, 24:46:07] [ERROR] [AI_HANDLE] فشل الرد على 13671031951477: 401 A valid API key is required.
[7/4/2026, 24:51:30] [ERROR] [AI_AUTH] مفتاح API غير صالح (401) — تحقق من AI1_KEY.
[7/4/2026, 24:51:30] [ERROR] [AI_HANDLE] فشل الرد على 152707780374581: 401 A valid API key is required.
[7/4/2026, 24:57:28] [ERROR] [AI_AUTH] مفتاح API غير صالح (401) — تحقق من AI1_KEY.
[7/4/2026, 24:57:28] [ERROR] [AI_HANDLE] فشل الرد على 13671031951477: 401 A valid API key is required.
[7/4/2026, 01:06:20] [ERROR] [AI_AUTH] مفتاح API غير صالح (401) — تحقق من AI1_KEY.
[7/4/2026, 01:06:20] [ERROR] [AI_HANDLE] فشل الرد على 152707780374581: 401 A valid API key is required.
[7/4/2026, 01:06:30] [ERROR] [AI_AUTH] مفتاح API غير صالح (401) — تحقق من AI1_KEY.
[7/4/2026, 01:06:30] [ERROR] [AI_HANDLE] فشل الرد على 152707780374581: 401 A valid API key is required.
[7/4/2026, 01:10:56] [ERROR] [AI_AUTH] مفتاح API غير صالح (401) — تحقق من AI1_KEY.
[7/4/2026, 01:10:56] [ERROR] [AI_HANDLE] فشل الرد على 279354051404020: 401 A valid API key is required.
[7/4/2026, 01:11:03] [ERROR] [AI_AUTH] مفتاح API غير صالح (401) — تحقق من AI1_KEY.
[7/4/2026, 01:11:03] [ERROR] [AI_HANDLE] فشل الرد على 279354051404020: 401 A valid API key is required.
[7/4/2026, 01:11:13] [ERROR] [AI_AUTH] مفتاح API غير صالح (401) — تحقق من AI1_KEY.
[7/4/2026, 01:11:13] [ERROR] [AI_HANDLE] فشل الرد على 279354051404020: 401 A valid API key is required.
[7/4/2026, 01:12:03] [ERROR] [AI_AUTH] مفتاح API غير صالح (401) — تحقق من AI1_KEY.
[7/4/2026, 01:12:03] [ERROR] [AI_HANDLE] فشل الرد على 279354051404020: 401 A valid API key is required.
[7/4/2026, 01:12:19] [ERROR] [AI_AUTH] مفتاح API غير صالح (401) — تحقق من AI1_KEY.
[7/4/2026, 01:12:19] [ERROR] [AI_HANDLE] فشل الرد على 279354051404020: 401 A valid API key is required.
[7/4/2026, 01:13:06] [ERROR] [AI_AUTH] مفتاح API غير صالح (401) — تحقق من AI1_KEY.
[7/4/2026, 01:13:06] [ERROR] [AI_HANDLE] فشل الرد على 279354051404020: 401 A valid API key is required.
[7/4/2026, 01:13:40] [ERROR] [AI_AUTH] مفتاح API غير صالح (401) — تحقق من AI1_KEY.
[7/4/2026, 01:13:40] [ERROR] [AI_HANDLE] فشل الرد على 279354051404020: 401 A valid API key is required.
[7/4/2026, 01:14:20] [ERROR] [AI_AUTH] مفتاح API غير صالح (401) — تحقق من AI1_KEY.
[7/4/2026, 01:14:20] [ERROR] [AI_HANDLE] فشل الرد على 279354051404020: 401 A valid API key is required.
[7/4/2026, 01:22:09] [ERROR] [AI_AUTH] مفتاح API غير صالح (401) — تحقق من AI1_KEY.
[7/4/2026, 01:22:09] [ERROR] [AI_HANDLE] فشل الرد على 279354051404020: 401 A valid API key is required.
[7/4/2026, 01:22:16] [ERROR] [AI_AUTH] مفتاح API غير صالح (401) — تحقق من AI1_KEY.
[7/4/2026, 01:22:16] [ERROR] [AI_HANDLE] فشل الرد على 279354051404020: 401 A valid API key is required.
[7/4/2026, 01:23:08] [ERROR] [AI_AUTH] مفتاح API غير صالح (401) — تحقق من AI1_KEY.
[7/4/2026, 01:23:08] [ERROR] [AI_HANDLE] فشل الرد على 279354051404020: 401 A valid API key is required.
[7/4/2026, 01:24:40] [ERROR] [AI_AUTH] مفتاح API غير صالح (401) — تحقق من AI1_KEY.
[7/4/2026, 01:24:40] [ERROR] [AI_HANDLE] فشل الرد على 279354051404020: 401 A valid API key is required.
[7/4/2026, 01:33:04] [ERROR] [AI_AUTH] مفتاح API غير صالح (401) — تحقق من AI1_KEY.
[7/4/2026, 01:33:04] [ERROR] [AI_HANDLE] فشل الرد على 279354051404020: 401 A valid API key is required.
[7/4/2026, 01:33:33] [ERROR] [AI_AUTH] مفتاح API غير صالح (401) — تحقق من AI1_KEY.
[7/4/2026, 01:33:33] [ERROR] [AI_HANDLE] فشل الرد على 279354051404020: 401 A valid API key is required.
[7/4/2026, 01:33:33] [ERROR] [AI_AUTH] مفتاح API غير صالح (401) — تحقق من AI1_KEY.
[7/4/2026, 01:33:33] [ERROR] [AI_HANDLE] فشل الرد على 87995608776889: 401 A valid API key is required.
[7/4/2026, 01:34:46] [ERROR] [AI_AUTH] مفتاح API غير صالح (401) — تحقق من AI1_KEY.
[7/4/2026, 01:34:46] [ERROR] [AI_HANDLE] فشل الرد على 279354051404020: 401 A valid API key is required.
[7/4/2026, 01:35:59] [ERROR] [AI_AUTH] مفتاح API غير صالح (401) — تحقق من AI1_KEY.
[7/4/2026, 01:35:59] [ERROR] [AI_HANDLE] فشل الرد على 26608043868412: 401 A valid API key is required.
[7/4/2026, 03:05:40] [ERROR] [AI_AUTH] مفتاح API غير صالح (401) — تحقق من AI1_KEY.
[7/4/2026, 03:05:40] [ERROR] [AI_HANDLE] فشل الرد على 279354051404020: 401 A valid API key is required.
[7/4/2026, 03:11:10] [ERROR] [AI_AUTH] مفتاح API غير صالح (401) — تحقق من AI1_KEY.
[7/4/2026, 03:11:10] [ERROR] [AI_HANDLE] فشل الرد على 127256307470473: 401 A valid API key is required.
[7/4/2026, 03:12:15] [ERROR] [AI_AUTH] مفتاح API غير صالح (401) — تحقق من AI1_KEY.
[7/4/2026, 03:12:15] [ERROR] [AI_HANDLE] فشل الرد على 127256307470473: 401 A valid API key is required.
[7/4/2026, 03:13:05] [ERROR] [AI_AUTH] مفتاح API غير صالح (401) — تحقق من AI1_KEY.
[7/4/2026, 03:13:05] [ERROR] [AI_HANDLE] فشل الرد على 127256307470473: 401 A valid API key is required.
[7/4/2026, 03:13:11] [ERROR] [AI_AUTH] مفتاح API غير صالح (401) — تحقق من AI1_KEY.
[7/4/2026, 03:13:11] [ERROR] [AI_HANDLE] فشل الرد على 127256307470473: 401 A valid API key is required.
[7/4/2026, 03:13:20] [ERROR] [AI_AUTH] مفتاح API غير صالح (401) — تحقق من AI1_KEY.
[7/4/2026, 03:13:20] [ERROR] [AI_HANDLE] فشل الرد على 127256307470473: 401 A valid API key is required.
[7/4/2026, 03:13:31] [ERROR] [AI_AUTH] مفتاح API غير صالح (401) — تحقق من AI1_KEY.
[7/4/2026, 03:13:31] [ERROR] [AI_HANDLE] فشل الرد على 127256307470473: 401 A valid API key is required.
[7/4/2026, 03:13:40] [ERROR] [AI_AUTH] مفتاح API غير صالح (401) — تحقق من AI1_KEY.
[7/4/2026, 03:13:40] [ERROR] [AI_HANDLE] فشل الرد على 127256307470473: 401 A valid API key is required.
[7/4/2026, 03:15:08] [ERROR] [AI_AUTH] مفتاح API غير صالح (401) — تحقق من AI1_KEY.
[7/4/2026, 03:15:08] [ERROR] [AI_HANDLE] فشل الرد على 127256307470473: 401 A valid API key is required.
[7/4/2026, 03:16:05] [ERROR] [AI_AUTH] مفتاح API غير صالح (401) — تحقق من AI1_KEY.
[7/4/2026, 03:16:05] [ERROR] [AI_HANDLE] فشل الرد على 127256307470473: 401 A valid API key is required.
[7/4/2026, 03:21:07] [ERROR] [AI_AUTH] مفتاح API غير صالح (401) — تحقق من AI1_KEY.
[7/4/2026, 03:21:07] [ERROR] [AI_HANDLE] فشل الرد على 279354051404020: 401 A valid API key is required.
[7/4/2026, 14:04:34] [ERROR] [AI_AUTH] مفتاح API غير صالح (401) — تحقق من AI1_KEY.
[7/4/2026, 14:04:34] [ERROR] [AI_HANDLE] فشل الرد على 202091733737690: 401 A valid API key is required.
[7/4/2026, 14:04:35] [ERROR] [AI_AUTH] مفتاح API غير صالح (401) — تحقق من AI1_KEY.
[7/4/2026, 14:04:35] [ERROR] [AI_HANDLE] فشل الرد على 202091733737690: 401 A valid API key is required.
[7/4/2026, 14:04:41] [ERROR] [AI_AUTH] مفتاح API غير صالح (401) — تحقق من AI1_KEY.
[7/4/2026, 14:04:41] [ERROR] [AI_HANDLE] فشل الرد على 279354051404020: 401 A valid API key is required.
[7/4/2026, 14:04:50] [ERROR] [AI_AUTH] مفتاح API غير صالح (401) — تحقق من AI1_KEY.
[7/4/2026, 14:04:50] [ERROR] [AI_HANDLE] فشل الرد على 87995608776889: 401 A valid API key is required.
[7/4/2026, 14:04:50] [ERROR] [AI_AUTH] مفتاح API غير صالح (401) — تحقق من AI1_KEY.
[7/4/2026, 14:04:50] [ERROR] [AI_HANDLE] فشل الرد على 202091733737690: 401 A valid API key is required.
[7/4/2026, 14:04:50] [ERROR] [AI_AUTH] مفتاح API غير صالح (401) — تحقق من AI1_KEY.
[7/4/2026, 14:04:50] [ERROR] [AI_HANDLE] فشل الرد على 202091733737690: 401 A valid API key is required.
[7/4/2026, 14:04:50] [ERROR] [AI_AUTH] مفتاح API غير صالح (401) — تحقق من AI1_KEY.
[7/4/2026, 14:04:50] [ERROR] [AI_HANDLE] فشل الرد على 168737084846263: 401 A valid API key is required.
[7/4/2026, 14:04:51] [ERROR] [AI_AUTH] مفتاح API غير صالح (401) — تحقق من AI1_KEY.
[7/4/2026, 14:04:51] [ERROR] [AI_HANDLE] فشل الرد على 202091733737690: 401 A valid API key is required.
[7/4/2026, 14:04:51] [ERROR] [AI_AUTH] مفتاح API غير صالح (401) — تحقق من AI1_KEY.
[7/4/2026, 14:04:51] [ERROR] [AI_HANDLE] فشل الرد على 202091733737690: 401 A valid API key is required.
[7/4/2026, 14:04:51] [ERROR] [AI_AUTH] مفتاح API غير صالح (401) — تحقق من AI1_KEY.
[7/4/2026, 14:04:51] [ERROR] [AI_HANDLE] فشل الرد على 202091733737690: 401 A valid API key is required.
[7/4/2026, 14:04:51] [ERROR] [AI_AUTH] مفتاح API غير صالح (401) — تحقق من AI1_KEY.
[7/4/2026, 14:04:51] [ERROR] [AI_HANDLE] فشل الرد على 57991000764627: 401 A valid API key is required.
[7/4/2026, 14:04:52] [ERROR] [AI_AUTH] مفتاح API غير صالح (401) — تحقق من AI1_KEY.
[7/4/2026, 14:04:52] [ERROR] [AI_HANDLE] فشل الرد على 57991000764627: 401 A valid API key is required.
[7/4/2026, 14:04:52] [ERROR] [AI_AUTH] مفتاح API غير صالح (401) — تحقق من AI1_KEY.
[7/4/2026, 14:04:52] [ERROR] [AI_HANDLE] فشل الرد على 57991000764627: 401 A valid API key is required.
[7/4/2026, 14:04:52] [ERROR] [AI_AUTH] مفتاح API غير صالح (401) — تحقق من AI1_KEY.
[7/4/2026, 14:04:52] [ERROR] [AI_HANDLE] فشل الرد على 57991000764627: 401 A valid API key is required.
[7/4/2026, 14:04:53] [ERROR] [AI_AUTH] مفتاح API غير صالح (401) — تحقق من AI1_KEY.
[7/4/2026, 14:04:53] [ERROR] [AI_HANDLE] فشل الرد على 57991000764627: 401 A valid API key is required.
[7/4/2026, 14:04:53] [ERROR] [AI_AUTH] مفتاح API غير صالح (401) — تحقق من AI1_KEY.
[7/4/2026, 14:04:53] [ERROR] [AI_HANDLE] فشل الرد على 57991000764627: 401 A valid API key is required.
[7/4/2026, 14:04:53] [ERROR] [AI_AUTH] مفتاح API غير صالح (401) — تحقق من AI1_KEY.
[7/4/2026, 14:04:53] [ERROR] [AI_HANDLE] فشل الرد على 57991000764627: 401 A valid API key is required.
[7/4/2026, 14:04:54] [ERROR] [AI_AUTH] مفتاح API غير صالح (401) — تحقق من AI1_KEY.
[7/4/2026, 14:04:54] [ERROR] [AI_HANDLE] فشل الرد على 57991000764627: 401 A valid API key is required.
[7/4/2026, 14:04:54] [ERROR] [AI_AUTH] مفتاح API غير صالح (401) — تحقق من AI1_KEY.
[7/4/2026, 14:04:54] [ERROR] [AI_HANDLE] فشل الرد على 202091733737690: 401 A valid API key is required.
[7/4/2026, 14:04:54] [ERROR] [AI_AUTH] مفتاح API غير صالح (401) — تحقق من AI1_KEY.
[7/4/2026, 14:04:54] [ERROR] [AI_HANDLE] فشل الرد على 57991000764627: 401 A valid API key is required.
[7/4/2026, 14:04:55] [ERROR] [AI_AUTH] مفتاح API غير صالح (401) — تحقق من AI1_KEY.
[7/4/2026, 14:04:55] [ERROR] [AI_HANDLE] فشل الرد على 57991000764627: 401 A valid API key is required.
[7/4/2026, 14:04:55] [ERROR] [AI_AUTH] مفتاح API غير صالح (401) — تحقق من AI1_KEY.
[7/4/2026, 14:04:55] [ERROR] [AI_HANDLE] فشل الرد على 57991000764627: 401 A valid API key is required.
[7/4/2026, 14:04:55] [ERROR] [AI_AUTH] مفتاح API غير صالح (401) — تحقق من AI1_KEY.
[7/4/2026, 14:04:55] [ERROR] [AI_HANDLE] فشل الرد على 57991000764627: 401 A valid API key is required.
[7/4/2026, 14:04:55] [ERROR] [AI_AUTH] مفتاح API غير صالح (401) — تحقق من AI1_KEY.
[7/4/2026, 14:04:55] [ERROR] [AI_HANDLE] فشل الرد على 57991000764627: 401 A valid API key is required.
[7/4/2026, 14:04:56] [ERROR] [AI_AUTH] مفتاح API غير صالح (401) — تحقق من AI1_KEY.
[7/4/2026, 14:04:56] [ERROR] [AI_HANDLE] فشل الرد على 202091733737690: 401 A valid API key is required.
[7/4/2026, 14:04:56] [ERROR] [AI_AUTH] مفتاح API غير صالح (401) — تحقق من AI1_KEY.
[7/4/2026, 14:04:56] [ERROR] [AI_HANDLE] فشل الرد على 202091733737690: 401 A valid API key is required.
[7/4/2026, 14:04:56] [ERROR] [AI_AUTH] مفتاح API غير صالح (401) — تحقق من AI1_KEY.
[7/4/2026, 14:04:56] [ERROR] [AI_HANDLE] فشل الرد على 57991000764627: 401 A valid API key is required.
[7/4/2026, 14:04:56] [ERROR] [AI_AUTH] مفتاح API غير صالح (401) — تحقق من AI1_KEY.
[7/4/2026, 14:04:56] [ERROR] [AI_HANDLE] فشل الرد على 57991000764627: 401 A valid API key is required.
[7/4/2026, 14:04:57] [ERROR] [AI_AUTH] مفتاح API غير صالح (401) — تحقق من AI1_KEY.
[7/4/2026, 14:04:57] [ERROR] [AI_HANDLE] فشل الرد على 57991000764627: 401 A valid API key is required.
[7/4/2026, 14:04:57] [ERROR] [AI_AUTH] مفتاح API غير صالح (401) — تحقق من AI1_KEY.
[7/4/2026, 14:04:57] [ERROR] [AI_HANDLE] فشل الرد على 57991000764627: 401 A valid API key is required.
[7/4/2026, 14:04:57] [ERROR] [AI_AUTH] مفتاح API غير صالح (401) — تحقق من AI1_KEY.
[7/4/2026, 14:04:57] [ERROR] [AI_HANDLE] فشل الرد على 57991000764627: 401 A valid API key is required.
[7/4/2026, 14:04:58] [ERROR] [AI_AUTH] مفتاح API غير صالح (401) — تحقق من AI1_KEY.
[7/4/2026, 14:04:58] [ERROR] [AI_HANDLE] فشل الرد على 57991000764627: 401 A valid API key is required.
[7/4/2026, 14:04:58] [ERROR] [AI_AUTH] مفتاح API غير صالح (401) — تحقق من AI1_KEY.
[7/4/2026, 14:04:58] [ERROR] [AI_HANDLE] فشل الرد على 202091733737690: 401 A valid API key is required.
[7/4/2026, 14:04:58] [ERROR] [AI_AUTH] مفتاح API غير صالح (401) — تحقق من AI1_KEY.
[7/4/2026, 14:04:58] [ERROR] [AI_HANDLE] فشل الرد على 202091733737690: 401 A valid API key is required.
[7/4/2026, 14:04:58] [ERROR] [AI_AUTH] مفتاح API غير صالح (401) — تحقق من AI1_KEY.
[7/4/2026, 14:04:58] [ERROR] [AI_HANDLE] فشل الرد على 202091733737690: 401 A valid API key is required.
[7/4/2026, 14:04:59] [ERROR] [AI_AUTH] مفتاح API غير صالح (401) — تحقق من AI1_KEY.
[7/4/2026, 14:04:59] [ERROR] [AI_HANDLE] فشل الرد على 202091733737690: 401 A valid API key is required.
[7/4/2026, 14:04:59] [ERROR] [AI_AUTH] مفتاح API غير صالح (401) — تحقق من AI1_KEY.
[7/4/2026, 14:04:59] [ERROR] [AI_HANDLE] فشل الرد على 202091733737690: 401 A valid API key is required.
[7/4/2026, 14:05:02] [ERROR] [AI_AUTH] مفتاح API غير صالح (401) — تحقق من AI1_KEY.
[7/4/2026, 14:05:02] [ERROR] [AI_HANDLE] فشل الرد على 57991000764627: 401 A valid API key is required.
[7/4/2026, 14:05:03] [ERROR] [AI_AUTH] مفتاح API غير صالح (401) — تحقق من AI1_KEY.
[7/4/2026, 14:05:03] [ERROR] [AI_HANDLE] فشل الرد على 57991000764627: 401 A valid API key is required.
[7/4/2026, 14:05:07] [ERROR] [AI_AUTH] مفتاح API غير صالح (401) — تحقق من AI1_KEY.
[7/4/2026, 14:05:07] [ERROR] [AI_HANDLE] فشل الرد على 57991000764627: 401 A valid API key is required.
[7/4/2026, 14:05:22] [ERROR] [AI_AUTH] مفتاح API غير صالح (401) — تحقق من AI1_KEY.
[7/4/2026, 14:05:22] [ERROR] [AI_HANDLE] فشل الرد على 57991000764627: 401 A valid API key is required.
[7/4/2026, 14:05:28] [ERROR] [AI_AUTH] مفتاح API غير صالح (401) — تحقق من AI1_KEY.
[7/4/2026, 14:05:28] [ERROR] [AI_HANDLE] فشل الرد على 57991000764627: 401 A valid API key is required.
[7/4/2026, 14:08:49] [ERROR] [AI_AUTH] مفتاح API غير صالح (401) — تحقق من AI1_KEY.
[7/4/2026, 14:08:49] [ERROR] [AI_HANDLE] فشل الرد على 57991000764627: 401 A valid API key is required.
[7/4/2026, 14:13:03] [ERROR] [AI_AUTH] مفتاح API غير صالح (401) — تحقق من AI1_KEY.
[7/4/2026, 14:13:03] [ERROR] [AI_HANDLE] فشل الرد على 202091733737690: 401 A valid API key is required.
[7/4/2026, 14:13:23] [ERROR] [AI_AUTH] مفتاح API غير صالح (401) — تحقق من AI1_KEY.
[7/4/2026, 14:13:23] [ERROR] [AI_HANDLE] فشل الرد على 202091733737690: 401 A valid API key is required.
[7/4/2026, 14:15:01] [ERROR] [AI_AUTH] مفتاح API غير صالح (401) — تحقق من AI1_KEY.
[7/4/2026, 14:15:01] [ERROR] [AI_HANDLE] فشل الرد على 202091733737690: 401 A valid API key is required.
[7/4/2026, 14:15:52] [ERROR] [AI_AUTH] مفتاح API غير صالح (401) — تحقق من AI1_KEY.
[7/4/2026, 14:15:52] [ERROR] [AI_HANDLE] فشل الرد على 202091733737690: 401 A valid API key is required.
[7/4/2026, 14:16:32] [ERROR] [AI_AUTH] مفتاح API غير صالح (401) — تحقق من AI1_KEY.
[7/4/2026, 14:16:32] [ERROR] [AI_HANDLE] فشل الرد على 202091733737690: 401 A valid API key is required.
[7/4/2026, 14:17:31] [ERROR] [AI_AUTH] مفتاح API غير صالح (401) — تحقق من AI1_KEY.
[7/4/2026, 14:17:31] [ERROR] [AI_HANDLE] فشل الرد على 202091733737690: 401 A valid API key is required.
[7/4/2026, 14:18:02] [ERROR] [AI_AUTH] مفتاح API غير صالح (401) — تحقق من AI1_KEY.
[7/4/2026, 14:18:02] [ERROR] [AI_HANDLE] فشل الرد على 202091733737690: 401 A valid API key is required.
[7/4/2026, 14:18:30] [ERROR] [AI_AUTH] مفتاح API غير صالح (401) — تحقق من AI1_KEY.
[7/4/2026, 14:18:30] [ERROR] [AI_HANDLE] فشل الرد على 168737084846263: 401 A valid API key is required.
[7/4/2026, 14:19:50] [ERROR] [AI_AUTH] مفتاح API غير صالح (401) — تحقق من AI1_KEY.
[7/4/2026, 14:19:50] [ERROR] [AI_HANDLE] فشل الرد على 168737084846263: 401 A valid API key is required.
[7/4/2026, 14:20:59] [ERROR] [AI_AUTH] مفتاح API غير صالح (401) — تحقق من AI1_KEY.
[7/4/2026, 14:20:59] [ERROR] [AI_HANDLE] فشل الرد على 168737084846263: 401 A valid API key is required.
[7/4/2026, 14:21:33] [ERROR] [AI_AUTH] مفتاح API غير صالح (401) — تحقق من AI1_KEY.
[7/4/2026, 14:21:33] [ERROR] [AI_HANDLE] فشل الرد على 168737084846263: 401 A valid API key is required.
[7/4/2026, 14:21:38] [ERROR] [AI_AUTH] مفتاح API غير صالح (401) — تحقق من AI1_KEY.
[7/4/2026, 14:21:38] [ERROR] [AI_HANDLE] فشل الرد على 168737084846263: 401 A valid API key is required.
[7/4/2026, 14:28:00] [ERROR] [AI_AUTH] مفتاح API غير صالح (401) — تحقق من AI1_KEY.
[7/4/2026, 14:28:00] [ERROR] [AI_HANDLE] فشل الرد على 168737084846263: 401 A valid API key is required.
[7/4/2026, 14:32:10] [ERROR] [AI_AUTH] مفتاح API غير صالح (401) — تحقق من AI1_KEY.
[7/4/2026, 14:32:10] [ERROR] [AI_HANDLE] فشل الرد على 34094071177411: 401 A valid API key is required.
[7/4/2026, 14:49:54] [INFO] [AI_REPLY] user=198122982608910 duration=22537ms tokens=1214
[7/4/2026, 14:50:52] [INFO] [AI_REPLY] user=3028589539518 duration=14066ms tokens=1213
[7/4/2026, 14:50:57] [INFO] [AI_REPLY] user=198122982608910 duration=13439ms tokens=1251
[7/4/2026, 14:51:01] [INFO] [TRAINER] استخرج 1 معلومة لـ 3028589539518
[7/4/2026, 14:51:01] [INFO] [TRAINER] استخرج 1 معلومة لـ 198122982608910
[7/4/2026, 14:51:18] [INFO] [AI_REPLY] user=3028589539518 duration=8289ms tokens=1221
[7/4/2026, 14:51:25] [INFO] [AI_REPLY] user=198122982608910 duration=9584ms tokens=1256
[7/4/2026, 14:51:37] [INFO] [AI_REPLY] user=198122982608910 duration=11950ms tokens=1277
[7/4/2026, 14:51:40] [INFO] [AI_REPLY] user=3028589539518 duration=13131ms tokens=1233
[7/4/2026, 14:52:00] [INFO] [AI_REPLY] user=198122982608910 duration=12162ms tokens=1284
[7/4/2026, 14:52:16] [INFO] [AI_REPLY] user=198122982608910 duration=7085ms tokens=1294
[7/4/2026, 14:55:28] [INFO] [AI_REPLY] user=198122982608910 duration=8533ms tokens=1314
[7/4/2026, 14:56:01] [INFO] [AI_REPLY] user=198122982608910 duration=11140ms tokens=1338
[7/4/2026, 14:56:22] [INFO] [AI_REPLY] user=198122982608910 duration=10943ms tokens=1344
[7/4/2026, 14:57:02] [INFO] [AI_REPLY] user=198122982608910 duration=9045ms tokens=1348
[7/4/2026, 14:57:44] [INFO] [AI_REPLY] user=198122982608910 duration=10766ms tokens=1336
[7/4/2026, 14:58:01] [INFO] [AI_REPLY] user=198122982608910 duration=3365ms tokens=1365
[7/4/2026, 14:59:27] [INFO] [AI_REPLY] user=198122982608910 duration=10638ms tokens=1369
[7/4/2026, 14:59:37] [INFO] [TRAINER] استخرج 1 معلومة لـ 198122982608910
[7/4/2026, 14:59:47] [INFO] [AI_REPLY] user=198122982608910 duration=11345ms tokens=1443
[7/4/2026, 14:59:59] [INFO] [TRAINER] استخرج 3 معلومة لـ 198122982608910
[7/4/2026, 15:00:02] [INFO] [AI_REPLY] user=198122982608910 duration=8498ms tokens=1465
[7/4/2026, 15:00:30] [INFO] [AI_REPLY] user=198122982608910 duration=11027ms tokens=1513
[7/4/2026, 15:01:03] [INFO] [AI_REPLY] user=198122982608910 duration=13038ms tokens=1479
[7/4/2026, 15:01:10] [INFO] [TRAINER] استخرج 3 معلومة لـ 198122982608910
[7/4/2026, 15:01:48] [INFO] [AI_REPLY] user=198122982608910 duration=14524ms tokens=1575
[7/4/2026, 15:02:18] [INFO] [AI_REPLY] user=198122982608910 duration=10569ms tokens=1581
[7/4/2026, 15:17:31] [ERROR] [AI_BAD_REQUEST] 400: {"code":400,"message":"Invalid JSON payload received. Unknown name \"systemInstruction\": Cannot find field.","status":"INVALID_ARGUMENT","details":[{"@type":"type.googleapis.com/google.rpc.BadRequest","fieldViolations":[{"description":"Invalid JSON payload received. Unknown name \"systemInstruction\": Cannot find field."}]}]}
[7/4/2026, 15:17:31] [ERROR] [AI_HANDLE] فشل الرد على 198122982608910: Invalid JSON payload received. Unknown name "systemInstruction": Cannot find field.
[7/4/2026, 15:20:37] [INFO] [AI_REPLY] user=77524663033976 duration=4991ms tokens=2019
[7/4/2026, 15:21:35] [ERROR] [AI_UNKNOWN] fetch failed
[7/4/2026, 15:21:35] [ERROR] [AI_HANDLE] فشل الرد على 198122982608910: fetch failed
[7/4/2026, 15:23:39] [INFO] [AI_REPLY] user=198122982608910 duration=4664ms tokens=2368
[7/4/2026, 15:24:21] [INFO] [AI_REPLY] user=198122982608910 duration=4367ms tokens=2316
[7/4/2026, 15:25:27] [ERROR] [AI_UNKNOWN] The service is currently unavailable.
[7/4/2026, 15:25:27] [ERROR] [AI_HANDLE] فشل الرد على 198122982608910: The service is currently unavailable.
[7/4/2026, 15:25:33] [INFO] [AI_REPLY] user=198122982608910 duration=4168ms tokens=2357
[7/4/2026, 15:26:00] [INFO] [AI_REPLY] user=198122982608910 duration=3510ms tokens=2054
[7/4/2026, 15:26:35] [INFO] [AI_REPLY] user=198122982608910 duration=4309ms tokens=2272
[7/4/2026, 15:26:36] [INFO] [AI_REPLY] user=198122982608910 duration=1088ms tokens=1602
[7/4/2026, 15:27:25] [INFO] [AI_REPLY] user=198122982608910 duration=8272ms tokens=2178
[7/4/2026, 15:27:40] [INFO] [AI_REPLY] user=198122982608910 duration=3529ms tokens=1943
[7/4/2026, 15:27:48] [INFO] [AI_REPLY] user=198122982608910 duration=3413ms tokens=2063
[7/4/2026, 15:27:48] [WARN] [AI_RATE_LIMIT] تجاوز الحد المسموح (429) — محاولة 1/3
[7/4/2026, 15:27:49] [WARN] [AI_RATE_LIMIT] تجاوز الحد المسموح (429) — محاولة 2/3
[7/4/2026, 15:27:51] [WARN] [AI_RATE_LIMIT] تجاوز الحد المسموح (429) — محاولة 1/3
[7/4/2026, 15:27:51] [WARN] [AI_RATE_LIMIT] تجاوز الحد المسموح (429) — محاولة 3/3
[7/4/2026, 15:27:52] [WARN] [AI_RATE_LIMIT] تجاوز الحد المسموح (429) — محاولة 2/3
[7/4/2026, 15:27:54] [WARN] [AI_RATE_LIMIT] تجاوز الحد المسموح (429) — محاولة 3/3
[7/4/2026, 15:27:54] [ERROR] [TRAINER] فشل الاستخراج لـ 198122982608910: You exceeded your current quota, please check your plan and billing details. For more information on this error, head to: https://ai.google.dev/gemini-api/docs/rate-limits. To monitor your current usage, head to: https://ai.dev/rate-limit. 
* Quota exceeded for metric: generativelanguage.googleapis.com/generate_content_free_tier_requests, limit: 5, model: gemini-3.5-flash
Please retry in 8.254712092s.
[7/4/2026, 15:27:57] [ERROR] [AI_HANDLE] فشل الرد على 198122982608910: You exceeded your current quota, please check your plan and billing details. For more information on this error, head to: https://ai.google.dev/gemini-api/docs/rate-limits. To monitor your current usage, head to: https://ai.dev/rate-limit. 
* Quota exceeded for metric: generativelanguage.googleapis.com/generate_content_free_tier_requests, limit: 5, model: gemini-3.5-flash
Please retry in 5.25910501s.
[7/4/2026, 15:28:34] [WARN] [AI_RATE_LIMIT] تجاوز الحد المسموح (429) — محاولة 1/3
[7/4/2026, 15:28:35] [WARN] [AI_RATE_LIMIT] تجاوز الحد المسموح (429) — محاولة 2/3
[7/4/2026, 15:28:37] [WARN] [AI_RATE_LIMIT] تجاوز الحد المسموح (429) — محاولة 3/3
[7/4/2026, 15:28:40] [ERROR] [AI_HANDLE] فشل الرد على 34888724045855: You exceeded your current quota, please check your plan and billing details. For more information on this error, head to: https://ai.google.dev/gemini-api/docs/rate-limits. To monitor your current usage, head to: https://ai.dev/rate-limit. 
* Quota exceeded for metric: generativelanguage.googleapis.com/generate_content_free_tier_requests, limit: 20, model: gemini-3.5-flash
Please retry in 22.242521968s.
[7/4/2026, 15:32:08] [WARN] [AI_RATE_LIMIT] تجاوز الحد المسموح (429) — محاولة 1/3
[7/4/2026, 15:32:09] [WARN] [AI_RATE_LIMIT] تجاوز الحد المسموح (429) — محاولة 2/3
[7/4/2026, 15:32:11] [WARN] [AI_RATE_LIMIT] تجاوز الحد المسموح (429) — محاولة 3/3
[7/4/2026, 15:32:14] [ERROR] [AI_HANDLE] فشل الرد على 34888724045855: You exceeded your current quota, please check your plan and billing details. For more information on this error, head to: https://ai.google.dev/gemini-api/docs/rate-limits. To monitor your current usage, head to: https://ai.dev/rate-limit. 
* Quota exceeded for metric: generativelanguage.googleapis.com/generate_content_free_tier_requests, limit: 20, model: gemini-3.5-flash
Please retry in 48.148484897s.
[7/4/2026, 15:32:15] [WARN] [AI_RATE_LIMIT] تجاوز الحد المسموح (429) — محاولة 1/3
[7/4/2026, 15:32:16] [WARN] [AI_RATE_LIMIT] تجاوز الحد المسموح (429) — محاولة 2/3
[7/4/2026, 15:32:18] [WARN] [AI_RATE_LIMIT] تجاوز الحد المسموح (429) — محاولة 3/3
[7/4/2026, 15:32:21] [ERROR] [AI_HANDLE] فشل الرد على 34888724045855: You exceeded your current quota, please check your plan and billing details. For more information on this error, head to: https://ai.google.dev/gemini-api/docs/rate-limits. To monitor your current usage, head to: https://ai.dev/rate-limit. 
* Quota exceeded for metric: generativelanguage.googleapis.com/generate_content_free_tier_requests, limit: 20, model: gemini-3.5-flash
Please retry in 41.352436191s.
[7/4/2026, 15:41:37] [INFO] [AI_CONFIG] تم تحميل 5 مفتاح Gemini، حد 5 طلب/دقيقة لكل مفتاح.
[7/4/2026, 15:41:45] [INFO] [AI_REPLY] user=273568596291733 duration=4532ms tokens=2046
[7/4/2026, 15:41:50] [INFO] [AI_REPLY] user=273568596291733 duration=5196ms tokens=2085
[7/4/2026, 15:41:54] [INFO] [AI_REPLY] user=273568596291733 duration=4407ms tokens=2110
[7/4/2026, 15:41:54] [WARN] [AI_KEY_ROTATE] مفتاح Gemini بلغ الحد (429) — تدوير للمفتاح التالي. متاح الآن: 4/5
[7/4/2026, 15:41:54] [WARN] [AI_RATE_LIMIT] تجاوز الحد المسموح (429) — محاولة 1/3
[7/4/2026, 15:41:58] [INFO] [AI_REPLY] user=273568596291733 duration=4178ms tokens=2129
[7/4/2026, 15:42:07] [INFO] [AI_REPLY] user=273568596291733 duration=3192ms tokens=1874
[7/4/2026, 15:42:19] [INFO] [AI_REPLY] user=273568596291733 duration=4713ms tokens=2151
[7/4/2026, 15:42:25] [INFO] [AI_REPLY] user=273568596291733 duration=3219ms tokens=1837
[7/4/2026, 15:42:35] [INFO] [AI_REPLY] user=273568596291733 duration=3462ms tokens=1986
[7/4/2026, 15:42:42] [INFO] [AI_REPLY] user=273568596291733 duration=2728ms tokens=1898
[7/4/2026, 15:42:50] [ERROR] [AI_UNKNOWN] fetch failed
[7/4/2026, 15:42:50] [ERROR] [AI_HANDLE] فشل الرد على 273568596291733: fetch failed
[7/4/2026, 15:42:57] [INFO] [AI_REPLY] user=273568596291733 duration=3589ms tokens=1881
[7/4/2026, 15:43:17] [WARN] [AI_KEY_ROTATE] مفتاح Gemini بلغ الحد (429) — تدوير للمفتاح التالي. متاح الآن: 4/5
[7/4/2026, 15:43:17] [WARN] [AI_RATE_LIMIT] تجاوز الحد المسموح (429) — محاولة 1/3
[7/4/2026, 15:43:27] [INFO] [AI_REPLY] user=273568596291733 duration=3562ms tokens=2066
[7/4/2026, 15:43:41] [INFO] [AI_REPLY] user=273568596291733 duration=5575ms tokens=2115
[7/4/2026, 15:43:53] [INFO] [AI_REPLY] user=273568596291733 duration=3828ms tokens=2026
[7/4/2026, 15:44:17] [INFO] [AI_REPLY] user=273568596291733 duration=3234ms tokens=1907
[7/4/2026, 15:44:25] [INFO] [AI_REPLY] user=273568596291733 duration=3171ms tokens=1919
[7/4/2026, 15:47:11] [INFO] [AI_REPLY] user=198122982608910 duration=3843ms tokens=2099
[7/4/2026, 15:47:11] [WARN] [AI_KEY_ROTATE] مفتاح Gemini بلغ الحد (429) — تدوير للمفتاح التالي. متاح الآن: 4/5
[7/4/2026, 15:47:11] [WARN] [AI_RATE_LIMIT] تجاوز الحد المسموح (429) — محاولة 1/3
[7/4/2026, 15:47:15] [INFO] [AI_REPLY] user=198122982608910 duration=3494ms tokens=2000
[7/4/2026, 15:47:30] [INFO] [AI_REPLY] user=198122982608910 duration=10933ms tokens=2112
[7/4/2026, 15:47:52] [INFO] [AI_REPLY] user=198122982608910 duration=3892ms tokens=2042
[7/4/2026, 15:48:36] [INFO] [AI_REPLY] user=198122982608910 duration=4074ms tokens=2094
[7/4/2026, 15:48:36] [WARN] [AI_KEY_ROTATE] مفتاح Gemini بلغ الحد (429) — تدوير للمفتاح التالي. متاح الآن: 4/5
[7/4/2026, 15:48:36] [WARN] [AI_RATE_LIMIT] تجاوز الحد المسموح (429) — محاولة 1/3
[7/4/2026, 15:48:48] [INFO] [AI_REPLY] user=198122982608910 duration=3024ms tokens=1945
[7/4/2026, 15:49:12] [INFO] [AI_REPLY] user=198122982608910 duration=4120ms tokens=2104
[7/4/2026, 15:49:33] [INFO] [AI_REPLY] user=198122982608910 duration=3713ms tokens=2055
[7/4/2026, 15:50:00] [INFO] [AI_REPLY] user=198122982608910 duration=2359ms tokens=1788
[7/4/2026, 15:50:00] [WARN] [AI_KEY_ROTATE] مفتاح Gemini بلغ الحد (429) — تدوير للمفتاح التالي. متاح الآن: 4/5
[7/4/2026, 15:50:00] [WARN] [AI_RATE_LIMIT] تجاوز الحد المسموح (429) — محاولة 1/3
[7/4/2026, 15:50:10] [INFO] [AI_REPLY] user=198122982608910 duration=3969ms tokens=2127
[7/4/2026, 15:51:06] [INFO] [AI_REPLY] user=198122982608910 duration=3916ms tokens=2079
[7/4/2026, 15:51:07] [WARN] [AI_KEY_ROTATE] مفتاح Gemini بلغ الحد (429) — تدوير للمفتاح التالي. متاح الآن: 4/5
[7/4/2026, 15:51:07] [WARN] [AI_RATE_LIMIT] تجاوز الحد المسموح (429) — محاولة 1/3
[7/4/2026, 15:51:10] [INFO] [AI_REPLY] user=198122982608910 duration=3786ms tokens=2064
[7/4/2026, 15:51:25] [INFO] [AI_REPLY] user=198122982608910 duration=4226ms tokens=2129
[7/4/2026, 15:51:29] [INFO] [AI_REPLY] user=198122982608910 duration=3993ms tokens=2002
[7/4/2026, 15:51:44] [INFO] [AI_REPLY] user=198122982608910 duration=4017ms tokens=2093
[7/4/2026, 15:51:52] [INFO] [AI_REPLY] user=168737084846263 duration=5193ms tokens=2040
[7/4/2026, 15:52:01] [INFO] [AI_REPLY] user=198122982608910 duration=3957ms tokens=2155
[7/4/2026, 15:52:30] [INFO] [AI_REPLY] user=168737084846263 duration=4556ms tokens=2074
[7/4/2026, 15:52:34] [INFO] [AI_REPLY] user=168737084846263 duration=3560ms tokens=1915
[7/4/2026, 15:52:34] [WARN] [AI_KEY_ROTATE] مفتاح Gemini بلغ الحد (429) — تدوير للمفتاح التالي. متاح الآن: 4/5
[7/4/2026, 15:52:34] [WARN] [AI_RATE_LIMIT] تجاوز الحد المسموح (429) — محاولة 1/3
[7/4/2026, 15:52:43] [INFO] [AI_REPLY] user=198122982608910 duration=3677ms tokens=2151
[7/4/2026, 15:52:58] [INFO] [AI_REPLY] user=168737084846263 duration=3366ms tokens=1937
[7/4/2026, 15:53:09] [INFO] [AI_REPLY] user=198122982608910 duration=4030ms tokens=2152
[7/4/2026, 15:53:26] [INFO] [AI_REPLY] user=198122982608910 duration=1210ms tokens=1587
[7/4/2026, 15:54:20] [INFO] [AI_REPLY] user=198122982608910 duration=4575ms tokens=2260
[7/4/2026, 15:54:24] [INFO] [AI_REPLY] user=168737084846263 duration=4523ms tokens=2154
[7/4/2026, 15:54:24] [WARN] [AI_KEY_ROTATE] مفتاح Gemini بلغ الحد (429) — تدوير للمفتاح التالي. متاح الآن: 4/5
[7/4/2026, 15:54:24] [WARN] [AI_RATE_LIMIT] تجاوز الحد المسموح (429) — محاولة 1/3
[7/4/2026, 15:54:25] [WARN] [AI_KEY_ROTATE] مفتاح Gemini بلغ الحد (429) — تدوير للمفتاح التالي. متاح الآن: 3/5
[7/4/2026, 15:54:25] [WARN] [AI_RATE_LIMIT] تجاوز الحد المسموح (429) — محاولة 2/3
[7/4/2026, 15:54:50] [WARN] [AI_KEY_ROTATE] مفتاح Gemini بلغ الحد (429) — تدوير للمفتاح التالي. متاح الآن: 2/5
[7/4/2026, 15:54:50] [WARN] [AI_RATE_LIMIT] تجاوز الحد المسموح (429) — محاولة 1/3
[7/4/2026, 15:54:51] [WARN] [AI_KEY_ROTATE] مفتاح Gemini بلغ الحد (429) — تدوير للمفتاح التالي. متاح الآن: 1/5
[7/4/2026, 15:54:51] [WARN] [AI_RATE_LIMIT] تجاوز الحد المسموح (429) — محاولة 2/3
[7/4/2026, 15:54:57] [INFO] [AI_REPLY] user=168737084846263 duration=7697ms tokens=2169
[7/4/2026, 15:54:57] [WARN] [AI_KEY_ROTATE] مفتاح Gemini بلغ الحد (429) — تدوير للمفتاح التالي. متاح الآن: 0/5
[7/4/2026, 15:54:57] [WARN] [AI_RATE_LIMIT] تجاوز الحد المسموح (429) — محاولة 1/3
[7/4/2026, 15:55:25] [WARN] [AI_KEY_ROTATE] مفتاح Gemini بلغ الحد (429) — تدوير للمفتاح التالي. متاح الآن: 0/5
[7/4/2026, 15:55:25] [WARN] [AI_RATE_LIMIT] تجاوز الحد المسموح (429) — محاولة 2/3
[7/4/2026, 15:55:25] [WARN] [AI_KEY_ROTATE] مفتاح Gemini بلغ الحد (429) — تدوير للمفتاح التالي. متاح الآن: 0/5
[7/4/2026, 15:55:25] [WARN] [AI_RATE_LIMIT] تجاوز الحد المسموح (429) — محاولة 1/3
[7/4/2026, 15:55:26] [WARN] [AI_KEY_ROTATE] مفتاح Gemini بلغ الحد (429) — تدوير للمفتاح التالي. متاح الآن: 0/5
[7/4/2026, 15:55:26] [WARN] [AI_RATE_LIMIT] تجاوز الحد المسموح (429) — محاولة 2/3
[7/4/2026, 15:55:51] [WARN] [AI_KEY_ROTATE] مفتاح Gemini بلغ الحد (429) — تدوير للمفتاح التالي. متاح الآن: 0/5
[7/4/2026, 15:55:51] [WARN] [AI_RATE_LIMIT] تجاوز الحد المسموح (429) — محاولة 3/3
[7/4/2026, 15:55:54] [ERROR] [AI_HANDLE] فشل الرد على 198122982608910: You exceeded your current quota, please check your plan and billing details. For more information on this error, head to: https://ai.google.dev/gemini-api/docs/rate-limits. To monitor your current usage, head to: https://ai.dev/rate-limit. 
* Quota exceeded for metric: generativelanguage.googleapis.com/generate_content_free_tier_requests, limit: 20, model: gemini-3.5-flash
Please retry in 8.97275809s.
[7/4/2026, 16:02:11] [INFO] [AI_CONFIG] تم تحميل 7 مفتاح Gemini، حد 5 طلب/دقيقة لكل مفتاح.
[7/4/2026, 16:14:49] [WARN] [AI_KEY_ROTATE] مفتاح Gemini بلغ الحد (429) — تدوير للمفتاح التالي. متاح الآن: 6/7
[7/4/2026, 16:14:49] [WARN] [AI_RATE_LIMIT] تجاوز الحد المسموح (429) — محاولة 1/3
[7/4/2026, 16:14:55] [INFO] [AI_REPLY] user=273568596291733 duration=5521ms tokens=2032
[7/4/2026, 16:15:07] [WARN] [AI_KEY_ROTATE] مفتاح Gemini بلغ الحد (429) — تدوير للمفتاح التالي. متاح الآن: 5/7
[7/4/2026, 16:15:07] [WARN] [AI_RATE_LIMIT] تجاوز الحد المسموح (429) — محاولة 1/3
[7/4/2026, 16:15:08] [WARN] [AI_KEY_ROTATE] مفتاح Gemini بلغ الحد (429) — تدوير للمفتاح التالي. متاح الآن: 4/7
[7/4/2026, 16:15:08] [WARN] [AI_RATE_LIMIT] تجاوز الحد المسموح (429) — محاولة 2/3
[7/4/2026, 16:15:14] [INFO] [AI_REPLY] user=273568596291733 duration=8139ms tokens=1926
[7/4/2026, 16:15:36] [WARN] [AI_KEY_ROTATE] مفتاح Gemini بلغ الحد (429) — تدوير للمفتاح التالي. متاح الآن: 3/7
[7/4/2026, 16:15:36] [WARN] [AI_RATE_LIMIT] تجاوز الحد المسموح (429) — محاولة 1/3
[7/4/2026, 16:15:37] [WARN] [AI_KEY_ROTATE] مفتاح Gemini بلغ الحد (429) — تدوير للمفتاح التالي. متاح الآن: 2/7
[7/4/2026, 16:15:37] [WARN] [AI_RATE_LIMIT] تجاوز الحد المسموح (429) — محاولة 2/3
[7/4/2026, 16:15:42] [INFO] [AI_REPLY] user=273568596291733 duration=13699ms tokens=1809
[7/4/2026, 16:15:50] [WARN] [AI_KEY_ROTATE] مفتاح Gemini بلغ الحد (429) — تدوير للمفتاح التالي. متاح الآن: 2/7
[7/4/2026, 16:15:50] [WARN] [AI_RATE_LIMIT] تجاوز الحد المسموح (429) — محاولة 1/3
[7/4/2026, 16:15:53] [INFO] [AI_REPLY] user=273568596291733 duration=4009ms tokens=1766
[7/4/2026, 16:16:09] [INFO] [AI_REPLY] user=273568596291733 duration=8413ms tokens=1733
[7/4/2026, 17:16:02] [WARN] [AI_KEY_ROTATE] مفتاح Gemini بلغ الحد (429) — تدوير للمفتاح التالي. متاح الآن: 6/7
[7/4/2026, 17:16:02] [WARN] [AI_RATE_LIMIT] تجاوز الحد المسموح (429) — محاولة 1/3
[7/4/2026, 17:16:04] [WARN] [AI_KEY_ROTATE] مفتاح Gemini بلغ الحد (429) — تدوير للمفتاح التالي. متاح الآن: 5/7
[7/4/2026, 17:16:04] [WARN] [AI_RATE_LIMIT] تجاوز الحد المسموح (429) — محاولة 2/3
[7/4/2026, 17:16:11] [INFO] [AI_REPLY] user=202091733737690 duration=8996ms tokens=2230
[7/4/2026, 17:16:11] [WARN] [AI_KEY_ROTATE] مفتاح Gemini بلغ الحد (429) — تدوير للمفتاح التالي. متاح الآن: 4/7
[7/4/2026, 17:16:11] [WARN] [AI_RATE_LIMIT] تجاوز الحد المسموح (429) — محاولة 1/3
[7/4/2026, 17:16:12] [WARN] [AI_KEY_ROTATE] مفتاح Gemini بلغ الحد (429) — تدوير للمفتاح التالي. متاح الآن: 3/7
[7/4/2026, 17:16:12] [WARN] [AI_RATE_LIMIT] تجاوز الحد المسموح (429) — محاولة 2/3
[7/4/2026, 17:16:39] [INFO] [AI_REPLY] user=202091733737690 duration=5243ms tokens=2245
[7/4/2026, 17:16:39] [WARN] [AI_KEY_ROTATE] مفتاح Gemini بلغ الحد (429) — تدوير للمفتاح التالي. متاح الآن: 2/7
[7/4/2026, 17:16:39] [WARN] [AI_RATE_LIMIT] تجاوز الحد المسموح (429) — محاولة 1/3
[7/4/2026, 17:17:17] [INFO] [AI_REPLY] user=202091733737690 duration=4921ms tokens=2282
[7/4/2026, 17:17:17] [WARN] [AI_KEY_ROTATE] مفتاح Gemini بلغ الحد (429) — تدوير للمفتاح التالي. متاح الآن: 5/7
[7/4/2026, 17:17:17] [WARN] [AI_RATE_LIMIT] تجاوز الحد المسموح (429) — محاولة 1/3
[7/4/2026, 17:17:19] [WARN] [AI_KEY_ROTATE] مفتاح Gemini بلغ الحد (429) — تدوير للمفتاح التالي. متاح الآن: 4/7
[7/4/2026, 17:17:19] [WARN] [AI_RATE_LIMIT] تجاوز الحد المسموح (429) — محاولة 2/3
[7/4/2026, 17:17:21] [WARN] [AI_KEY_ROTATE] مفتاح Gemini بلغ الحد (429) — تدوير للمفتاح التالي. متاح الآن: 3/7
[7/4/2026, 17:17:21] [WARN] [AI_RATE_LIMIT] تجاوز الحد المسموح (429) — محاولة 3/3
[7/4/2026, 17:17:24] [ERROR] [TRAINER] فشل الاستخراج لـ 202091733737690: You exceeded your current quota, please check your plan and billing details. For more information on this error, head to: https://ai.google.dev/gemini-api/docs/rate-limits. To monitor your current usage, head to: https://ai.dev/rate-limit. 
* Quota exceeded for metric: generativelanguage.googleapis.com/generate_content_free_tier_requests, limit: 20, model: gemini-3.5-flash
Please retry in 38.560723364s.
[7/4/2026, 17:18:00] [WARN] [AI_KEY_ROTATE] مفتاح Gemini بلغ الحد (429) — تدوير للمفتاح التالي. متاح الآن: 3/7
[7/4/2026, 17:18:00] [WARN] [AI_RATE_LIMIT] تجاوز الحد المسموح (429) — محاولة 1/3
[7/4/2026, 17:18:04] [INFO] [AI_REPLY] user=202091733737690 duration=5183ms tokens=2223
[7/4/2026, 17:18:32] [WARN] [AI_KEY_ROTATE] مفتاح Gemini بلغ الحد (429) — تدوير للمفتاح التالي. متاح الآن: 5/7
[7/4/2026, 17:18:32] [WARN] [AI_RATE_LIMIT] تجاوز الحد المسموح (429) — محاولة 1/3
[7/4/2026, 17:18:37] [INFO] [AI_REPLY] user=202091733737690 duration=5709ms tokens=2321
[7/4/2026, 17:18:37] [WARN] [AI_KEY_ROTATE] مفتاح Gemini بلغ الحد (429) — تدوير للمفتاح التالي. متاح الآن: 4/7
[7/4/2026, 17:18:37] [WARN] [AI_RATE_LIMIT] تجاوز الحد المسموح (429) — محاولة 1/3
[7/4/2026, 17:35:53] [WARN] [AI_KEY_ROTATE] مفتاح Gemini بلغ الحد (429) — تدوير للمفتاح التالي. متاح الآن: 6/7
[7/4/2026, 17:35:53] [WARN] [AI_RATE_LIMIT] تجاوز الحد المسموح (429) — محاولة 1/3
[7/4/2026, 17:41:26] [INFO] [AI_CONFIG] تم تحميل 7 مفتاح Gemini، حد 5 طلب/دقيقة لكل مفتاح.
[7/4/2026, 17:48:04] [INFO] [AI_CONFIG] تم تحميل 7 مفتاح Gemini، حد 5 طلب/دقيقة لكل مفتاح.
[7/4/2026, 17:48:14] [INFO] [AI_CONFIG] تم تحميل 7 مفتاح Gemini، حد 5 طلب/دقيقة لكل مفتاح.
[7/4/2026, 18:37:25] [INFO] [AI_CONFIG] تم تحميل 7 مفتاح Gemini، حد 5 طلب/دقيقة لكل مفتاح.
[7/4/2026, 18:41:54] [INFO] [AI_CONFIG] تم تحميل 7 مفتاح Gemini، حد 5 طلب/دقيقة لكل مفتاح.
[7/4/2026, 18:45:02] [INFO] [AI_CONFIG] تم تحميل 7 مفتاح Gemini، حد 5 طلب/دقيقة لكل مفتاح.
[7/4/2026, 18:47:53] [INFO] [AI_CONFIG] تم تحميل 7 مفتاح Gemini، حد 5 طلب/دقيقة لكل مفتاح.
[7/4/2026, 18:49:02] [INFO] [AI_CONFIG] تم تحميل 7 مفتاح Gemini، حد 5 طلب/دقيقة لكل مفتاح.
[7/4/2026, 18:54:07] [INFO] [AI_CONFIG] تم تحميل 7 مفتاح Gemini، حد 5 طلب/دقيقة لكل مفتاح.
[7/4/2026, 19:02:45] [INFO] [AI_CONFIG] تم تحميل 7 مفتاح Gemini، حد 5 طلب/دقيقة لكل مفتاح.
[7/4/2026, 19:21:54] [INFO] [AI_REPLY] user=260597878935643 duration=4207ms tokens=2023
[7/4/2026, 19:22:44] [INFO] [AI_REPLY] user=281020096069862 duration=4804ms tokens=2046
[7/4/2026, 19:22:50] [INFO] [AI_REPLY] user=260597878935643 duration=5324ms tokens=2038
[7/4/2026, 19:23:37] [INFO] [AI_REPLY] user=281020096069862 duration=6681ms tokens=2059
[7/4/2026, 19:23:37] [WARN] [AI_KEY_ROTATE] مفتاح Gemini بلغ الحد (429) — تدوير للمفتاح التالي. متاح الآن: 6/7
[7/4/2026, 19:23:37] [WARN] [AI_RATE_LIMIT] تجاوز الحد المسموح (429) — محاولة 1/3
[7/4/2026, 19:23:38] [WARN] [AI_KEY_ROTATE] مفتاح Gemini بلغ الحد (429) — تدوير للمفتاح التالي. متاح الآن: 5/7
[7/4/2026, 19:23:38] [WARN] [AI_RATE_LIMIT] تجاوز الحد المسموح (429) — محاولة 2/3
[7/4/2026, 19:23:45] [WARN] [AI_KEY_ROTATE] مفتاح Gemini بلغ الحد (429) — تدوير للمفتاح التالي. متاح الآن: 4/7
[7/4/2026, 19:23:45] [WARN] [AI_RATE_LIMIT] تجاوز الحد المسموح (429) — محاولة 1/3
[7/4/2026, 19:23:52] [INFO] [AI_REPLY] user=281020096069862 duration=7541ms tokens=2068
[7/4/2026, 19:23:58] [INFO] [AI_REPLY] user=281020096069862 duration=3527ms tokens=2080
[7/4/2026, 19:23:58] [WARN] [AI_KEY_ROTATE] مفتاح Gemini بلغ الحد (429) — تدوير للمفتاح التالي. متاح الآن: 3/7
[7/4/2026, 19:23:58] [WARN] [AI_RATE_LIMIT] تجاوز الحد المسموح (429) — محاولة 1/3
[7/4/2026, 19:23:59] [WARN] [AI_KEY_ROTATE] مفتاح Gemini بلغ الحد (429) — تدوير للمفتاح التالي. متاح الآن: 2/7
[7/4/2026, 19:23:59] [WARN] [AI_RATE_LIMIT] تجاوز الحد المسموح (429) — محاولة 2/3
[7/4/2026, 19:24:15] [INFO] [AI_REPLY] user=281020096069862 duration=3901ms tokens=1961
[7/4/2026, 19:24:27] [INFO] [AI_REPLY] user=281020096069862 duration=4145ms tokens=2048
[7/4/2026, 19:24:32] [INFO] [AI_REPLY] user=281020096069862 duration=4661ms tokens=2142
[7/4/2026, 19:24:38] [INFO] [AI_REPLY] user=281020096069862 duration=3469ms tokens=2030
[7/4/2026, 19:24:38] [WARN] [AI_KEY_ROTATE] مفتاح Gemini بلغ الحد (429) — تدوير للمفتاح التالي. متاح الآن: 0/7
[7/4/2026, 19:24:38] [WARN] [AI_RATE_LIMIT] تجاوز الحد المسموح (429) — محاولة 1/3
[7/4/2026, 19:24:38] [WARN] [AI_KEY_ROTATE] مفتاح Gemini بلغ الحد (429) — تدوير للمفتاح التالي. متاح الآن: 0/7
[7/4/2026, 19:24:38] [WARN] [AI_RATE_LIMIT] تجاوز الحد المسموح (429) — محاولة 1/3
[7/4/2026, 19:24:39] [WARN] [AI_KEY_ROTATE] مفتاح Gemini بلغ الحد (429) — تدوير للمفتاح التالي. متاح الآن: 0/7
[7/4/2026, 19:24:39] [WARN] [AI_RATE_LIMIT] تجاوز الحد المسموح (429) — محاولة 2/3
[7/4/2026, 19:24:39] [WARN] [AI_KEY_ROTATE] مفتاح Gemini بلغ الحد (429) — تدوير للمفتاح التالي. متاح الآن: 0/7
[7/4/2026, 19:24:39] [WARN] [AI_RATE_LIMIT] تجاوز الحد المسموح (429) — محاولة 2/3
[7/4/2026, 19:24:46] [WARN] [AI_KEY_ROTATE] مفتاح Gemini بلغ الحد (429) — تدوير للمفتاح التالي. متاح الآن: 0/7
[7/4/2026, 19:24:46] [WARN] [AI_RATE_LIMIT] تجاوز الحد المسموح (429) — محاولة 3/3
[7/4/2026, 19:24:49] [ERROR] [TRAINER] فشل الاستخراج لـ 281020096069862: You exceeded your current quota, please check your plan and billing details. For more information on this error, head to: https://ai.google.dev/gemini-api/docs/rate-limits. To monitor your current usage, head to: https://ai.dev/rate-limit. 
* Quota exceeded for metric: generativelanguage.googleapis.com/generate_content_free_tier_requests, limit: 20, model: gemini-3.5-flash
Please retry in 14.04204703s.
[7/4/2026, 19:24:49] [INFO] [AI_REPLY] user=281020096069862 duration=11099ms tokens=2118
[7/4/2026, 19:24:57] [INFO] [AI_REPLY] user=281020096069862 duration=8499ms tokens=1945
[7/4/2026, 19:24:58] [WARN] [AI_KEY_ROTATE] مفتاح Gemini بلغ الحد (429) — تدوير للمفتاح التالي. متاح الآن: 0/7
[7/4/2026, 19:24:58] [WARN] [AI_RATE_LIMIT] تجاوز الحد المسموح (429) — محاولة 1/3
[7/4/2026, 19:24:58] [WARN] [AI_KEY_ROTATE] مفتاح Gemini بلغ الحد (429) — تدوير للمفتاح التالي. متاح الآن: 0/7
[7/4/2026, 19:24:58] [WARN] [AI_RATE_LIMIT] تجاوز الحد المسموح (429) — محاولة 1/3
[7/4/2026, 19:25:00] [WARN] [AI_KEY_ROTATE] مفتاح Gemini بلغ الحد (429) — تدوير للمفتاح التالي. متاح الآن: 0/7
[7/4/2026, 19:25:00] [WARN] [AI_RATE_LIMIT] تجاوز الحد المسموح (429) — محاولة 2/3
[7/4/2026, 19:25:00] [WARN] [AI_KEY_ROTATE] مفتاح Gemini بلغ الحد (429) — تدوير للمفتاح التالي. متاح الآن: 0/7
[7/4/2026, 19:25:00] [WARN] [AI_RATE_LIMIT] تجاوز الحد المسموح (429) — محاولة 2/3
[7/4/2026, 19:25:15] [INFO] [AI_REPLY] user=281020096069862 duration=18045ms tokens=2137
[7/4/2026, 19:25:16] [WARN] [AI_KEY_ROTATE] مفتاح Gemini بلغ الحد (429) — تدوير للمفتاح التالي. متاح الآن: 0/7
[7/4/2026, 19:25:16] [WARN] [AI_RATE_LIMIT] تجاوز الحد المسموح (429) — محاولة 1/3
[7/4/2026, 19:25:27] [INFO] [AI_REPLY] user=281020096069862 duration=11488ms tokens=2142
[7/4/2026, 19:25:38] [WARN] [AI_KEY_ROTATE] مفتاح Gemini بلغ الحد (429) — تدوير للمفتاح التالي. متاح الآن: 0/7
[7/4/2026, 19:25:38] [WARN] [AI_RATE_LIMIT] تجاوز الحد المسموح (429) — محاولة 1/3
[7/4/2026, 19:25:40] [WARN] [AI_KEY_ROTATE] مفتاح Gemini بلغ الحد (429) — تدوير للمفتاح التالي. متاح الآن: 0/7
[7/4/2026, 19:25:40] [WARN] [AI_RATE_LIMIT] تجاوز الحد المسموح (429) — محاولة 2/3
[7/4/2026, 19:25:46] [WARN] [AI_KEY_ROTATE] مفتاح Gemini بلغ الحد (429) — تدوير للمفتاح التالي. متاح الآن: 0/7
[7/4/2026, 19:25:46] [WARN] [AI_RATE_LIMIT] تجاوز الحد المسموح (429) — محاولة 3/3
[7/4/2026, 19:25:49] [ERROR] [AI_HANDLE] فشل الرد على 281020096069862: You exceeded your current quota, please check your plan and billing details. For more information on this error, head to: https://ai.google.dev/gemini-api/docs/rate-limits. To monitor your current usage, head to: https://ai.dev/rate-limit. 
* Quota exceeded for metric: generativelanguage.googleapis.com/generate_content_free_tier_requests, limit: 20, model: gemini-3.5-flash
Please retry in 13.471760863s.
[7/4/2026, 19:29:22] [WARN] [AI_KEY_ROTATE] مفتاح Gemini بلغ الحد (429) — تدوير للمفتاح التالي. متاح الآن: 6/7
[7/4/2026, 19:29:22] [WARN] [AI_RATE_LIMIT] تجاوز الحد المسموح (429) — محاولة 1/3
[7/4/2026, 19:29:23] [WARN] [AI_KEY_ROTATE] مفتاح Gemini بلغ الحد (429) — تدوير للمفتاح التالي. متاح الآن: 5/7
[7/4/2026, 19:29:23] [WARN] [AI_RATE_LIMIT] تجاوز الحد المسموح (429) — محاولة 2/3
[7/4/2026, 19:29:30] [INFO] [AI_REPLY] user=281020096069862 duration=8051ms tokens=2140
[7/4/2026, 19:34:39] [WARN] [AI_KEY_ROTATE] مفتاح Gemini بلغ الحد (429) — تدوير للمفتاح التالي. متاح الآن: 6/7
[7/4/2026, 19:34:39] [WARN] [AI_RATE_LIMIT] تجاوز الحد المسموح (429) — محاولة 1/3
[7/4/2026, 19:34:40] [WARN] [AI_KEY_ROTATE] مفتاح Gemini بلغ الحد (429) — تدوير للمفتاح التالي. متاح الآن: 5/7
[7/4/2026, 19:34:40] [WARN] [AI_RATE_LIMIT] تجاوز الحد المسموح (429) — محاولة 2/3
[7/4/2026, 19:34:42] [WARN] [AI_KEY_ROTATE] مفتاح Gemini بلغ الحد (429) — تدوير للمفتاح التالي. متاح الآن: 4/7
[7/4/2026, 19:34:42] [WARN] [AI_RATE_LIMIT] تجاوز الحد المسموح (429) — محاولة 3/3
[7/4/2026, 19:34:45] [ERROR] [AI_HANDLE] فشل الرد على 260597878935643: You exceeded your current quota, please check your plan and billing details. For more information on this error, head to: https://ai.google.dev/gemini-api/docs/rate-limits. To monitor your current usage, head to: https://ai.dev/rate-limit. 
* Quota exceeded for metric: generativelanguage.googleapis.com/generate_content_free_tier_requests, limit: 20, model: gemini-3.5-flash
Please retry in 17.096324535s.
[7/4/2026, 19:34:46] [WARN] [AI_KEY_ROTATE] مفتاح Gemini بلغ الحد (429) — تدوير للمفتاح التالي. متاح الآن: 3/7
[7/4/2026, 19:34:46] [WARN] [AI_RATE_LIMIT] تجاوز الحد المسموح (429) — محاولة 1/3
[7/4/2026, 19:34:47] [WARN] [AI_KEY_ROTATE] مفتاح Gemini بلغ الحد (429) — تدوير للمفتاح التالي. متاح الآن: 2/7
[7/4/2026, 19:34:47] [WARN] [AI_RATE_LIMIT] تجاوز الحد المسموح (429) — محاولة 2/3
[7/4/2026, 19:34:53] [INFO] [AI_REPLY] user=260597878935643 duration=7417ms tokens=2041
[7/4/2026, 19:34:54] [WARN] [AI_KEY_ROTATE] مفتاح Gemini بلغ الحد (429) — تدوير للمفتاح التالي. متاح الآن: 1/7
[7/4/2026, 19:34:54] [WARN] [AI_RATE_LIMIT] تجاوز الحد المسموح (429) — محاولة 1/3
[7/4/2026, 19:34:55] [WARN] [AI_KEY_ROTATE] مفتاح Gemini بلغ الحد (429) — تدوير للمفتاح التالي. متاح الآن: 0/7
[7/4/2026, 19:34:55] [WARN] [AI_RATE_LIMIT] تجاوز الحد المسموح (429) — محاولة 2/3
[7/4/2026, 19:39:54] [WARN] [AI_KEY_ROTATE] مفتاح Gemini بلغ الحد (429) — تدوير للمفتاح التالي. متاح الآن: 6/7
[7/4/2026, 19:39:54] [WARN] [AI_RATE_LIMIT] تجاوز الحد المسموح (429) — محاولة 1/3
[7/4/2026, 19:39:55] [WARN] [AI_KEY_ROTATE] مفتاح Gemini بلغ الحد (429) — تدوير للمفتاح التالي. متاح الآن: 5/7
[7/4/2026, 19:39:55] [WARN] [AI_RATE_LIMIT] تجاوز الحد المسموح (429) — محاولة 2/3
[7/4/2026, 19:39:58] [WARN] [AI_KEY_ROTATE] مفتاح Gemini بلغ الحد (429) — تدوير للمفتاح التالي. متاح الآن: 4/7
[7/4/2026, 19:39:58] [WARN] [AI_RATE_LIMIT] تجاوز الحد المسموح (429) — محاولة 3/3
[7/4/2026, 19:40:01] [ERROR] [AI_HANDLE] فشل الرد على 260597878935643: You exceeded your current quota, please check your plan and billing details. For more information on this error, head to: https://ai.google.dev/gemini-api/docs/rate-limits. To monitor your current usage, head to: https://ai.dev/rate-limit. 
* Quota exceeded for metric: generativelanguage.googleapis.com/generate_content_free_tier_requests, limit: 20, model: gemini-3.5-flash
Please retry in 2.012812159s.
[7/4/2026, 19:52:49] [INFO] [AI_CONFIG] تم تحميل 7 مفتاح Gemini، حد 5 طلب/دقيقة لكل مفتاح.
[7/4/2026, 19:52:58] [INFO] [AI_CONFIG] تم تحميل 7 مفتاح Gemini، حد 5 طلب/دقيقة لكل مفتاح.
[7/4/2026, 20:06:52] [WARN] [AI_KEY_ROTATE] مفتاح Gemini بلغ الحد (429) — تدوير للمفتاح التالي. متاح الآن: 6/7
[7/4/2026, 20:06:52] [WARN] [AI_RATE_LIMIT] تجاوز الحد المسموح (429) — محاولة 1/8
[7/4/2026, 20:06:52] [WARN] [AI_KEY_ROTATE] مفتاح Gemini بلغ الحد (429) — تدوير للمفتاح التالي. متاح الآن: 5/7
[7/4/2026, 20:06:52] [WARN] [AI_RATE_LIMIT] تجاوز الحد المسموح (429) — محاولة 2/8
[7/4/2026, 20:06:53] [WARN] [AI_KEY_ROTATE] مفتاح Gemini بلغ الحد (429) — تدوير للمفتاح التالي. متاح الآن: 4/7
[7/4/2026, 20:06:53] [WARN] [AI_RATE_LIMIT] تجاوز الحد المسموح (429) — محاولة 3/8
[7/4/2026, 20:06:53] [WARN] [AI_KEY_ROTATE] مفتاح Gemini بلغ الحد (429) — تدوير للمفتاح التالي. متاح الآن: 3/7
[7/4/2026, 20:06:53] [WARN] [AI_RATE_LIMIT] تجاوز الحد المسموح (429) — محاولة 4/8
[7/4/2026, 20:06:54] [WARN] [AI_KEY_ROTATE] مفتاح Gemini بلغ الحد (429) — تدوير للمفتاح التالي. متاح الآن: 2/7
[7/4/2026, 20:06:54] [WARN] [AI_RATE_LIMIT] تجاوز الحد المسموح (429) — محاولة 5/8
[7/4/2026, 20:06:54] [WARN] [AI_KEY_ROTATE] مفتاح Gemini بلغ الحد (429) — تدوير للمفتاح التالي. متاح الآن: 1/7
[7/4/2026, 20:06:54] [WARN] [AI_RATE_LIMIT] تجاوز الحد المسموح (429) — محاولة 6/8
[7/4/2026, 20:06:59] [INFO] [AI_REPLY] user=120727705546843 duration=7563ms tokens=2020
[7/4/2026, 20:06:59] [WARN] [AI_KEY_ROTATE] مفتاح Gemini بلغ الحد (429) — تدوير للمفتاح التالي. متاح الآن: 0/7
[7/4/2026, 20:06:59] [WARN] [AI_RATE_LIMIT] تجاوز الحد المسموح (429) — محاولة 1/8
[7/4/2026, 20:07:53] [WARN] [AI_KEY_ROTATE] مفتاح Gemini بلغ الحد (429) — تدوير للمفتاح التالي. متاح الآن: 1/7
[7/4/2026, 20:07:53] [WARN] [AI_RATE_LIMIT] تجاوز الحد المسموح (429) — محاولة 2/8
[7/4/2026, 20:07:53] [WARN] [AI_KEY_ROTATE] مفتاح Gemini بلغ الحد (429) — تدوير للمفتاح التالي. متاح الآن: 1/7
[7/4/2026, 20:07:53] [WARN] [AI_RATE_LIMIT] تجاوز الحد المسموح (429) — محاولة 1/8
[7/4/2026, 20:07:53] [WARN] [AI_KEY_ROTATE] مفتاح Gemini بلغ الحد (429) — تدوير للمفتاح التالي. متاح الآن: 1/7
[7/4/2026, 20:07:53] [WARN] [AI_RATE_LIMIT] تجاوز الحد المسموح (429) — محاولة 2/8
[7/4/2026, 20:07:53] [WARN] [AI_KEY_ROTATE] مفتاح Gemini بلغ الحد (429) — تدوير للمفتاح التالي. متاح الآن: 1/7
[7/4/2026, 20:07:53] [WARN] [AI_RATE_LIMIT] تجاوز الحد المسموح (429) — محاولة 3/8
[7/4/2026, 20:07:54] [WARN] [AI_KEY_ROTATE] مفتاح Gemini بلغ الحد (429) — تدوير للمفتاح التالي. متاح الآن: 1/7
[7/4/2026, 20:07:54] [WARN] [AI_RATE_LIMIT] تجاوز الحد المسموح (429) — محاولة 4/8
[7/4/2026, 20:07:54] [WARN] [AI_KEY_ROTATE] مفتاح Gemini بلغ الحد (429) — تدوير للمفتاح التالي. متاح الآن: 1/7
[7/4/2026, 20:07:54] [WARN] [AI_RATE_LIMIT] تجاوز الحد المسموح (429) — محاولة 3/8
[7/4/2026, 20:07:54] [WARN] [AI_KEY_ROTATE] مفتاح Gemini بلغ الحد (429) — تدوير للمفتاح التالي. متاح الآن: 1/7
[7/4/2026, 20:07:54] [WARN] [AI_RATE_LIMIT] تجاوز الحد المسموح (429) — محاولة 5/8
[7/4/2026, 20:07:54] [WARN] [AI_KEY_ROTATE] مفتاح Gemini بلغ الحد (429) — تدوير للمفتاح التالي. متاح الآن: 0/7
[7/4/2026, 20:07:54] [WARN] [AI_RATE_LIMIT] تجاوز الحد المسموح (429) — محاولة 4/8
[7/4/2026, 20:07:55] [WARN] [AI_KEY_ROTATE] مفتاح Gemini بلغ الحد (429) — تدوير للمفتاح التالي. متاح الآن: 0/7
[7/4/2026, 20:07:55] [WARN] [AI_RATE_LIMIT] تجاوز الحد المسموح (429) — محاولة 5/8
[7/4/2026, 20:07:55] [WARN] [AI_KEY_ROTATE] مفتاح Gemini بلغ الحد (429) — تدوير للمفتاح التالي. متاح الآن: 0/7
[7/4/2026, 20:07:55] [WARN] [AI_RATE_LIMIT] تجاوز الحد المسموح (429) — محاولة 6/8
[7/4/2026, 20:08:00] [WARN] [AI_KEY_ROTATE] مفتاح Gemini بلغ الحد (429) — تدوير للمفتاح التالي. متاح الآن: 0/7
[7/4/2026, 20:08:00] [WARN] [AI_RATE_LIMIT] تجاوز الحد المسموح (429) — محاولة 6/8
[7/4/2026, 20:08:00] [WARN] [AI_KEY_ROTATE] مفتاح Gemini بلغ الحد (429) — تدوير للمفتاح التالي. متاح الآن: 0/7
[7/4/2026, 20:08:00] [WARN] [AI_RATE_LIMIT] تجاوز الحد المسموح (429) — محاولة 7/8
[7/4/2026, 20:08:53] [WARN] [AI_KEY_ROTATE] مفتاح Gemini بلغ الحد (429) — تدوير للمفتاح التالي. متاح الآن: 1/7
[7/4/2026, 20:08:53] [WARN] [AI_RATE_LIMIT] تجاوز الحد المسموح (429) — محاولة 7/8
[7/4/2026, 20:08:53] [WARN] [AI_KEY_ROTATE] مفتاح Gemini بلغ الحد (429) — تدوير للمفتاح التالي. متاح الآن: 1/7
[7/4/2026, 20:08:53] [WARN] [AI_RATE_LIMIT] تجاوز الحد المسموح (429) — محاولة 8/8
[7/4/2026, 20:08:53] [ERROR] [TRAINER] فشل الاستخراج لـ 120727705546843: You exceeded your current quota, please check your plan and billing details. For more information on this error, head to: https://ai.google.dev/gemini-api/docs/rate-limits. To monitor your current usage, head to: https://ai.dev/rate-limit. 
* Quota exceeded for metric: generativelanguage.googleapis.com/generate_content_free_tier_requests, limit: 20, model: gemini-3.5-flash
Please retry in 6.420329979s.
[7/4/2026, 20:08:54] [WARN] [AI_KEY_ROTATE] مفتاح Gemini بلغ الحد (429) — تدوير للمفتاح التالي. متاح الآن: 1/7
[7/4/2026, 20:08:54] [WARN] [AI_RATE_LIMIT] تجاوز الحد المسموح (429) — محاولة 8/8
[7/4/2026, 20:08:54] [ERROR] [AI_HANDLE] فشل الرد على 120727705546843: You exceeded your current quota, please check your plan and billing details. For more information on this error, head to: https://ai.google.dev/gemini-api/docs/rate-limits. To monitor your current usage, head to: https://ai.dev/rate-limit. 
* Quota exceeded for metric: generativelanguage.googleapis.com/generate_content_free_tier_requests, limit: 20, model: gemini-3.5-flash
Please retry in 5.893557934s.
[7/4/2026, 20:08:54] [WARN] [AI_KEY_ROTATE] مفتاح Gemini بلغ الحد (429) — تدوير للمفتاح التالي. متاح الآن: 2/7
[7/4/2026, 20:08:54] [WARN] [AI_RATE_LIMIT] تجاوز الحد المسموح (429) — محاولة 1/8
[7/4/2026, 20:08:55] [WARN] [AI_KEY_ROTATE] مفتاح Gemini بلغ الحد (429) — تدوير للمفتاح التالي. متاح الآن: 2/7
[7/4/2026, 20:08:55] [WARN] [AI_RATE_LIMIT] تجاوز الحد المسموح (429) — محاولة 2/8
[7/4/2026, 20:08:55] [WARN] [AI_KEY_ROTATE] مفتاح Gemini بلغ الحد (429) — تدوير للمفتاح التالي. متاح الآن: 1/7
[7/4/2026, 20:08:55] [WARN] [AI_RATE_LIMIT] تجاوز الحد المسموح (429) — محاولة 3/8
[7/4/2026, 20:08:56] [WARN] [AI_KEY_ROTATE] مفتاح Gemini بلغ الحد (429) — تدوير للمفتاح التالي. متاح الآن: 0/7
[7/4/2026, 20:08:56] [WARN] [AI_RATE_LIMIT] تجاوز الحد المسموح (429) — محاولة 4/8
[7/4/2026, 20:09:00] [WARN] [AI_KEY_ROTATE] مفتاح Gemini بلغ الحد (429) — تدوير للمفتاح التالي. متاح الآن: 0/7
[7/4/2026, 20:09:00] [WARN] [AI_RATE_LIMIT] تجاوز الحد المسموح (429) — محاولة 5/8
[7/4/2026, 20:09:55] [INFO] [AI_CONFIG] تم تحميل 7 مفتاح Gemini، حد 5 طلب/دقيقة لكل مفتاح.
[7/4/2026, 20:10:11] [WARN] [AI_KEY_ROTATE] مفتاح Gemini بلغ الحد (429) — تدوير للمفتاح التالي. متاح الآن: 6/7
[7/4/2026, 20:10:11] [WARN] [AI_RATE_LIMIT] تجاوز الحد المسموح (429) — محاولة 1/8
[7/4/2026, 20:10:11] [WARN] [AI_KEY_ROTATE] مفتاح Gemini بلغ الحد (429) — تدوير للمفتاح التالي. متاح الآن: 5/7
[7/4/2026, 20:10:11] [WARN] [AI_RATE_LIMIT] تجاوز الحد المسموح (429) — محاولة 2/8
[7/4/2026, 20:10:12] [WARN] [AI_KEY_ROTATE] مفتاح Gemini بلغ الحد (429) — تدوير للمفتاح التالي. متاح الآن: 4/7
[7/4/2026, 20:10:12] [WARN] [AI_RATE_LIMIT] تجاوز الحد المسموح (429) — محاولة 3/8
[7/4/2026, 20:10:12] [WARN] [AI_KEY_ROTATE] مفتاح Gemini بلغ الحد (429) — تدوير للمفتاح التالي. متاح الآن: 3/7
[7/4/2026, 20:10:12] [WARN] [AI_RATE_LIMIT] تجاوز الحد المسموح (429) — محاولة 4/8
[7/4/2026, 20:10:13] [WARN] [AI_KEY_ROTATE] مفتاح Gemini بلغ الحد (429) — تدوير للمفتاح التالي. متاح الآن: 2/7
[7/4/2026, 20:10:13] [WARN] [AI_RATE_LIMIT] تجاوز الحد المسموح (429) — محاولة 5/8
[7/4/2026, 20:10:14] [WARN] [AI_KEY_ROTATE] مفتاح Gemini بلغ الحد (429) — تدوير للمفتاح التالي. متاح الآن: 1/7
[7/4/2026, 20:10:14] [WARN] [AI_RATE_LIMIT] تجاوز الحد المسموح (429) — محاولة 6/8
[7/4/2026, 20:10:14] [WARN] [AI_KEY_ROTATE] مفتاح Gemini بلغ الحد (429) — تدوير للمفتاح التالي. متاح الآن: 0/7
[7/4/2026, 20:10:14] [WARN] [AI_RATE_LIMIT] تجاوز الحد المسموح (429) — محاولة 7/8
[7/4/2026, 20:11:11] [WARN] [AI_KEY_ROTATE] مفتاح Gemini بلغ الحد (429) — تدوير للمفتاح التالي. متاح الآن: 1/7
[7/4/2026, 20:11:11] [WARN] [AI_RATE_LIMIT] تجاوز الحد المسموح (429) — محاولة 8/8
[7/4/2026, 20:11:11] [ERROR] [AI_HANDLE] فشل الرد على 136847103680569: You exceeded your current quota, please check your plan and billing details. For more information on this error, head to: https://ai.google.dev/gemini-api/docs/rate-limits. To monitor your current usage, head to: https://ai.dev/rate-limit. 
* Quota exceeded for metric: generativelanguage.googleapis.com/generate_content_free_tier_requests, limit: 20, model: gemini-3.5-flash
Please retry in 48.458773346s.
[7/4/2026, 20:11:25] [WARN] [AI_KEY_ROTATE] مفتاح Gemini بلغ الحد (429) — تدوير للمفتاح التالي. متاح الآن: 5/7
[7/4/2026, 20:11:25] [WARN] [AI_RATE_LIMIT] تجاوز الحد المسموح (429) — محاولة 1/8
[7/4/2026, 20:11:26] [WARN] [AI_KEY_ROTATE] مفتاح Gemini بلغ الحد (429) — تدوير للمفتاح التالي. متاح الآن: 4/7
[7/4/2026, 20:11:26] [WARN] [AI_RATE_LIMIT] تجاوز الحد المسموح (429) — محاولة 2/8
[7/4/2026, 20:11:26] [WARN] [AI_KEY_ROTATE] مفتاح Gemini بلغ الحد (429) — تدوير للمفتاح التالي. متاح الآن: 3/7
[7/4/2026, 20:11:26] [WARN] [AI_RATE_LIMIT] تجاوز الحد المسموح (429) — محاولة 3/8
[7/4/2026, 20:11:27] [WARN] [AI_KEY_ROTATE] مفتاح Gemini بلغ الحد (429) — تدوير للمفتاح التالي. متاح الآن: 2/7
[7/4/2026, 20:11:27] [WARN] [AI_RATE_LIMIT] تجاوز الحد المسموح (429) — محاولة 4/8
[7/4/2026, 20:11:27] [WARN] [AI_KEY_ROTATE] مفتاح Gemini بلغ الحد (429) — تدوير للمفتاح التالي. متاح الآن: 1/7
[7/4/2026, 20:11:27] [WARN] [AI_RATE_LIMIT] تجاوز الحد المسموح (429) — محاولة 5/8
[7/4/2026, 20:11:28] [WARN] [AI_KEY_ROTATE] مفتاح Gemini بلغ الحد (429) — تدوير للمفتاح التالي. متاح الآن: 0/7
[7/4/2026, 20:11:28] [WARN] [AI_RATE_LIMIT] تجاوز الحد المسموح (429) — محاولة 6/8
[7/4/2026, 20:12:06] [INFO] [AI_CONFIG] تم تحميل 7 مفتاح Gemini، حد 5 طلب/دقيقة لكل مفتاح.
[7/4/2026, 20:12:25] [WARN] [AI_KEY_ROTATE] مفتاح Gemini بلغ الحد (429) — تدوير للمفتاح التالي. متاح الآن: 6/7
[7/4/2026, 20:12:25] [WARN] [AI_RATE_LIMIT] تجاوز الحد المسموح (429) — محاولة 1/3
[7/4/2026, 20:12:26] [WARN] [AI_KEY_ROTATE] مفتاح Gemini بلغ الحد (429) — تدوير للمفتاح التالي. متاح الآن: 5/7
[7/4/2026, 20:12:26] [WARN] [AI_RATE_LIMIT] تجاوز الحد المسموح (429) — محاولة 2/3
[7/4/2026, 20:12:29] [WARN] [AI_KEY_ROTATE] مفتاح Gemini بلغ الحد (429) — تدوير للمفتاح التالي. متاح الآن: 4/7
[7/4/2026, 20:12:29] [WARN] [AI_RATE_LIMIT] تجاوز الحد المسموح (429) — محاولة 3/3
[7/4/2026, 20:12:32] [ERROR] [AI_HANDLE] فشل الرد على 136847103680569: You exceeded your current quota, please check your plan and billing details. For more information on this error, head to: https://ai.google.dev/gemini-api/docs/rate-limits. To monitor your current usage, head to: https://ai.dev/rate-limit. 
* Quota exceeded for metric: generativelanguage.googleapis.com/generate_content_free_tier_requests, limit: 20, model: gemini-3.5-flash
Please retry in 31.005444453s.
[7/4/2026, 20:58:38] [INFO] [AI_CONFIG] تم تحميل 7 مفتاح Gemini، حد 5 طلب/دقيقة لكل مفتاح.
[7/4/2026, 21:10:43] [WARN] [AI_KEY_ROTATE] مفتاح Gemini بلغ الحد (429) — تدوير للمفتاح التالي. متاح الآن: 6/7
[7/4/2026, 21:10:43] [WARN] [AI_RATE_LIMIT] تجاوز الحد المسموح (429) — محاولة 1/3
[7/4/2026, 21:10:44] [WARN] [AI_KEY_ROTATE] مفتاح Gemini بلغ الحد (429) — تدوير للمفتاح التالي. متاح الآن: 5/7
[7/4/2026, 21:10:44] [WARN] [AI_RATE_LIMIT] تجاوز الحد المسموح (429) — محاولة 2/3
[7/4/2026, 21:10:47] [WARN] [AI_KEY_ROTATE] مفتاح Gemini بلغ الحد (429) — تدوير للمفتاح التالي. متاح الآن: 4/7
[7/4/2026, 21:10:47] [WARN] [AI_RATE_LIMIT] تجاوز الحد المسموح (429) — محاولة 3/3
[7/4/2026, 21:10:50] [ERROR] [AI_HANDLE] فشل الرد على 164575194390585: You exceeded your current quota, please check your plan and billing details. For more information on this error, head to: https://ai.google.dev/gemini-api/docs/rate-limits. To monitor your current usage, head to: https://ai.dev/rate-limit. 
* Quota exceeded for metric: generativelanguage.googleapis.com/generate_content_free_tier_requests, limit: 20, model: gemini-3.5-flash
Please retry in 12.982201949s.
[7/4/2026, 21:11:05] [WARN] [AI_KEY_ROTATE] مفتاح Gemini بلغ الحد (429) — تدوير للمفتاح التالي. متاح الآن: 3/7
[7/4/2026, 21:11:05] [WARN] [AI_RATE_LIMIT] تجاوز الحد المسموح (429) — محاولة 1/3
[7/4/2026, 21:11:06] [WARN] [AI_KEY_ROTATE] مفتاح Gemini بلغ الحد (429) — تدوير للمفتاح التالي. متاح الآن: 2/7
[7/4/2026, 21:11:06] [WARN] [AI_RATE_LIMIT] تجاوز الحد المسموح (429) — محاولة 2/3
[7/4/2026, 21:11:09] [WARN] [AI_KEY_ROTATE] مفتاح Gemini بلغ الحد (429) — تدوير للمفتاح التالي. متاح الآن: 1/7
[7/4/2026, 21:11:09] [WARN] [AI_RATE_LIMIT] تجاوز الحد المسموح (429) — محاولة 3/3
[7/4/2026, 21:11:12] [ERROR] [AI_HANDLE] فشل الرد على 164575194390585: You exceeded your current quota, please check your plan and billing details. For more information on this error, head to: https://ai.google.dev/gemini-api/docs/rate-limits. To monitor your current usage, head to: https://ai.dev/rate-limit. 
* Quota exceeded for metric: generativelanguage.googleapis.com/generate_content_free_tier_requests, limit: 20, model: gemini-3.5-flash
Please retry in 51.035296405s.
[7/4/2026, 22:18:45] [INFO] [AI_CONFIG] تم تحميل 7 مفتاح Gemini، حد 5 طلب/دقيقة لكل مفتاح.
[7/4/2026, 22:19:00] [WARN] [AI_KEY_ROTATE] مفتاح Gemini بلغ الحد (429) — تدوير للمفتاح التالي. متاح الآن: 6/7
[7/4/2026, 22:19:00] [WARN] [AI_RATE_LIMIT] تجاوز الحد المسموح (429) — محاولة 1/3
[7/4/2026, 22:19:05] [INFO] [AI_REPLY] user=164575194390585 duration=5862ms tokens=2025
[7/4/2026, 22:19:10] [INFO] [AI_REPLY] user=164575194390585 duration=4306ms tokens=2031
[7/4/2026, 22:19:10] [WARN] [AI_KEY_ROTATE] مفتاح Gemini بلغ الحد (429) — تدوير للمفتاح التالي. متاح الآن: 5/7
[7/4/2026, 22:19:10] [WARN] [AI_RATE_LIMIT] تجاوز الحد المسموح (429) — محاولة 1/3
[7/4/2026, 22:19:14] [INFO] [AI_REPLY] user=164575194390585 duration=4568ms tokens=1879
[7/4/2026, 22:19:14] [WARN] [AI_KEY_ROTATE] مفتاح Gemini بلغ الحد (429) — تدوير للمفتاح التالي. متاح الآن: 4/7
[7/4/2026, 22:19:14] [WARN] [AI_RATE_LIMIT] تجاوز الحد المسموح (429) — محاولة 1/3
[7/4/2026, 22:19:18] [INFO] [AI_REPLY] user=164575194390585 duration=4222ms tokens=2057
[7/4/2026, 22:19:19] [WARN] [AI_KEY_ROTATE] مفتاح Gemini بلغ الحد (429) — تدوير للمفتاح التالي. متاح الآن: 3/7
[7/4/2026, 22:19:19] [WARN] [AI_RATE_LIMIT] تجاوز الحد المسموح (429) — محاولة 1/3
[7/4/2026, 22:19:37] [WARN] [AI_KEY_ROTATE] مفتاح Gemini بلغ الحد (429) — تدوير للمفتاح التالي. متاح الآن: 2/7
[7/4/2026, 22:19:37] [WARN] [AI_RATE_LIMIT] تجاوز الحد المسموح (429) — محاولة 1/3
[7/4/2026, 22:19:38] [WARN] [AI_KEY_ROTATE] مفتاح Gemini بلغ الحد (429) — تدوير للمفتاح التالي. متاح الآن: 1/7
[7/4/2026, 22:19:38] [WARN] [AI_RATE_LIMIT] تجاوز الحد المسموح (429) — محاولة 2/3
[7/4/2026, 22:19:40] [WARN] [AI_KEY_ROTATE] مفتاح Gemini بلغ الحد (429) — تدوير للمفتاح التالي. متاح الآن: 0/7
[7/4/2026, 22:19:40] [WARN] [AI_RATE_LIMIT] تجاوز الحد المسموح (429) — محاولة 3/3
[7/4/2026, 22:19:43] [ERROR] [AI_HANDLE] فشل الرد على 164575194390585: You exceeded your current quota, please check your plan and billing details. For more information on this error, head to: https://ai.google.dev/gemini-api/docs/rate-limits. To monitor your current usage, head to: https://ai.dev/rate-limit. 
* Quota exceeded for metric: generativelanguage.googleapis.com/generate_content_free_tier_requests, limit: 20, model: gemini-3.5-flash
Please retry in 19.074220709s.
[7/4/2026, 22:20:00] [WARN] [AI_KEY_ROTATE] مفتاح Gemini بلغ الحد (429) — تدوير للمفتاح التالي. متاح الآن: 0/7
[7/4/2026, 22:20:00] [WARN] [AI_RATE_LIMIT] تجاوز الحد المسموح (429) — محاولة 1/3
[7/4/2026, 22:20:16] [WARN] [AI_KEY_ROTATE] مفتاح Gemini بلغ الحد (429) — تدوير للمفتاح التالي. متاح الآن: 1/7
[7/4/2026, 22:20:16] [WARN] [AI_RATE_LIMIT] تجاوز الحد المسموح (429) — محاولة 2/3
[7/4/2026, 22:20:18] [WARN] [AI_KEY_ROTATE] مفتاح Gemini بلغ الحد (429) — تدوير للمفتاح التالي. متاح الآن: 0/7
[7/4/2026, 22:20:18] [WARN] [AI_RATE_LIMIT] تجاوز الحد المسموح (429) — محاولة 3/3
[7/4/2026, 22:20:21] [ERROR] [AI_HANDLE] فشل الرد على 164575194390585: You exceeded your current quota, please check your plan and billing details. For more information on this error, head to: https://ai.google.dev/gemini-api/docs/rate-limits. To monitor your current usage, head to: https://ai.dev/rate-limit. 
* Quota exceeded for metric: generativelanguage.googleapis.com/generate_content_free_tier_requests, limit: 20, model: gemini-3.5-flash
Please retry in 41.727780051s.
[7/4/2026, 22:20:21] [WARN] [AI_KEY_ROTATE] مفتاح Gemini بلغ الحد (429) — تدوير للمفتاح التالي. متاح الآن: 0/7
[7/4/2026, 22:20:21] [WARN] [AI_RATE_LIMIT] تجاوز الحد المسموح (429) — محاولة 1/3
[7/4/2026, 22:20:38] [WARN] [AI_KEY_ROTATE] مفتاح Gemini بلغ الحد (429) — تدوير للمفتاح التالي. متاح الآن: 0/7
[7/4/2026, 22:20:38] [WARN] [AI_RATE_LIMIT] تجاوز الحد المسموح (429) — محاولة 2/3
[7/4/2026, 22:20:40] [WARN] [AI_KEY_ROTATE] مفتاح Gemini بلغ الحد (429) — تدوير للمفتاح التالي. متاح الآن: 0/7
[7/4/2026, 22:20:40] [WARN] [AI_RATE_LIMIT] تجاوز الحد المسموح (429) — محاولة 3/3
[7/4/2026, 22:20:43] [ERROR] [AI_HANDLE] فشل الرد على 164575194390585: You exceeded your current quota, please check your plan and billing details. For more information on this error, head to: https://ai.google.dev/gemini-api/docs/rate-limits. To monitor your current usage, head to: https://ai.dev/rate-limit. 
* Quota exceeded for metric: generativelanguage.googleapis.com/generate_content_free_tier_requests, limit: 20, model: gemini-3.5-flash
Please retry in 19.57277863s.
[7/4/2026, 22:24:02] [INFO] [AI_REPLY] user=165785871884440 duration=4267ms tokens=2044
[7/4/2026, 22:24:03] [WARN] [AI_KEY_ROTATE] مفتاح Gemini بلغ الحد (429) — تدوير للمفتاح التالي. متاح الآن: 6/7
[7/4/2026, 22:24:03] [WARN] [AI_RATE_LIMIT] تجاوز الحد المسموح (429) — محاولة 1/3
[7/4/2026, 22:24:04] [WARN] [AI_KEY_ROTATE] مفتاح Gemini بلغ الحد (429) — تدوير للمفتاح التالي. متاح الآن: 5/7
[7/4/2026, 22:24:04] [WARN] [AI_RATE_LIMIT] تجاوز الحد المسموح (429) — محاولة 2/3
[7/4/2026, 22:24:06] [WARN] [AI_KEY_ROTATE] مفتاح Gemini بلغ الحد (429) — تدوير للمفتاح التالي. متاح الآن: 4/7
[7/4/2026, 22:24:06] [WARN] [AI_RATE_LIMIT] تجاوز الحد المسموح (429) — محاولة 3/3
[7/4/2026, 22:24:09] [ERROR] [TRAINER] فشل الاستخراج لـ 165785871884440: You exceeded your current quota, please check your plan and billing details. For more information on this error, head to: https://ai.google.dev/gemini-api/docs/rate-limits. To monitor your current usage, head to: https://ai.dev/rate-limit. 
* Quota exceeded for metric: generativelanguage.googleapis.com/generate_content_free_tier_requests, limit: 20, model: gemini-3.5-flash
Please retry in 53.489490245s.
[7/4/2026, 22:24:13] [WARN] [AI_KEY_ROTATE] مفتاح Gemini بلغ الحد (429) — تدوير للمفتاح التالي. متاح الآن: 3/7
[7/4/2026, 22:24:13] [WARN] [AI_RATE_LIMIT] تجاوز الحد المسموح (429) — محاولة 1/3
[7/4/2026, 22:24:14] [WARN] [AI_KEY_ROTATE] مفتاح Gemini بلغ الحد (429) — تدوير للمفتاح التالي. متاح الآن: 2/7
[7/4/2026, 22:24:14] [WARN] [AI_RATE_LIMIT] تجاوز الحد المسموح (429) — محاولة 2/3
[7/4/2026, 22:24:17] [WARN] [AI_KEY_ROTATE] مفتاح Gemini بلغ الحد (429) — تدوير للمفتاح التالي. متاح الآن: 1/7
[7/4/2026, 22:24:17] [WARN] [AI_RATE_LIMIT] تجاوز الحد المسموح (429) — محاولة 3/3
[7/4/2026, 22:24:20] [ERROR] [AI_HANDLE] فشل الرد على 165785871884440: You exceeded your current quota, please check your plan and billing details. For more information on this error, head to: https://ai.google.dev/gemini-api/docs/rate-limits. To monitor your current usage, head to: https://ai.dev/rate-limit. 
* Quota exceeded for metric: generativelanguage.googleapis.com/generate_content_free_tier_requests, limit: 20, model: gemini-3.5-flash
Please retry in 42.970265964s.
[7/4/2026, 22:24:20] [WARN] [AI_KEY_ROTATE] مفتاح Gemini بلغ الحد (429) — تدوير للمفتاح التالي. متاح الآن: 0/7
[7/4/2026, 22:24:20] [WARN] [AI_RATE_LIMIT] تجاوز الحد المسموح (429) — محاولة 1/3
[7/4/2026, 22:25:03] [WARN] [AI_KEY_ROTATE] مفتاح Gemini بلغ الحد (429) — تدوير للمفتاح التالي. متاح الآن: 0/7
[7/4/2026, 22:25:03] [WARN] [AI_RATE_LIMIT] تجاوز الحد المسموح (429) — محاولة 2/3
[7/4/2026, 22:25:05] [WARN] [AI_KEY_ROTATE] مفتاح Gemini بلغ الحد (429) — تدوير للمفتاح التالي. متاح الآن: 0/7
[7/4/2026, 22:25:05] [WARN] [AI_RATE_LIMIT] تجاوز الحد المسموح (429) — محاولة 3/3
[7/4/2026, 22:25:08] [ERROR] [AI_HANDLE] فشل الرد على 165785871884440: You exceeded your current quota, please check your plan and billing details. For more information on this error, head to: https://ai.google.dev/gemini-api/docs/rate-limits. To monitor your current usage, head to: https://ai.dev/rate-limit. 
* Quota exceeded for metric: generativelanguage.googleapis.com/generate_content_free_tier_requests, limit: 20, model: gemini-3.5-flash
Please retry in 54.166419966s.
[7/4/2026, 23:12:34] [WARN] [AI_KEY_ROTATE] مفتاح Gemini بلغ الحد (429) — تدوير للمفتاح التالي. متاح الآن: 6/7
[7/4/2026, 23:12:34] [WARN] [AI_RATE_LIMIT] تجاوز الحد المسموح (429) — محاولة 1/3
[7/4/2026, 23:12:39] [INFO] [AI_REPLY] user=226924999782614 duration=5881ms tokens=2020
[7/4/2026, 23:12:40] [WARN] [AI_KEY_ROTATE] مفتاح Gemini بلغ الحد (429) — تدوير للمفتاح التالي. متاح الآن: 5/7
[7/4/2026, 23:12:40] [WARN] [AI_RATE_LIMIT] تجاوز الحد المسموح (429) — محاولة 1/3
[7/4/2026, 23:12:41] [WARN] [AI_KEY_ROTATE] مفتاح Gemini بلغ الحد (429) — تدوير للمفتاح التالي. متاح الآن: 4/7
[7/4/2026, 23:12:41] [WARN] [AI_RATE_LIMIT] تجاوز الحد المسموح (429) — محاولة 2/3
[7/4/2026, 23:12:43] [WARN] [AI_KEY_ROTATE] مفتاح Gemini بلغ الحد (429) — تدوير للمفتاح التالي. متاح الآن: 3/7
[7/4/2026, 23:12:43] [WARN] [AI_RATE_LIMIT] تجاوز الحد المسموح (429) — محاولة 3/3
[7/4/2026, 23:12:46] [ERROR] [TRAINER] فشل الاستخراج لـ 226924999782614: You exceeded your current quota, please check your plan and billing details. For more information on this error, head to: https://ai.google.dev/gemini-api/docs/rate-limits. To monitor your current usage, head to: https://ai.dev/rate-limit. 
* Quota exceeded for metric: generativelanguage.googleapis.com/generate_content_free_tier_requests, limit: 20, model: gemini-3.5-flash
Please retry in 16.125603851s.
[7/4/2026, 23:13:26] [WARN] [AI_KEY_ROTATE] مفتاح Gemini بلغ الحد (429) — تدوير للمفتاح التالي. متاح الآن: 2/7
[7/4/2026, 23:13:26] [WARN] [AI_RATE_LIMIT] تجاوز الحد المسموح (429) — محاولة 1/3
[7/4/2026, 23:13:27] [WARN] [AI_KEY_ROTATE] مفتاح Gemini بلغ الحد (429) — تدوير للمفتاح التالي. متاح الآن: 1/7
[7/4/2026, 23:13:27] [WARN] [AI_RATE_LIMIT] تجاوز الحد المسموح (429) — محاولة 2/3
[7/4/2026, 23:13:29] [WARN] [AI_KEY_ROTATE] مفتاح Gemini بلغ الحد (429) — تدوير للمفتاح التالي. متاح الآن: 0/7
[7/4/2026, 23:13:29] [WARN] [AI_RATE_LIMIT] تجاوز الحد المسموح (429) — محاولة 3/3
[7/4/2026, 23:13:32] [ERROR] [AI_HANDLE] فشل الرد على 226924999782614: You exceeded your current quota, please check your plan and billing details. For more information on this error, head to: https://ai.google.dev/gemini-api/docs/rate-limits. To monitor your current usage, head to: https://ai.dev/rate-limit. 
* Quota exceeded for metric: generativelanguage.googleapis.com/generate_content_free_tier_requests, limit: 20, model: gemini-3.5-flash
Please retry in 30.477430148s.
[7/4/2026, 23:13:56] [WARN] [AI_KEY_ROTATE] مفتاح Gemini بلغ الحد (429) — تدوير للمفتاح التالي. متاح الآن: 3/7
[7/4/2026, 23:13:56] [WARN] [AI_RATE_LIMIT] تجاوز الحد المسموح (429) — محاولة 1/3
[7/4/2026, 23:13:57] [WARN] [AI_KEY_ROTATE] مفتاح Gemini بلغ الحد (429) — تدوير للمفتاح التالي. متاح الآن: 2/7
[7/4/2026, 23:13:57] [WARN] [AI_RATE_LIMIT] تجاوز الحد المسموح (429) — محاولة 2/3
[7/4/2026, 23:13:59] [WARN] [AI_KEY_ROTATE] مفتاح Gemini بلغ الحد (429) — تدوير للمفتاح التالي. متاح الآن: 1/7
[7/4/2026, 23:13:59] [WARN] [AI_RATE_LIMIT] تجاوز الحد المسموح (429) — محاولة 3/3
[7/4/2026, 23:14:02] [ERROR] [AI_HANDLE] فشل الرد على 226924999782614: You exceeded your current quota, please check your plan and billing details. For more information on this error, head to: https://ai.google.dev/gemini-api/docs/rate-limits. To monitor your current usage, head to: https://ai.dev/rate-limit. 
* Quota exceeded for metric: generativelanguage.googleapis.com/generate_content_free_tier_requests, limit: 20, model: gemini-3.5-flash
Please retry in 473.968067ms.
[7/4/2026, 23:38:18] [WARN] [AI_KEY_ROTATE] مفتاح Gemini بلغ الحد (429) — تدوير للمفتاح التالي. متاح الآن: 6/7
[7/4/2026, 23:38:18] [WARN] [AI_RATE_LIMIT] تجاوز الحد المسموح (429) — محاولة 1/3
[7/4/2026, 23:38:19] [WARN] [AI_KEY_ROTATE] مفتاح Gemini بلغ الحد (429) — تدوير للمفتاح التالي. متاح الآن: 5/7
[7/4/2026, 23:38:19] [WARN] [AI_RATE_LIMIT] تجاوز الحد المسموح (429) — محاولة 2/3
[7/4/2026, 23:38:26] [INFO] [AI_REPLY] user=34888724045855 duration=7827ms tokens=2022
[7/4/2026, 23:38:26] [WARN] [AI_KEY_ROTATE] مفتاح Gemini بلغ الحد (429) — تدوير للمفتاح التالي. متاح الآن: 4/7
[7/4/2026, 23:38:26] [WARN] [AI_RATE_LIMIT] تجاوز الحد المسموح (429) — محاولة 1/3
[7/4/2026, 23:38:28] [WARN] [AI_KEY_ROTATE] مفتاح Gemini بلغ الحد (429) — تدوير للمفتاح التالي. متاح الآن: 3/7
[7/4/2026, 23:38:28] [WARN] [AI_RATE_LIMIT] تجاوز الحد المسموح (429) — محاولة 2/3
[7/4/2026, 23:38:30] [WARN] [AI_KEY_ROTATE] مفتاح Gemini بلغ الحد (429) — تدوير للمفتاح التالي. متاح الآن: 2/7
[7/4/2026, 23:38:30] [WARN] [AI_RATE_LIMIT] تجاوز الحد المسموح (429) — محاولة 3/3
[7/4/2026, 23:38:33] [ERROR] [TRAINER] فشل الاستخراج لـ 34888724045855: You exceeded your current quota, please check your plan and billing details. For more information on this error, head to: https://ai.google.dev/gemini-api/docs/rate-limits. To monitor your current usage, head to: https://ai.dev/rate-limit. 
* Quota exceeded for metric: generativelanguage.googleapis.com/generate_content_free_tier_requests, limit: 20, model: gemini-3.5-flash
Please retry in 29.72995731s.
[7/4/2026, 23:38:33] [WARN] [AI_KEY_ROTATE] مفتاح Gemini بلغ الحد (429) — تدوير للمفتاح التالي. متاح الآن: 1/7
[7/4/2026, 23:38:33] [WARN] [AI_RATE_LIMIT] تجاوز الحد المسموح (429) — محاولة 1/3
[7/4/2026, 23:38:35] [WARN] [AI_KEY_ROTATE] مفتاح Gemini بلغ الحد (429) — تدوير للمفتاح التالي. متاح الآن: 0/7
[7/4/2026, 23:38:35] [WARN] [AI_RATE_LIMIT] تجاوز الحد المسموح (429) — محاولة 2/3
[7/4/2026, 23:38:36] [ERROR] [AI_UNKNOWN] fetch failed
[7/4/2026, 23:38:36] [ERROR] [AI_HANDLE] فشل الرد على 34888724045855: fetch failed
[7/4/2026, 23:39:19] [WARN] [AI_KEY_ROTATE] مفتاح Gemini بلغ الحد (429) — تدوير للمفتاح التالي. متاح الآن: 0/7
[7/4/2026, 23:39:19] [WARN] [AI_RATE_LIMIT] تجاوز الحد المسموح (429) — محاولة 3/3
[7/4/2026, 23:39:22] [ERROR] [AI_HANDLE] فشل الرد على 136847103680569: You exceeded your current quota, please check your plan and billing details. For more information on this error, head to: https://ai.google.dev/gemini-api/docs/rate-limits. To monitor your current usage, head to: https://ai.dev/rate-limit. 
* Quota exceeded for metric: generativelanguage.googleapis.com/generate_content_free_tier_requests, limit: 20, model: gemini-3.5-flash
Please retry in 40.729370175s.
[7/4/2026, 23:52:44] [INFO] [AI_REPLY] user=15685707153465 duration=9647ms tokens=2025
[7/4/2026, 23:52:44] [WARN] [AI_KEY_ROTATE] مفتاح Gemini بلغ الحد (429) — تدوير للمفتاح التالي. متاح الآن: 6/7
[7/4/2026, 23:52:44] [WARN] [AI_RATE_LIMIT] تجاوز الحد المسموح (429) — محاولة 1/3
[7/4/2026, 23:52:45] [WARN] [AI_KEY_ROTATE] مفتاح Gemini بلغ الحد (429) — تدوير للمفتاح التالي. متاح الآن: 5/7
[7/4/2026, 23:52:45] [WARN] [AI_RATE_LIMIT] تجاوز الحد المسموح (429) — محاولة 2/3
[7/4/2026, 23:52:47] [WARN] [AI_KEY_ROTATE] مفتاح Gemini بلغ الحد (429) — تدوير للمفتاح التالي. متاح الآن: 4/7
[7/4/2026, 23:52:47] [WARN] [AI_RATE_LIMIT] تجاوز الحد المسموح (429) — محاولة 3/3
[7/4/2026, 23:52:50] [ERROR] [TRAINER] فشل الاستخراج لـ 15685707153465: You exceeded your current quota, please check your plan and billing details. For more information on this error, head to: https://ai.google.dev/gemini-api/docs/rate-limits. To monitor your current usage, head to: https://ai.dev/rate-limit. 
* Quota exceeded for metric: generativelanguage.googleapis.com/generate_content_free_tier_requests, limit: 20, model: gemini-3.5-flash
Please retry in 12.126523425s.
[7/4/2026, 23:53:25] [WARN] [AI_KEY_ROTATE] مفتاح Gemini بلغ الحد (429) — تدوير للمفتاح التالي. متاح الآن: 3/7
[7/4/2026, 23:53:25] [WARN] [AI_RATE_LIMIT] تجاوز الحد المسموح (429) — محاولة 1/3
[7/4/2026, 23:53:26] [WARN] [AI_KEY_ROTATE] مفتاح Gemini بلغ الحد (429) — تدوير للمفتاح التالي. متاح الآن: 2/7
[7/4/2026, 23:53:26] [WARN] [AI_RATE_LIMIT] تجاوز الحد المسموح (429) — محاولة 2/3
[7/4/2026, 23:53:28] [WARN] [AI_KEY_ROTATE] مفتاح Gemini بلغ الحد (429) — تدوير للمفتاح التالي. متاح الآن: 1/7
[7/4/2026, 23:53:28] [WARN] [AI_RATE_LIMIT] تجاوز الحد المسموح (429) — محاولة 3/3
[7/4/2026, 23:53:31] [ERROR] [AI_HANDLE] فشل الرد على 15685707153465: You exceeded your current quota, please check your plan and billing details. For more information on this error, head to: https://ai.google.dev/gemini-api/docs/rate-limits. To monitor your current usage, head to: https://ai.dev/rate-limit. 
* Quota exceeded for metric: generativelanguage.googleapis.com/generate_content_free_tier_requests, limit: 20, model: gemini-3.5-flash
Please retry in 31.130954224s.
[7/4/2026, 23:53:32] [WARN] [AI_KEY_ROTATE] مفتاح Gemini بلغ الحد (429) — تدوير للمفتاح التالي. متاح الآن: 0/7
[7/4/2026, 23:53:32] [WARN] [AI_RATE_LIMIT] تجاوز الحد المسموح (429) — محاولة 1/3
[7/4/2026, 23:53:45] [WARN] [AI_KEY_ROTATE] مفتاح Gemini بلغ الحد (429) — تدوير للمفتاح التالي. متاح الآن: 0/7
[7/4/2026, 23:53:45] [WARN] [AI_RATE_LIMIT] تجاوز الحد المسموح (429) — محاولة 2/3
[7/4/2026, 23:53:47] [WARN] [AI_KEY_ROTATE] مفتاح Gemini بلغ الحد (429) — تدوير للمفتاح التالي. متاح الآن: 0/7
[7/4/2026, 23:53:47] [WARN] [AI_RATE_LIMIT] تجاوز الحد المسموح (429) — محاولة 3/3
[7/4/2026, 23:53:50] [ERROR] [AI_HANDLE] فشل الرد على 15685707153465: You exceeded your current quota, please check your plan and billing details. For more information on this error, head to: https://ai.google.dev/gemini-api/docs/rate-limits. To monitor your current usage, head to: https://ai.dev/rate-limit. 
* Quota exceeded for metric: generativelanguage.googleapis.com/generate_content_free_tier_requests, limit: 20, model: gemini-3.5-flash
Please retry in 12.602750037s.
[7/5/2026, 20:38:07] [WARN] [AI_CONFIG] GEMINI_API_KEYS/GEMINI_API_KEY غير موجود في .env — نظام الذكاء الاصطناعي لن يعمل بشكل صحيح.
[7/5/2026, 20:38:38] [ERROR] [AI_UNKNOWN] لا يوجد أي مفتاح API مضبوط بالـ Pool
[7/5/2026, 20:38:38] [ERROR] [AI_HANDLE] فشل الرد على 226924999782614: لا يوجد أي مفتاح API مضبوط بالـ Pool
[7/5/2026, 20:38:38] [ERROR] [AI_UNKNOWN] لا يوجد أي مفتاح API مضبوط بالـ Pool
[7/5/2026, 20:38:38] [ERROR] [AI_HANDLE] فشل الرد على 15685707153465: لا يوجد أي مفتاح API مضبوط بالـ Pool
[7/5/2026, 20:38:38] [ERROR] [AI_UNKNOWN] لا يوجد أي مفتاح API مضبوط بالـ Pool
[7/5/2026, 20:38:38] [ERROR] [AI_HANDLE] فشل الرد على 15685707153465: لا يوجد أي مفتاح API مضبوط بالـ Pool
[7/5/2026, 20:38:38] [ERROR] [AI_UNKNOWN] لا يوجد أي مفتاح API مضبوط بالـ Pool
[7/5/2026, 20:38:38] [ERROR] [AI_HANDLE] فشل الرد على 15685707153465: لا يوجد أي مفتاح API مضبوط بالـ Pool
[7/5/2026, 20:38:38] [ERROR] [AI_UNKNOWN] لا يوجد أي مفتاح API مضبوط بالـ Pool
[7/5/2026, 20:38:38] [ERROR] [AI_HANDLE] فشل الرد على 97341407268963: لا يوجد أي مفتاح API مضبوط بالـ Pool
[7/5/2026, 20:38:38] [ERROR] [AI_UNKNOWN] لا يوجد أي مفتاح API مضبوط بالـ Pool
[7/5/2026, 20:38:38] [ERROR] [AI_HANDLE] فشل الرد على 132113529622621: لا يوجد أي مفتاح API مضبوط بالـ Pool
[7/5/2026, 20:38:38] [ERROR] [AI_UNKNOWN] لا يوجد أي مفتاح API مضبوط بالـ Pool
[7/5/2026, 20:38:38] [ERROR] [AI_HANDLE] فشل الرد على 132113529622621: لا يوجد أي مفتاح API مضبوط بالـ Pool
[7/5/2026, 20:38:38] [ERROR] [AI_UNKNOWN] لا يوجد أي مفتاح API مضبوط بالـ Pool
[7/5/2026, 20:38:38] [ERROR] [AI_HANDLE] فشل الرد على 193552734773367: لا يوجد أي مفتاح API مضبوط بالـ Pool
[7/5/2026, 20:38:38] [ERROR] [AI_UNKNOWN] لا يوجد أي مفتاح API مضبوط بالـ Pool
[7/5/2026, 20:38:38] [ERROR] [AI_HANDLE] فشل الرد على 132113529622621: لا يوجد أي مفتاح API مضبوط بالـ Pool
[7/5/2026, 20:38:38] [ERROR] [AI_UNKNOWN] لا يوجد أي مفتاح API مضبوط بالـ Pool
[7/5/2026, 20:38:38] [ERROR] [AI_HANDLE] فشل الرد على 97341407268963: لا يوجد أي مفتاح API مضبوط بالـ Pool
[7/5/2026, 20:38:38] [ERROR] [AI_UNKNOWN] لا يوجد أي مفتاح API مضبوط بالـ Pool
[7/5/2026, 20:38:38] [ERROR] [AI_HANDLE] فشل الرد على 38268913594610: لا يوجد أي مفتاح API مضبوط بالـ Pool
[7/5/2026, 20:38:38] [ERROR] [AI_UNKNOWN] لا يوجد أي مفتاح API مضبوط بالـ Pool
[7/5/2026, 20:38:38] [ERROR] [AI_HANDLE] فشل الرد على 38268913594610: لا يوجد أي مفتاح API مضبوط بالـ Pool
[7/5/2026, 20:38:38] [ERROR] [AI_UNKNOWN] لا يوجد أي مفتاح API مضبوط بالـ Pool
[7/5/2026, 20:38:38] [ERROR] [AI_HANDLE] فشل الرد على 38268913594610: لا يوجد أي مفتاح API مضبوط بالـ Pool
[7/5/2026, 20:38:38] [ERROR] [AI_UNKNOWN] لا يوجد أي مفتاح API مضبوط بالـ Pool
[7/5/2026, 20:38:38] [ERROR] [AI_HANDLE] فشل الرد على 38268913594610: لا يوجد أي مفتاح API مضبوط بالـ Pool
[7/5/2026, 20:38:38] [ERROR] [AI_UNKNOWN] لا يوجد أي مفتاح API مضبوط بالـ Pool
[7/5/2026, 20:38:38] [ERROR] [AI_HANDLE] فشل الرد على 38268913594610: لا يوجد أي مفتاح API مضبوط بالـ Pool
[7/5/2026, 20:38:38] [ERROR] [AI_UNKNOWN] لا يوجد أي مفتاح API مضبوط بالـ Pool
[7/5/2026, 20:38:38] [ERROR] [AI_HANDLE] فشل الرد على 38268913594610: لا يوجد أي مفتاح API مضبوط بالـ Pool
[7/5/2026, 20:38:39] [ERROR] [AI_UNKNOWN] لا يوجد أي مفتاح API مضبوط بالـ Pool
[7/5/2026, 20:38:39] [ERROR] [AI_HANDLE] فشل الرد على 38268913594610: لا يوجد أي مفتاح API مضبوط بالـ Pool
[7/5/2026, 20:38:39] [ERROR] [AI_UNKNOWN] لا يوجد أي مفتاح API مضبوط بالـ Pool
[7/5/2026, 20:38:39] [ERROR] [AI_HANDLE] فشل الرد على 38268913594610: لا يوجد أي مفتاح API مضبوط بالـ Pool
[7/5/2026, 20:38:39] [ERROR] [AI_UNKNOWN] لا يوجد أي مفتاح API مضبوط بالـ Pool
[7/5/2026, 20:38:39] [ERROR] [AI_HANDLE] فشل الرد على 38268913594610: لا يوجد أي مفتاح API مضبوط بالـ Pool
[7/5/2026, 20:38:39] [ERROR] [AI_UNKNOWN] لا يوجد أي مفتاح API مضبوط بالـ Pool
[7/5/2026, 20:38:39] [ERROR] [AI_HANDLE] فشل الرد على 38268913594610: لا يوجد أي مفتاح API مضبوط بالـ Pool
[7/5/2026, 20:38:39] [ERROR] [AI_UNKNOWN] لا يوجد أي مفتاح API مضبوط بالـ Pool
[7/5/2026, 20:38:39] [ERROR] [AI_HANDLE] فشل الرد على 38268913594610: لا يوجد أي مفتاح API مضبوط بالـ Pool
[7/5/2026, 20:38:39] [ERROR] [AI_UNKNOWN] لا يوجد أي مفتاح API مضبوط بالـ Pool
[7/5/2026, 20:38:39] [ERROR] [AI_HANDLE] فشل الرد على 38268913594610: لا يوجد أي مفتاح API مضبوط بالـ Pool
[7/5/2026, 20:38:39] [ERROR] [AI_UNKNOWN] لا يوجد أي مفتاح API مضبوط بالـ Pool
[7/5/2026, 20:38:39] [ERROR] [AI_HANDLE] فشل الرد على 38268913594610: لا يوجد أي مفتاح API مضبوط بالـ Pool
[7/5/2026, 20:38:39] [ERROR] [AI_UNKNOWN] لا يوجد أي مفتاح API مضبوط بالـ Pool
[7/5/2026, 20:38:39] [ERROR] [AI_HANDLE] فشل الرد على 38268913594610: لا يوجد أي مفتاح API مضبوط بالـ Pool
[7/5/2026, 20:38:39] [ERROR] [AI_UNKNOWN] لا يوجد أي مفتاح API مضبوط بالـ Pool
[7/5/2026, 20:38:39] [ERROR] [AI_HANDLE] فشل الرد على 38268913594610: لا يوجد أي مفتاح API مضبوط بالـ Pool
[7/5/2026, 20:38:39] [ERROR] [AI_UNKNOWN] لا يوجد أي مفتاح API مضبوط بالـ Pool
[7/5/2026, 20:38:39] [ERROR] [AI_HANDLE] فشل الرد على 38268913594610: لا يوجد أي مفتاح API مضبوط بالـ Pool
[7/5/2026, 20:38:39] [ERROR] [AI_UNKNOWN] لا يوجد أي مفتاح API مضبوط بالـ Pool
[7/5/2026, 20:38:39] [ERROR] [AI_HANDLE] فشل الرد على 38268913594610: لا يوجد أي مفتاح API مضبوط بالـ Pool
[7/5/2026, 20:38:39] [ERROR] [AI_UNKNOWN] لا يوجد أي مفتاح API مضبوط بالـ Pool
[7/5/2026, 20:38:39] [ERROR] [AI_HANDLE] فشل الرد على 38268913594610: لا يوجد أي مفتاح API مضبوط بالـ Pool
[7/5/2026, 20:38:39] [ERROR] [AI_UNKNOWN] لا يوجد أي مفتاح API مضبوط بالـ Pool
[7/5/2026, 20:38:39] [ERROR] [AI_HANDLE] فشل الرد على 38268913594610: لا يوجد أي مفتاح API مضبوط بالـ Pool
[7/5/2026, 20:38:39] [ERROR] [AI_UNKNOWN] لا يوجد أي مفتاح API مضبوط بالـ Pool
[7/5/2026, 20:38:39] [ERROR] [AI_HANDLE] فشل الرد على 38268913594610: لا يوجد أي مفتاح API مضبوط بالـ Pool
[7/5/2026, 20:38:39] [ERROR] [AI_UNKNOWN] لا يوجد أي مفتاح API مضبوط بالـ Pool
[7/5/2026, 20:38:39] [ERROR] [AI_HANDLE] فشل الرد على 38268913594610: لا يوجد أي مفتاح API مضبوط بالـ Pool
[7/5/2026, 20:38:39] [ERROR] [AI_UNKNOWN] لا يوجد أي مفتاح API مضبوط بالـ Pool
[7/5/2026, 20:38:39] [ERROR] [AI_HANDLE] فشل الرد على 38268913594610: لا يوجد أي مفتاح API مضبوط بالـ Pool
[7/5/2026, 20:38:39] [ERROR] [AI_UNKNOWN] لا يوجد أي مفتاح API مضبوط بالـ Pool
[7/5/2026, 20:38:39] [ERROR] [AI_HANDLE] فشل الرد على 38268913594610: لا يوجد أي مفتاح API مضبوط بالـ Pool
[7/5/2026, 20:38:39] [ERROR] [AI_UNKNOWN] لا يوجد أي مفتاح API مضبوط بالـ Pool
[7/5/2026, 20:38:39] [ERROR] [AI_HANDLE] فشل الرد على 38268913594610: لا يوجد أي مفتاح API مضبوط بالـ Pool
[7/5/2026, 20:38:39] [ERROR] [AI_UNKNOWN] لا يوجد أي مفتاح API مضبوط بالـ Pool
[7/5/2026, 20:38:39] [ERROR] [AI_HANDLE] فشل الرد على 38268913594610: لا يوجد أي مفتاح API مضبوط بالـ Pool
[7/5/2026, 20:38:39] [ERROR] [AI_UNKNOWN] لا يوجد أي مفتاح API مضبوط بالـ Pool
[7/5/2026, 20:38:39] [ERROR] [AI_HANDLE] فشل الرد على 132113529622621: لا يوجد أي مفتاح API مضبوط بالـ Pool
[7/5/2026, 20:38:39] [ERROR] [AI_UNKNOWN] لا يوجد أي مفتاح API مضبوط بالـ Pool
[7/5/2026, 20:38:39] [ERROR] [AI_HANDLE] فشل الرد على 38268913594610: لا يوجد أي مفتاح API مضبوط بالـ Pool
[7/5/2026, 20:38:39] [ERROR] [AI_UNKNOWN] لا يوجد أي مفتاح API مضبوط بالـ Pool
[7/5/2026, 20:38:39] [ERROR] [AI_HANDLE] فشل الرد على 132113529622621: لا يوجد أي مفتاح API مضبوط بالـ Pool
[7/5/2026, 20:38:39] [ERROR] [AI_UNKNOWN] لا يوجد أي مفتاح API مضبوط بالـ Pool
[7/5/2026, 20:38:39] [ERROR] [AI_HANDLE] فشل الرد على 38268913594610: لا يوجد أي مفتاح API مضبوط بالـ Pool
[7/5/2026, 20:38:39] [ERROR] [AI_UNKNOWN] لا يوجد أي مفتاح API مضبوط بالـ Pool
[7/5/2026, 20:38:39] [ERROR] [AI_HANDLE] فشل الرد على 38268913594610: لا يوجد أي مفتاح API مضبوط بالـ Pool
[7/5/2026, 20:38:39] [ERROR] [AI_UNKNOWN] لا يوجد أي مفتاح API مضبوط بالـ Pool
[7/5/2026, 20:38:39] [ERROR] [AI_HANDLE] فشل الرد على 38268913594610: لا يوجد أي مفتاح API مضبوط بالـ Pool
[7/5/2026, 20:38:39] [ERROR] [AI_UNKNOWN] لا يوجد أي مفتاح API مضبوط بالـ Pool
[7/5/2026, 20:38:39] [ERROR] [AI_HANDLE] فشل الرد على 132113529622621: لا يوجد أي مفتاح API مضبوط بالـ Pool
[7/5/2026, 20:38:39] [ERROR] [AI_UNKNOWN] لا يوجد أي مفتاح API مضبوط بالـ Pool
[7/5/2026, 20:38:39] [ERROR] [AI_HANDLE] فشل الرد على 38268913594610: لا يوجد أي مفتاح API مضبوط بالـ Pool
[7/5/2026, 20:38:39] [ERROR] [AI_UNKNOWN] لا يوجد أي مفتاح API مضبوط بالـ Pool
[7/5/2026, 20:38:39] [ERROR] [AI_HANDLE] فشل الرد على 132113529622621: لا يوجد أي مفتاح API مضبوط بالـ Pool
[7/5/2026, 20:38:39] [ERROR] [AI_UNKNOWN] لا يوجد أي مفتاح API مضبوط بالـ Pool
[7/5/2026, 20:38:39] [ERROR] [AI_HANDLE] فشل الرد على 38268913594610: لا يوجد أي مفتاح API مضبوط بالـ Pool
[7/5/2026, 20:38:39] [ERROR] [AI_UNKNOWN] لا يوجد أي مفتاح API مضبوط بالـ Pool
[7/5/2026, 20:38:39] [ERROR] [AI_HANDLE] فشل الرد على 38268913594610: لا يوجد أي مفتاح API مضبوط بالـ Pool
[7/5/2026, 20:38:39] [ERROR] [AI_UNKNOWN] لا يوجد أي مفتاح API مضبوط بالـ Pool
[7/5/2026, 20:38:39] [ERROR] [AI_HANDLE] فشل الرد على 38268913594610: لا يوجد أي مفتاح API مضبوط بالـ Pool
[7/5/2026, 20:38:39] [ERROR] [AI_UNKNOWN] لا يوجد أي مفتاح API مضبوط بالـ Pool
[7/5/2026, 20:38:39] [ERROR] [AI_HANDLE] فشل الرد على 132113529622621: لا يوجد أي مفتاح API مضبوط بالـ Pool
[7/5/2026, 20:38:39] [ERROR] [AI_UNKNOWN] لا يوجد أي مفتاح API مضبوط بالـ Pool
[7/5/2026, 20:38:39] [ERROR] [AI_HANDLE] فشل الرد على 38268913594610: لا يوجد أي مفتاح API مضبوط بالـ Pool
[7/5/2026, 20:38:39] [ERROR] [AI_UNKNOWN] لا يوجد أي مفتاح API مضبوط بالـ Pool
[7/5/2026, 20:38:39] [ERROR] [AI_HANDLE] فشل الرد على 38268913594610: لا يوجد أي مفتاح API مضبوط بالـ Pool
[7/5/2026, 20:38:39] [ERROR] [AI_UNKNOWN] لا يوجد أي مفتاح API مضبوط بالـ Pool
[7/5/2026, 20:38:39] [ERROR] [AI_HANDLE] فشل الرد على 38268913594610: لا يوجد أي مفتاح API مضبوط بالـ Pool
[7/5/2026, 20:38:39] [ERROR] [AI_UNKNOWN] لا يوجد أي مفتاح API مضبوط بالـ Pool
[7/5/2026, 20:38:39] [ERROR] [AI_HANDLE] فشل الرد على 38268913594610: لا يوجد أي مفتاح API مضبوط بالـ Pool
[7/5/2026, 20:38:39] [ERROR] [AI_UNKNOWN] لا يوجد أي مفتاح API مضبوط بالـ Pool
[7/5/2026, 20:38:39] [ERROR] [AI_HANDLE] فشل الرد على 38268913594610: لا يوجد أي مفتاح API مضبوط بالـ Pool
[7/5/2026, 20:38:39] [ERROR] [AI_UNKNOWN] لا يوجد أي مفتاح API مضبوط بالـ Pool
[7/5/2026, 20:38:39] [ERROR] [AI_HANDLE] فشل الرد على 38268913594610: لا يوجد أي مفتاح API مضبوط بالـ Pool
[7/5/2026, 20:38:39] [ERROR] [AI_UNKNOWN] لا يوجد أي مفتاح API مضبوط بالـ Pool
[7/5/2026, 20:38:39] [ERROR] [AI_HANDLE] فشل الرد على 38268913594610: لا يوجد أي مفتاح API مضبوط بالـ Pool
[7/5/2026, 20:38:39] [ERROR] [AI_UNKNOWN] لا يوجد أي مفتاح API مضبوط بالـ Pool
[7/5/2026, 20:38:39] [ERROR] [AI_HANDLE] فشل الرد على 38268913594610: لا يوجد أي مفتاح API مضبوط بالـ Pool
[7/5/2026, 20:38:39] [ERROR] [AI_UNKNOWN] لا يوجد أي مفتاح API مضبوط بالـ Pool
[7/5/2026, 20:38:39] [ERROR] [AI_HANDLE] فشل الرد على 38268913594610: لا يوجد أي مفتاح API مضبوط بالـ Pool
[7/5/2026, 20:38:39] [ERROR] [AI_UNKNOWN] لا يوجد أي مفتاح API مضبوط بالـ Pool
[7/5/2026, 20:38:39] [ERROR] [AI_HANDLE] فشل الرد على 38268913594610: لا يوجد أي مفتاح API مضبوط بالـ Pool
[7/5/2026, 20:38:39] [ERROR] [AI_UNKNOWN] لا يوجد أي مفتاح API مضبوط بالـ Pool
[7/5/2026, 20:38:39] [ERROR] [AI_HANDLE] فشل الرد على 38268913594610: لا يوجد أي مفتاح API مضبوط بالـ Pool
[7/5/2026, 20:38:39] [ERROR] [AI_UNKNOWN] لا يوجد أي مفتاح API مضبوط بالـ Pool
[7/5/2026, 20:38:39] [ERROR] [AI_HANDLE] فشل الرد على 38268913594610: لا يوجد أي مفتاح API مضبوط بالـ Pool
[7/5/2026, 20:38:39] [ERROR] [AI_UNKNOWN] لا يوجد أي مفتاح API مضبوط بالـ Pool
[7/5/2026, 20:38:39] [ERROR] [AI_HANDLE] فشل الرد على 38268913594610: لا يوجد أي مفتاح API مضبوط بالـ Pool
[7/5/2026, 20:38:39] [ERROR] [AI_UNKNOWN] لا يوجد أي مفتاح API مضبوط بالـ Pool
[7/5/2026, 20:38:39] [ERROR] [AI_HANDLE] فشل الرد على 38268913594610: لا يوجد أي مفتاح API مضبوط بالـ Pool
[7/5/2026, 20:38:39] [ERROR] [AI_UNKNOWN] لا يوجد أي مفتاح API مضبوط بالـ Pool
[7/5/2026, 20:38:39] [ERROR] [AI_HANDLE] فشل الرد على 38268913594610: لا يوجد أي مفتاح API مضبوط بالـ Pool
[7/5/2026, 20:38:39] [ERROR] [AI_UNKNOWN] لا يوجد أي مفتاح API مضبوط بالـ Pool
[7/5/2026, 20:38:39] [ERROR] [AI_HANDLE] فشل الرد على 38268913594610: لا يوجد أي مفتاح API مضبوط بالـ Pool
[7/5/2026, 20:38:39] [ERROR] [AI_UNKNOWN] لا يوجد أي مفتاح API مضبوط بالـ Pool
[7/5/2026, 20:38:39] [ERROR] [AI_HANDLE] فشل الرد على 38268913594610: لا يوجد أي مفتاح API مضبوط بالـ Pool
[7/5/2026, 20:38:39] [ERROR] [AI_UNKNOWN] لا يوجد أي مفتاح API مضبوط بالـ Pool
[7/5/2026, 20:38:39] [ERROR] [AI_HANDLE] فشل الرد على 38268913594610: لا يوجد أي مفتاح API مضبوط بالـ Pool
[7/5/2026, 20:38:39] [ERROR] [AI_UNKNOWN] لا يوجد أي مفتاح API مضبوط بالـ Pool
[7/5/2026, 20:38:39] [ERROR] [AI_HANDLE] فشل الرد على 38268913594610: لا يوجد أي مفتاح API مضبوط بالـ Pool
[7/5/2026, 20:38:39] [ERROR] [AI_UNKNOWN] لا يوجد أي مفتاح API مضبوط بالـ Pool
[7/5/2026, 20:38:39] [ERROR] [AI_HANDLE] فشل الرد على 38268913594610: لا يوجد أي مفتاح API مضبوط بالـ Pool
[7/5/2026, 20:38:39] [ERROR] [AI_UNKNOWN] لا يوجد أي مفتاح API مضبوط بالـ Pool
[7/5/2026, 20:38:39] [ERROR] [AI_HANDLE] فشل الرد على 38268913594610: لا يوجد أي مفتاح API مضبوط بالـ Pool
[7/5/2026, 20:38:39] [ERROR] [AI_UNKNOWN] لا يوجد أي مفتاح API مضبوط بالـ Pool
[7/5/2026, 20:38:39] [ERROR] [AI_HANDLE] فشل الرد على 38268913594610: لا يوجد أي مفتاح API مضبوط بالـ Pool
[7/5/2026, 20:38:39] [ERROR] [AI_UNKNOWN] لا يوجد أي مفتاح API مضبوط بالـ Pool
[7/5/2026, 20:38:39] [ERROR] [AI_HANDLE] فشل الرد على 38268913594610: لا يوجد أي مفتاح API مضبوط بالـ Pool
[7/5/2026, 20:38:39] [ERROR] [AI_UNKNOWN] لا يوجد أي مفتاح API مضبوط بالـ Pool
[7/5/2026, 20:38:39] [ERROR] [AI_HANDLE] فشل الرد على 38268913594610: لا يوجد أي مفتاح API مضبوط بالـ Pool
[7/5/2026, 20:38:39] [ERROR] [AI_UNKNOWN] لا يوجد أي مفتاح API مضبوط بالـ Pool
[7/5/2026, 20:38:39] [ERROR] [AI_HANDLE] فشل الرد على 38268913594610: لا يوجد أي مفتاح API مضبوط بالـ Pool
[7/5/2026, 20:38:39] [ERROR] [AI_UNKNOWN] لا يوجد أي مفتاح API مضبوط بالـ Pool
[7/5/2026, 20:38:39] [ERROR] [AI_HANDLE] فشل الرد على 38268913594610: لا يوجد أي مفتاح API مضبوط بالـ Pool
[7/5/2026, 20:38:39] [ERROR] [AI_UNKNOWN] لا يوجد أي مفتاح API مضبوط بالـ Pool
[7/5/2026, 20:38:39] [ERROR] [AI_HANDLE] فشل الرد على 38268913594610: لا يوجد أي مفتاح API مضبوط بالـ Pool
[7/5/2026, 20:38:39] [ERROR] [AI_UNKNOWN] لا يوجد أي مفتاح API مضبوط بالـ Pool
[7/5/2026, 20:38:39] [ERROR] [AI_HANDLE] فشل الرد على 38268913594610: لا يوجد أي مفتاح API مضبوط بالـ Pool
[7/5/2026, 20:38:39] [ERROR] [AI_UNKNOWN] لا يوجد أي مفتاح API مضبوط بالـ Pool
[7/5/2026, 20:38:39] [ERROR] [AI_HANDLE] فشل الرد على 38268913594610: لا يوجد أي مفتاح API مضبوط بالـ Pool
[7/5/2026, 20:38:39] [ERROR] [AI_UNKNOWN] لا يوجد أي مفتاح API مضبوط بالـ Pool
[7/5/2026, 20:38:39] [ERROR] [AI_HANDLE] فشل الرد على 38268913594610: لا يوجد أي مفتاح API مضبوط بالـ Pool
[7/5/2026, 20:38:39] [ERROR] [AI_UNKNOWN] لا يوجد أي مفتاح API مضبوط بالـ Pool
[7/5/2026, 20:38:39] [ERROR] [AI_HANDLE] فشل الرد على 38268913594610: لا يوجد أي مفتاح API مضبوط بالـ Pool
[7/5/2026, 20:38:39] [ERROR] [AI_UNKNOWN] لا يوجد أي مفتاح API مضبوط بالـ Pool
[7/5/2026, 20:38:39] [ERROR] [AI_HANDLE] فشل الرد على 38268913594610: لا يوجد أي مفتاح API مضبوط بالـ Pool
[7/5/2026, 20:38:39] [ERROR] [AI_UNKNOWN] لا يوجد أي مفتاح API مضبوط بالـ Pool
[7/5/2026, 20:38:39] [ERROR] [AI_HANDLE] فشل الرد على 38268913594610: لا يوجد أي مفتاح API مضبوط بالـ Pool
[7/5/2026, 20:38:39] [ERROR] [AI_UNKNOWN] لا يوجد أي مفتاح API مضبوط بالـ Pool
[7/5/2026, 20:38:39] [ERROR] [AI_HANDLE] فشل الرد على 98948144447715: لا يوجد أي مفتاح API مضبوط بالـ Pool
[7/5/2026, 20:38:39] [ERROR] [AI_UNKNOWN] لا يوجد أي مفتاح API مضبوط بالـ Pool
[7/5/2026, 20:38:39] [ERROR] [AI_HANDLE] فشل الرد على 98948144447715: لا يوجد أي مفتاح API مضبوط بالـ Pool
[7/5/2026, 20:38:39] [ERROR] [AI_UNKNOWN] لا يوجد أي مفتاح API مضبوط بالـ Pool
[7/5/2026, 20:38:39] [ERROR] [AI_HANDLE] فشل الرد على 98948144447715: لا يوجد أي مفتاح API مضبوط بالـ Pool
[7/5/2026, 20:38:39] [ERROR] [AI_UNKNOWN] لا يوجد أي مفتاح API مضبوط بالـ Pool
[7/5/2026, 20:38:39] [ERROR] [AI_HANDLE] فشل الرد على 98948144447715: لا يوجد أي مفتاح API مضبوط بالـ Pool
[7/5/2026, 20:38:39] [ERROR] [AI_UNKNOWN] لا يوجد أي مفتاح API مضبوط بالـ Pool
[7/5/2026, 20:38:39] [ERROR] [AI_HANDLE] فشل الرد على 98948144447715: لا يوجد أي مفتاح API مضبوط بالـ Pool
[7/5/2026, 20:38:39] [ERROR] [AI_UNKNOWN] لا يوجد أي مفتاح API مضبوط بالـ Pool
[7/5/2026, 20:38:39] [ERROR] [AI_HANDLE] فشل الرد على 98948144447715: لا يوجد أي مفتاح API مضبوط بالـ Pool
[7/5/2026, 20:38:39] [ERROR] [AI_UNKNOWN] لا يوجد أي مفتاح API مضبوط بالـ Pool
[7/5/2026, 20:38:39] [ERROR] [AI_HANDLE] فشل الرد على 98948144447715: لا يوجد أي مفتاح API مضبوط بالـ Pool
[7/5/2026, 20:38:39] [ERROR] [AI_UNKNOWN] لا يوجد أي مفتاح API مضبوط بالـ Pool
[7/5/2026, 20:38:39] [ERROR] [AI_HANDLE] فشل الرد على 98948144447715: لا يوجد أي مفتاح API مضبوط بالـ Pool
[7/5/2026, 20:38:39] [ERROR] [AI_UNKNOWN] لا يوجد أي مفتاح API مضبوط بالـ Pool
[7/5/2026, 20:38:39] [ERROR] [AI_HANDLE] فشل الرد على 98948144447715: لا يوجد أي مفتاح API مضبوط بالـ Pool
[7/5/2026, 20:38:39] [ERROR] [AI_UNKNOWN] لا يوجد أي مفتاح API مضبوط بالـ Pool
[7/5/2026, 20:38:39] [ERROR] [AI_HANDLE] فشل الرد على 98948144447715: لا يوجد أي مفتاح API مضبوط بالـ Pool
[7/5/2026, 20:38:39] [ERROR] [AI_UNKNOWN] لا يوجد أي مفتاح API مضبوط بالـ Pool
[7/5/2026, 20:38:39] [ERROR] [AI_HANDLE] فشل الرد على 98948144447715: لا يوجد أي مفتاح API مضبوط بالـ Pool
[7/5/2026, 20:38:39] [ERROR] [AI_UNKNOWN] لا يوجد أي مفتاح API مضبوط بالـ Pool
[7/5/2026, 20:38:39] [ERROR] [AI_HANDLE] فشل الرد على 98948144447715: لا يوجد أي مفتاح API مضبوط بالـ Pool
[7/5/2026, 20:38:39] [ERROR] [AI_UNKNOWN] لا يوجد أي مفتاح API مضبوط بالـ Pool
[7/5/2026, 20:38:39] [ERROR] [AI_HANDLE] فشل الرد على 193552734773367: لا يوجد أي مفتاح API مضبوط بالـ Pool
[7/5/2026, 20:38:39] [ERROR] [AI_UNKNOWN] لا يوجد أي مفتاح API مضبوط بالـ Pool
[7/5/2026, 20:38:39] [ERROR] [AI_HANDLE] فشل الرد على 193552734773367: لا يوجد أي مفتاح API مضبوط بالـ Pool
[7/5/2026, 20:38:39] [ERROR] [AI_UNKNOWN] لا يوجد أي مفتاح API مضبوط بالـ Pool
[7/5/2026, 20:38:39] [ERROR] [AI_HANDLE] فشل الرد على 193552734773367: لا يوجد أي مفتاح API مضبوط بالـ Pool
[7/5/2026, 20:38:39] [ERROR] [AI_UNKNOWN] لا يوجد أي مفتاح API مضبوط بالـ Pool
[7/5/2026, 20:38:39] [ERROR] [AI_HANDLE] فشل الرد على 193552734773367: لا يوجد أي مفتاح API مضبوط بالـ Pool
[7/5/2026, 20:38:39] [ERROR] [AI_UNKNOWN] لا يوجد أي مفتاح API مضبوط بالـ Pool
[7/5/2026, 20:38:39] [ERROR] [AI_HANDLE] فشل الرد على 193552734773367: لا يوجد أي مفتاح API مضبوط بالـ Pool
[7/5/2026, 20:38:39] [ERROR] [AI_UNKNOWN] لا يوجد أي مفتاح API مضبوط بالـ Pool
[7/5/2026, 20:38:39] [ERROR] [AI_HANDLE] فشل الرد على 193552734773367: لا يوجد أي مفتاح API مضبوط بالـ Pool
[7/5/2026, 20:38:39] [ERROR] [AI_UNKNOWN] لا يوجد أي مفتاح API مضبوط بالـ Pool
[7/5/2026, 20:38:39] [ERROR] [AI_HANDLE] فشل الرد على 193552734773367: لا يوجد أي مفتاح API مضبوط بالـ Pool
[7/5/2026, 20:38:39] [ERROR] [AI_UNKNOWN] لا يوجد أي مفتاح API مضبوط بالـ Pool
[7/5/2026, 20:38:39] [ERROR] [AI_HANDLE] فشل الرد على 193552734773367: لا يوجد أي مفتاح API مضبوط بالـ Pool
[7/5/2026, 20:38:39] [ERROR] [AI_UNKNOWN] لا يوجد أي مفتاح API مضبوط بالـ Pool
[7/5/2026, 20:38:39] [ERROR] [AI_HANDLE] فشل الرد على 193552734773367: لا يوجد أي مفتاح API مضبوط بالـ Pool
[7/5/2026, 20:38:39] [ERROR] [AI_UNKNOWN] لا يوجد أي مفتاح API مضبوط بالـ Pool
[7/5/2026, 20:38:39] [ERROR] [AI_HANDLE] فشل الرد على 193552734773367: لا يوجد أي مفتاح API مضبوط بالـ Pool
[7/5/2026, 20:38:39] [ERROR] [AI_UNKNOWN] لا يوجد أي مفتاح API مضبوط بالـ Pool
[7/5/2026, 20:38:39] [ERROR] [AI_HANDLE] فشل الرد على 98948144447715: لا يوجد أي مفتاح API مضبوط بالـ Pool
[7/5/2026, 20:38:39] [ERROR] [AI_UNKNOWN] لا يوجد أي مفتاح API مضبوط بالـ Pool
[7/5/2026, 20:38:39] [ERROR] [AI_HANDLE] فشل الرد على 193552734773367: لا يوجد أي مفتاح API مضبوط بالـ Pool
[7/5/2026, 20:38:39] [ERROR] [AI_UNKNOWN] لا يوجد أي مفتاح API مضبوط بالـ Pool
[7/5/2026, 20:38:39] [ERROR] [AI_HANDLE] فشل الرد على 193552734773367: لا يوجد أي مفتاح API مضبوط بالـ Pool
[7/5/2026, 20:38:39] [ERROR] [AI_UNKNOWN] لا يوجد أي مفتاح API مضبوط بالـ Pool
[7/5/2026, 20:38:39] [ERROR] [AI_HANDLE] فشل الرد على 193552734773367: لا يوجد أي مفتاح API مضبوط بالـ Pool
[7/5/2026, 20:38:39] [ERROR] [AI_UNKNOWN] لا يوجد أي مفتاح API مضبوط بالـ Pool
[7/5/2026, 20:38:39] [ERROR] [AI_HANDLE] فشل الرد على 98948144447715: لا يوجد أي مفتاح API مضبوط بالـ Pool
[7/5/2026, 20:38:39] [ERROR] [AI_UNKNOWN] لا يوجد أي مفتاح API مضبوط بالـ Pool
[7/5/2026, 20:38:39] [ERROR] [AI_HANDLE] فشل الرد على 193552734773367: لا يوجد أي مفتاح API مضبوط بالـ Pool
[7/5/2026, 20:38:39] [ERROR] [AI_UNKNOWN] لا يوجد أي مفتاح API مضبوط بالـ Pool
[7/5/2026, 20:38:39] [ERROR] [AI_HANDLE] فشل الرد على 98948144447715: لا يوجد أي مفتاح API مضبوط بالـ Pool
[7/5/2026, 20:38:39] [ERROR] [AI_UNKNOWN] لا يوجد أي مفتاح API مضبوط بالـ Pool
[7/5/2026, 20:38:39] [ERROR] [AI_HANDLE] فشل الرد على 193552734773367: لا يوجد أي مفتاح API مضبوط بالـ Pool
[7/5/2026, 20:38:40] [ERROR] [AI_UNKNOWN] لا يوجد أي مفتاح API مضبوط بالـ Pool
[7/5/2026, 20:38:40] [ERROR] [AI_HANDLE] فشل الرد على 193552734773367: لا يوجد أي مفتاح API مضبوط بالـ Pool
[7/5/2026, 20:38:40] [ERROR] [AI_UNKNOWN] لا يوجد أي مفتاح API مضبوط بالـ Pool
[7/5/2026, 20:38:40] [ERROR] [AI_HANDLE] فشل الرد على 193552734773367: لا يوجد أي مفتاح API مضبوط بالـ Pool
[7/5/2026, 20:38:40] [ERROR] [AI_UNKNOWN] لا يوجد أي مفتاح API مضبوط بالـ Pool
[7/5/2026, 20:38:40] [ERROR] [AI_HANDLE] فشل الرد على 164575194390585: لا يوجد أي مفتاح API مضبوط بالـ Pool
[7/5/2026, 20:38:40] [ERROR] [AI_UNKNOWN] لا يوجد أي مفتاح API مضبوط بالـ Pool
[7/5/2026, 20:38:40] [ERROR] [AI_HANDLE] فشل الرد على 164575194390585: لا يوجد أي مفتاح API مضبوط بالـ Pool
[7/5/2026, 20:38:40] [ERROR] [AI_UNKNOWN] لا يوجد أي مفتاح API مضبوط بالـ Pool
[7/5/2026, 20:38:40] [ERROR] [AI_HANDLE] فشل الرد على 193552734773367: لا يوجد أي مفتاح API مضبوط بالـ Pool
[7/5/2026, 20:38:40] [ERROR] [AI_UNKNOWN] لا يوجد أي مفتاح API مضبوط بالـ Pool
[7/5/2026, 20:38:40] [ERROR] [AI_HANDLE] فشل الرد على 193552734773367: لا يوجد أي مفتاح API مضبوط بالـ Pool
[7/5/2026, 20:38:40] [ERROR] [AI_UNKNOWN] لا يوجد أي مفتاح API مضبوط بالـ Pool
[7/5/2026, 20:38:40] [ERROR] [AI_HANDLE] فشل الرد على 104556969123980: لا يوجد أي مفتاح API مضبوط بالـ Pool
[7/5/2026, 20:38:40] [ERROR] [AI_UNKNOWN] لا يوجد أي مفتاح API مضبوط بالـ Pool
[7/5/2026, 20:38:40] [ERROR] [AI_HANDLE] فشل الرد على 104556969123980: لا يوجد أي مفتاح API مضبوط بالـ Pool
[7/5/2026, 20:38:40] [ERROR] [AI_UNKNOWN] لا يوجد أي مفتاح API مضبوط بالـ Pool
[7/5/2026, 20:38:40] [ERROR] [AI_HANDLE] فشل الرد على 193552734773367: لا يوجد أي مفتاح API مضبوط بالـ Pool
[7/5/2026, 20:38:45] [ERROR] [AI_UNKNOWN] لا يوجد أي مفتاح API مضبوط بالـ Pool
[7/5/2026, 20:38:45] [ERROR] [AI_HANDLE] فشل الرد على 34888724045855: لا يوجد أي مفتاح API مضبوط بالـ Pool
[7/5/2026, 20:38:45] [ERROR] [AI_UNKNOWN] لا يوجد أي مفتاح API مضبوط بالـ Pool
[7/5/2026, 20:38:45] [ERROR] [AI_HANDLE] فشل الرد على 34888724045855: لا يوجد أي مفتاح API مضبوط بالـ Pool
[7/5/2026, 20:39:25] [ERROR] [AI_UNKNOWN] لا يوجد أي مفتاح API مضبوط بالـ Pool
[7/5/2026, 20:39:25] [ERROR] [AI_HANDLE] فشل الرد على 260597878935643: لا يوجد أي مفتاح API مضبوط بالـ Pool
[7/5/2026, 20:39:29] [ERROR] [AI_UNKNOWN] لا يوجد أي مفتاح API مضبوط بالـ Pool
[7/5/2026, 20:39:29] [ERROR] [AI_HANDLE] فشل الرد على 260597878935643: لا يوجد أي مفتاح API مضبوط بالـ Pool
[7/5/2026, 20:39:29] [ERROR] [AI_UNKNOWN] لا يوجد أي مفتاح API مضبوط بالـ Pool
[7/5/2026, 20:39:29] [ERROR] [AI_HANDLE] فشل الرد على 260597878935643: لا يوجد أي مفتاح API مضبوط بالـ Pool
[7/5/2026, 20:39:29] [ERROR] [AI_UNKNOWN] لا يوجد أي مفتاح API مضبوط بالـ Pool
[7/5/2026, 20:39:29] [ERROR] [AI_HANDLE] فشل الرد على 77524663033976: لا يوجد أي مفتاح API مضبوط بالـ Pool
[7/5/2026, 20:39:35] [ERROR] [AI_UNKNOWN] لا يوجد أي مفتاح API مضبوط بالـ Pool
[7/5/2026, 20:39:35] [ERROR] [AI_HANDLE] فشل الرد على 260597878935643: لا يوجد أي مفتاح API مضبوط بالـ Pool
[7/5/2026, 20:39:35] [ERROR] [AI_UNKNOWN] لا يوجد أي مفتاح API مضبوط بالـ Pool
[7/5/2026, 20:39:35] [ERROR] [AI_HANDLE] فشل الرد على 260597878935643: لا يوجد أي مفتاح API مضبوط بالـ Pool
[7/5/2026, 20:39:36] [ERROR] [AI_UNKNOWN] لا يوجد أي مفتاح API مضبوط بالـ Pool
[7/5/2026, 20:39:36] [ERROR] [AI_HANDLE] فشل الرد على 260597878935643: لا يوجد أي مفتاح API مضبوط بالـ Pool
[7/5/2026, 20:39:38] [ERROR] [AI_UNKNOWN] لا يوجد أي مفتاح API مضبوط بالـ Pool
[7/5/2026, 20:39:38] [ERROR] [AI_HANDLE] فشل الرد على 260597878935643: لا يوجد أي مفتاح API مضبوط بالـ Pool
[7/5/2026, 20:39:38] [ERROR] [AI_UNKNOWN] لا يوجد أي مفتاح API مضبوط بالـ Pool
[7/5/2026, 20:39:38] [ERROR] [AI_HANDLE] فشل الرد على 260597878935643: لا يوجد أي مفتاح API مضبوط بالـ Pool
[7/5/2026, 20:39:49] [ERROR] [AI_UNKNOWN] لا يوجد أي مفتاح API مضبوط بالـ Pool
[7/5/2026, 20:39:49] [ERROR] [AI_HANDLE] فشل الرد على 32839621988402: لا يوجد أي مفتاح API مضبوط بالـ Pool
[7/5/2026, 20:39:57] [ERROR] [AI_UNKNOWN] لا يوجد أي مفتاح API مضبوط بالـ Pool
[7/5/2026, 20:39:57] [ERROR] [AI_HANDLE] فشل الرد على 95692374716562: لا يوجد أي مفتاح API مضبوط بالـ Pool
[7/5/2026, 20:39:58] [ERROR] [AI_UNKNOWN] لا يوجد أي مفتاح API مضبوط بالـ Pool
[7/5/2026, 20:39:58] [ERROR] [AI_HANDLE] فشل الرد على 95692374716562: لا يوجد أي مفتاح API مضبوط بالـ Pool
[7/5/2026, 20:39:59] [ERROR] [AI_UNKNOWN] لا يوجد أي مفتاح API مضبوط بالـ Pool
[7/5/2026, 20:39:59] [ERROR] [AI_HANDLE] فشل الرد على 95692374716562: لا يوجد أي مفتاح API مضبوط بالـ Pool
[7/5/2026, 20:39:59] [ERROR] [AI_UNKNOWN] لا يوجد أي مفتاح API مضبوط بالـ Pool
[7/5/2026, 20:39:59] [ERROR] [AI_HANDLE] فشل الرد على 95692374716562: لا يوجد أي مفتاح API مضبوط بالـ Pool
[7/5/2026, 20:40:13] [ERROR] [AI_UNKNOWN] لا يوجد أي مفتاح API مضبوط بالـ Pool
[7/5/2026, 20:40:13] [ERROR] [AI_HANDLE] فشل الرد على 215736895176905: لا يوجد أي مفتاح API مضبوط بالـ Pool
[7/5/2026, 20:40:13] [ERROR] [AI_UNKNOWN] لا يوجد أي مفتاح API مضبوط بالـ Pool
[7/5/2026, 20:40:13] [ERROR] [AI_HANDLE] فشل الرد على 215736895176905: لا يوجد أي مفتاح API مضبوط بالـ Pool
[7/5/2026, 20:40:13] [ERROR] [AI_UNKNOWN] لا يوجد أي مفتاح API مضبوط بالـ Pool
[7/5/2026, 20:40:13] [ERROR] [AI_HANDLE] فشل الرد على 19486988054547: لا يوجد أي مفتاح API مضبوط بالـ Pool
[7/5/2026, 20:40:13] [ERROR] [AI_UNKNOWN] لا يوجد أي مفتاح API مضبوط بالـ Pool
[7/5/2026, 20:40:13] [ERROR] [AI_HANDLE] فشل الرد على 19486988054547: لا يوجد أي مفتاح API مضبوط بالـ Pool
[7/5/2026, 20:40:17] [ERROR] [AI_UNKNOWN] لا يوجد أي مفتاح API مضبوط بالـ Pool
[7/5/2026, 20:40:17] [ERROR] [AI_HANDLE] فشل الرد على 252673681018973: لا يوجد أي مفتاح API مضبوط بالـ Pool
[7/5/2026, 20:40:17] [ERROR] [AI_UNKNOWN] لا يوجد أي مفتاح API مضبوط بالـ Pool
[7/5/2026, 20:40:17] [ERROR] [AI_HANDLE] فشل الرد على 266056698429585: لا يوجد أي مفتاح API مضبوط بالـ Pool
[7/5/2026, 20:40:18] [ERROR] [AI_UNKNOWN] لا يوجد أي مفتاح API مضبوط بالـ Pool
[7/5/2026, 20:40:18] [ERROR] [AI_HANDLE] فشل الرد على 266056698429585: لا يوجد أي مفتاح API مضبوط بالـ Pool
[7/5/2026, 20:40:32] [ERROR] [AI_UNKNOWN] لا يوجد أي مفتاح API مضبوط بالـ Pool
[7/5/2026, 20:40:32] [ERROR] [AI_HANDLE] فشل الرد على 95692374716562: لا يوجد أي مفتاح API مضبوط بالـ Pool
[7/5/2026, 20:40:32] [ERROR] [AI_UNKNOWN] لا يوجد أي مفتاح API مضبوط بالـ Pool
[7/5/2026, 20:40:32] [ERROR] [AI_HANDLE] فشل الرد على 266056698429585: لا يوجد أي مفتاح API مضبوط بالـ Pool
[7/5/2026, 20:40:32] [ERROR] [AI_UNKNOWN] لا يوجد أي مفتاح API مضبوط بالـ Pool
[7/5/2026, 20:40:32] [ERROR] [AI_HANDLE] فشل الرد على 266056698429585: لا يوجد أي مفتاح API مضبوط بالـ Pool
[7/5/2026, 20:40:32] [ERROR] [AI_UNKNOWN] لا يوجد أي مفتاح API مضبوط بالـ Pool
[7/5/2026, 20:40:32] [ERROR] [AI_HANDLE] فشل الرد على 266056698429585: لا يوجد أي مفتاح API مضبوط بالـ Pool
[7/5/2026, 20:40:32] [ERROR] [AI_UNKNOWN] لا يوجد أي مفتاح API مضبوط بالـ Pool
[7/5/2026, 20:40:32] [ERROR] [AI_HANDLE] فشل الرد على 266056698429585: لا يوجد أي مفتاح API مضبوط بالـ Pool
[7/5/2026, 20:40:32] [ERROR] [AI_UNKNOWN] لا يوجد أي مفتاح API مضبوط بالـ Pool
[7/5/2026, 20:40:32] [ERROR] [AI_HANDLE] فشل الرد على 266056698429585: لا يوجد أي مفتاح API مضبوط بالـ Pool
[7/5/2026, 20:40:32] [ERROR] [AI_UNKNOWN] لا يوجد أي مفتاح API مضبوط بالـ Pool
[7/5/2026, 20:40:32] [ERROR] [AI_HANDLE] فشل الرد على 266056698429585: لا يوجد أي مفتاح API مضبوط بالـ Pool
[7/5/2026, 20:41:45] [INFO] [AI_CONFIG] تم تحميل 7 مفتاح Gemini، حد 5 طلب/دقيقة لكل مفتاح.
[7/5/2026, 20:41:53] [INFO] [AI_REPLY] user=164777141780620 duration=4531ms tokens=2026
[7/5/2026, 20:42:14] [INFO] [AI_REPLY] user=266056698429585 duration=4914ms tokens=2041
[7/5/2026, 20:42:46] [INFO] [AI_REPLY] user=266056698429585 duration=4680ms tokens=2059
[7/5/2026, 20:43:11] [INFO] [AI_REPLY] user=164777141780620 duration=4495ms tokens=2100
[7/5/2026, 20:44:09] [INFO] [AI_REPLY] user=164777141780620 duration=4379ms tokens=2136
[7/5/2026, 20:44:28] [INFO] [AI_REPLY] user=164777141780620 duration=4321ms tokens=2148
[7/5/2026, 20:44:42] [INFO] [AI_REPLY] user=266056698429585 duration=4595ms tokens=2059
[7/5/2026, 20:44:48] [INFO] [AI_REPLY] user=164777141780620 duration=4400ms tokens=2166
[7/5/2026, 20:45:13] [INFO] [AI_REPLY] user=266056698429585 duration=4202ms tokens=2106
[7/5/2026, 20:45:41] [INFO] [AI_REPLY] user=266056698429585 duration=4132ms tokens=2079
[7/5/2026, 20:45:57] [INFO] [AI_REPLY] user=266056698429585 duration=3823ms tokens=2012
[7/5/2026, 20:46:16] [INFO] [AI_REPLY] user=266056698429585 duration=3691ms tokens=2010
[7/5/2026, 20:46:24] [INFO] [AI_REPLY] user=266056698429585 duration=3807ms tokens=2041
[7/5/2026, 20:46:40] [INFO] [AI_REPLY] user=266056698429585 duration=3353ms tokens=1996
[7/5/2026, 20:46:56] [INFO] [AI_REPLY] user=266056698429585 duration=3871ms tokens=2094
[7/5/2026, 20:47:08] [INFO] [AI_REPLY] user=266056698429585 duration=3797ms tokens=2083
[7/5/2026, 20:47:30] [INFO] [AI_REPLY] user=266056698429585 duration=3800ms tokens=2008
[7/5/2026, 20:47:52] [INFO] [AI_REPLY] user=266056698429585 duration=4105ms tokens=2070
[7/5/2026, 20:48:09] [INFO] [AI_REPLY] user=266056698429585 duration=4174ms tokens=2138
[7/5/2026, 20:48:21] [INFO] [AI_REPLY] user=266056698429585 duration=4637ms tokens=2147
[7/5/2026, 20:50:54] [INFO] [AI_REPLY] user=266056698429585 duration=4534ms tokens=2154
[7/5/2026, 20:51:08] [INFO] [AI_REPLY] user=266056698429585 duration=4477ms tokens=2155
[7/5/2026, 20:51:10] [INFO] [AI_REPLY] user=226924999782614 duration=3717ms tokens=1921
[7/5/2026, 20:51:14] [INFO] [AI_REPLY] user=226924999782614 duration=3959ms tokens=1946
[7/5/2026, 20:51:25] [INFO] [AI_REPLY] user=226924999782614 duration=4389ms tokens=1987
[7/5/2026, 20:51:27] [INFO] [AI_REPLY] user=266056698429585 duration=3477ms tokens=1954
[7/5/2026, 20:51:28] [INFO] [AI_REPLY] user=226924999782614 duration=2989ms tokens=1755
[7/5/2026, 20:51:32] [INFO] [AI_REPLY] user=226924999782614 duration=3812ms tokens=2013
[7/5/2026, 20:51:39] [INFO] [AI_REPLY] user=226924999782614 duration=3263ms tokens=1765
[7/5/2026, 20:51:44] [INFO] [AI_REPLY] user=266056698429585 duration=3108ms tokens=1885
[7/5/2026, 20:51:46] [INFO] [AI_REPLY] user=226924999782614 duration=4573ms tokens=2318
[7/5/2026, 20:51:52] [INFO] [AI_REPLY] user=266056698429585 duration=3522ms tokens=2053
[7/5/2026, 20:51:58] [INFO] [AI_REPLY] user=226924999782614 duration=3793ms tokens=2210
[7/5/2026, 20:52:08] [INFO] [AI_REPLY] user=226924999782614 duration=3082ms tokens=2074
[7/5/2026, 20:52:11] [INFO] [AI_REPLY] user=226924999782614 duration=3047ms tokens=2027
[7/5/2026, 20:52:17] [INFO] [AI_REPLY] user=266056698429585 duration=3168ms tokens=1954
[7/5/2026, 20:52:19] [INFO] [AI_REPLY] user=226924999782614 duration=4114ms tokens=2298
[7/5/2026, 20:52:25] [INFO] [AI_REPLY] user=226924999782614 duration=4013ms tokens=2345
[7/5/2026, 20:52:28] [INFO] [AI_REPLY] user=226924999782614 duration=3300ms tokens=2139
[7/5/2026, 20:52:40] [INFO] [AI_REPLY] user=226924999782614 duration=4535ms tokens=2165
[7/5/2026, 20:52:43] [INFO] [AI_REPLY] user=266056698429585 duration=4010ms tokens=2072
[7/5/2026, 20:52:47] [INFO] [AI_REPLY] user=266056698429585 duration=3469ms tokens=1970
[7/5/2026, 20:52:50] [INFO] [AI_REPLY] user=226924999782614 duration=2772ms tokens=2078
[7/5/2026, 20:52:58] [INFO] [AI_REPLY] user=226924999782614 duration=3053ms tokens=1924
[7/5/2026, 20:53:03] [INFO] [AI_REPLY] user=266056698429585 duration=3480ms tokens=1968
[7/5/2026, 20:53:08] [INFO] [AI_REPLY] user=226924999782614 duration=3646ms tokens=2069
[7/5/2026, 20:53:14] [INFO] [AI_REPLY] user=266056698429585 duration=3654ms tokens=2016
[7/5/2026, 20:53:16] [INFO] [AI_REPLY] user=226924999782614 duration=4350ms tokens=2145
[7/5/2026, 20:53:27] [INFO] [AI_REPLY] user=266056698429585 duration=4301ms tokens=2100
[7/5/2026, 20:53:29] [INFO] [AI_REPLY] user=226924999782614 duration=3607ms tokens=2008
[7/5/2026, 20:53:46] [INFO] [AI_REPLY] user=266056698429585 duration=3222ms tokens=1898
[7/5/2026, 20:53:49] [INFO] [AI_REPLY] user=226924999782614 duration=3449ms tokens=1998
[7/5/2026, 20:53:52] [INFO] [AI_REPLY] user=266056698429585 duration=4262ms tokens=2120
[7/5/2026, 20:54:02] [INFO] [AI_REPLY] user=226924999782614 duration=3704ms tokens=2011
[7/5/2026, 20:54:08] [INFO] [AI_REPLY] user=226924999782614 duration=3768ms tokens=2067
[7/5/2026, 20:54:08] [INFO] [AI_REPLY] user=266056698429585 duration=4423ms tokens=2148
[7/5/2026, 20:54:12] [INFO] [AI_REPLY] user=266056698429585 duration=3469ms tokens=1928
[7/5/2026, 20:54:16] [INFO] [AI_REPLY] user=226924999782614 duration=2975ms tokens=1930
[7/5/2026, 20:54:17] [INFO] [AI_REPLY] user=266056698429585 duration=3140ms tokens=1928
[7/5/2026, 20:54:29] [INFO] [AI_REPLY] user=266056698429585 duration=4340ms tokens=2116
[7/5/2026, 20:54:32] [INFO] [AI_REPLY] user=226924999782614 duration=2783ms tokens=1871
[7/5/2026, 20:54:43] [INFO] [AI_REPLY] user=266056698429585 duration=3994ms tokens=2032
[7/5/2026, 20:54:59] [INFO] [AI_REPLY] user=202091733737690 duration=4417ms tokens=2315
[7/5/2026, 20:55:26] [WARN] [AI_CONFIG] GEMINI_API_KEYS/GEMINI_API_KEY غير موجود في .env — نظام الذكاء الاصطناعي لن يعمل بشكل صحيح.
[7/5/2026, 20:55:28] [ERROR] [AI_UNKNOWN] لا يوجد أي مفتاح API مضبوط بالـ Pool
[7/5/2026, 20:55:28] [ERROR] [AI_HANDLE] فشل الرد على 266056698429585: لا يوجد أي مفتاح API مضبوط بالـ Pool
[7/5/2026, 20:55:44] [ERROR] [AI_UNKNOWN] لا يوجد أي مفتاح API مضبوط بالـ Pool
[7/5/2026, 20:55:44] [ERROR] [AI_HANDLE] فشل الرد على 266056698429585: لا يوجد أي مفتاح API مضبوط بالـ Pool
[7/5/2026, 20:55:54] [ERROR] [AI_UNKNOWN] لا يوجد أي مفتاح API مضبوط بالـ Pool
[7/5/2026, 20:55:54] [ERROR] [AI_HANDLE] فشل الرد على 266056698429585: لا يوجد أي مفتاح API مضبوط بالـ Pool
[7/5/2026, 20:56:03] [ERROR] [AI_UNKNOWN] لا يوجد أي مفتاح API مضبوط بالـ Pool
[7/5/2026, 20:56:03] [ERROR] [AI_HANDLE] فشل الرد على 266056698429585: لا يوجد أي مفتاح API مضبوط بالـ Pool
[7/5/2026, 20:57:10] [ERROR] [AI_UNKNOWN] لا يوجد أي مفتاح API مضبوط بالـ Pool
[7/5/2026, 20:57:10] [ERROR] [AI_HANDLE] فشل الرد على 202091733737690: لا يوجد أي مفتاح API مضبوط بالـ Pool
[7/5/2026, 20:57:26] [ERROR] [AI_UNKNOWN] لا يوجد أي مفتاح API مضبوط بالـ Pool
[7/5/2026, 20:57:26] [ERROR] [AI_HANDLE] فشل الرد على 202091733737690: لا يوجد أي مفتاح API مضبوط بالـ Pool
[7/5/2026, 20:59:14] [ERROR] [AI_UNKNOWN] لا يوجد أي مفتاح API مضبوط بالـ Pool
[7/5/2026, 20:59:14] [ERROR] [AI_HANDLE] فشل الرد على 226924999782614: لا يوجد أي مفتاح API مضبوط بالـ Pool
[7/5/2026, 20:59:46] [ERROR] [AI_UNKNOWN] لا يوجد أي مفتاح API مضبوط بالـ Pool
[7/5/2026, 20:59:46] [ERROR] [AI_HANDLE] فشل الرد على 226924999782614: لا يوجد أي مفتاح API مضبوط بالـ Pool
[7/5/2026, 20:59:49] [ERROR] [AI_UNKNOWN] لا يوجد أي مفتاح API مضبوط بالـ Pool
[7/5/2026, 20:59:49] [ERROR] [AI_HANDLE] فشل الرد على 226924999782614: لا يوجد أي مفتاح API مضبوط بالـ Pool
[7/5/2026, 20:59:51] [ERROR] [AI_UNKNOWN] لا يوجد أي مفتاح API مضبوط بالـ Pool
[7/5/2026, 20:59:51] [ERROR] [AI_HANDLE] فشل الرد على 226924999782614: لا يوجد أي مفتاح API مضبوط بالـ Pool
[7/5/2026, 20:59:59] [ERROR] [AI_UNKNOWN] لا يوجد أي مفتاح API مضبوط بالـ Pool
[7/5/2026, 20:59:59] [ERROR] [AI_HANDLE] فشل الرد على 226924999782614: لا يوجد أي مفتاح API مضبوط بالـ Pool
[7/5/2026, 21:00:05] [ERROR] [AI_UNKNOWN] لا يوجد أي مفتاح API مضبوط بالـ Pool
[7/5/2026, 21:00:05] [ERROR] [AI_HANDLE] فشل الرد على 226924999782614: لا يوجد أي مفتاح API مضبوط بالـ Pool
[7/5/2026, 21:00:09] [ERROR] [AI_UNKNOWN] لا يوجد أي مفتاح API مضبوط بالـ Pool
[7/5/2026, 21:00:09] [ERROR] [AI_HANDLE] فشل الرد على 226924999782614: لا يوجد أي مفتاح API مضبوط بالـ Pool
[7/5/2026, 21:00:27] [ERROR] [AI_UNKNOWN] لا يوجد أي مفتاح API مضبوط بالـ Pool
[7/5/2026, 21:00:27] [ERROR] [AI_HANDLE] فشل الرد على 226924999782614: لا يوجد أي مفتاح API مضبوط بالـ Pool
[7/5/2026, 21:01:54] [ERROR] [AI_UNKNOWN] لا يوجد أي مفتاح API مضبوط بالـ Pool
[7/5/2026, 21:01:54] [ERROR] [AI_HANDLE] فشل الرد على 226924999782614: لا يوجد أي مفتاح API مضبوط بالـ Pool
[7/5/2026, 21:02:03] [ERROR] [AI_UNKNOWN] لا يوجد أي مفتاح API مضبوط بالـ Pool
[7/5/2026, 21:02:03] [ERROR] [AI_HANDLE] فشل الرد على 226924999782614: لا يوجد أي مفتاح API مضبوط بالـ Pool
[7/5/2026, 21:03:48] [ERROR] [AI_UNKNOWN] لا يوجد أي مفتاح API مضبوط بالـ Pool
[7/5/2026, 21:03:48] [ERROR] [AI_HANDLE] فشل الرد على 226924999782614: لا يوجد أي مفتاح API مضبوط بالـ Pool
[7/5/2026, 21:03:50] [ERROR] [AI_UNKNOWN] لا يوجد أي مفتاح API مضبوط بالـ Pool
[7/5/2026, 21:03:50] [ERROR] [AI_HANDLE] فشل الرد على 226924999782614: لا يوجد أي مفتاح API مضبوط بالـ Pool
[7/5/2026, 22:31:06] [WARN] [AI_CONFIG] GEMINI_API_KEYS/GEMINI_API_KEY غير موجود في .env — نظام الذكاء الاصطناعي لن يعمل بشكل صحيح.
[7/5/2026, 22:31:31] [ERROR] [AI_UNKNOWN] لا يوجد أي مفتاح API مضبوط بالـ Pool
[7/5/2026, 22:31:31] [ERROR] [AI_HANDLE] فشل الرد على 226924999782614: لا يوجد أي مفتاح API مضبوط بالـ Pool
[7/5/2026, 22:31:31] [ERROR] [AI_UNKNOWN] لا يوجد أي مفتاح API مضبوط بالـ Pool
[7/5/2026, 22:31:31] [ERROR] [AI_HANDLE] فشل الرد على 226924999782614: لا يوجد أي مفتاح API مضبوط بالـ Pool
[7/5/2026, 22:31:31] [ERROR] [AI_UNKNOWN] لا يوجد أي مفتاح API مضبوط بالـ Pool
[7/5/2026, 22:31:31] [ERROR] [AI_HANDLE] فشل الرد على 226924999782614: لا يوجد أي مفتاح API مضبوط بالـ Pool
[7/5/2026, 22:31:31] [ERROR] [AI_UNKNOWN] لا يوجد أي مفتاح API مضبوط بالـ Pool
[7/5/2026, 22:31:31] [ERROR] [AI_HANDLE] فشل الرد على 226924999782614: لا يوجد أي مفتاح API مضبوط بالـ Pool
[7/5/2026, 22:31:31] [ERROR] [AI_UNKNOWN] لا يوجد أي مفتاح API مضبوط بالـ Pool
[7/5/2026, 22:31:31] [ERROR] [AI_HANDLE] فشل الرد على 226924999782614: لا يوجد أي مفتاح API مضبوط بالـ Pool
[7/5/2026, 22:31:31] [ERROR] [AI_UNKNOWN] لا يوجد أي مفتاح API مضبوط بالـ Pool
[7/5/2026, 22:31:31] [ERROR] [AI_HANDLE] فشل الرد على 226924999782614: لا يوجد أي مفتاح API مضبوط بالـ Pool
[7/5/2026, 22:31:31] [ERROR] [AI_UNKNOWN] لا يوجد أي مفتاح API مضبوط بالـ Pool
[7/5/2026, 22:31:31] [ERROR] [AI_HANDLE] فشل الرد على 226924999782614: لا يوجد أي مفتاح API مضبوط بالـ Pool
[7/5/2026, 22:31:31] [ERROR] [AI_UNKNOWN] لا يوجد أي مفتاح API مضبوط بالـ Pool
[7/5/2026, 22:31:31] [ERROR] [AI_HANDLE] فشل الرد على 38268913594610: لا يوجد أي مفتاح API مضبوط بالـ Pool
[7/5/2026, 22:31:31] [ERROR] [AI_UNKNOWN] لا يوجد أي مفتاح API مضبوط بالـ Pool
[7/5/2026, 22:31:31] [ERROR] [AI_HANDLE] فشل الرد على 38268913594610: لا يوجد أي مفتاح API مضبوط بالـ Pool
[7/5/2026, 22:31:31] [ERROR] [AI_UNKNOWN] لا يوجد أي مفتاح API مضبوط بالـ Pool
[7/5/2026, 22:31:31] [ERROR] [AI_HANDLE] فشل الرد على 38268913594610: لا يوجد أي مفتاح API مضبوط بالـ Pool
[7/5/2026, 22:31:31] [ERROR] [AI_UNKNOWN] لا يوجد أي مفتاح API مضبوط بالـ Pool
[7/5/2026, 22:31:31] [ERROR] [AI_HANDLE] فشل الرد على 38268913594610: لا يوجد أي مفتاح API مضبوط بالـ Pool
[7/5/2026, 22:31:32] [ERROR] [AI_UNKNOWN] لا يوجد أي مفتاح API مضبوط بالـ Pool
[7/5/2026, 22:31:32] [ERROR] [AI_HANDLE] فشل الرد على 38268913594610: لا يوجد أي مفتاح API مضبوط بالـ Pool
[7/5/2026, 22:31:32] [ERROR] [AI_UNKNOWN] لا يوجد أي مفتاح API مضبوط بالـ Pool
[7/5/2026, 22:31:32] [ERROR] [AI_HANDLE] فشل الرد على 38268913594610: لا يوجد أي مفتاح API مضبوط بالـ Pool
[7/5/2026, 22:31:32] [ERROR] [AI_UNKNOWN] لا يوجد أي مفتاح API مضبوط بالـ Pool
[7/5/2026, 22:31:32] [ERROR] [AI_HANDLE] فشل الرد على 38268913594610: لا يوجد أي مفتاح API مضبوط بالـ Pool
[7/5/2026, 22:31:32] [ERROR] [AI_UNKNOWN] لا يوجد أي مفتاح API مضبوط بالـ Pool
[7/5/2026, 22:31:32] [ERROR] [AI_HANDLE] فشل الرد على 38268913594610: لا يوجد أي مفتاح API مضبوط بالـ Pool
[7/5/2026, 22:31:32] [ERROR] [AI_UNKNOWN] لا يوجد أي مفتاح API مضبوط بالـ Pool
[7/5/2026, 22:31:32] [ERROR] [AI_HANDLE] فشل الرد على 38268913594610: لا يوجد أي مفتاح API مضبوط بالـ Pool
[7/5/2026, 22:31:32] [ERROR] [AI_UNKNOWN] لا يوجد أي مفتاح API مضبوط بالـ Pool
[7/5/2026, 22:31:32] [ERROR] [AI_HANDLE] فشل الرد على 38268913594610: لا يوجد أي مفتاح API مضبوط بالـ Pool
[7/5/2026, 22:31:32] [ERROR] [AI_UNKNOWN] لا يوجد أي مفتاح API مضبوط بالـ Pool
[7/5/2026, 22:31:32] [ERROR] [AI_HANDLE] فشل الرد على 38268913594610: لا يوجد أي مفتاح API مضبوط بالـ Pool
[7/5/2026, 22:31:32] [ERROR] [AI_UNKNOWN] لا يوجد أي مفتاح API مضبوط بالـ Pool
[7/5/2026, 22:31:32] [ERROR] [AI_HANDLE] فشل الرد على 38268913594610: لا يوجد أي مفتاح API مضبوط بالـ Pool
[7/5/2026, 22:31:32] [ERROR] [AI_UNKNOWN] لا يوجد أي مفتاح API مضبوط بالـ Pool
[7/5/2026, 22:31:32] [ERROR] [AI_HANDLE] فشل الرد على 38268913594610: لا يوجد أي مفتاح API مضبوط بالـ Pool
[7/5/2026, 22:31:32] [ERROR] [AI_UNKNOWN] لا يوجد أي مفتاح API مضبوط بالـ Pool
[7/5/2026, 22:31:32] [ERROR] [AI_HANDLE] فشل الرد على 38268913594610: لا يوجد أي مفتاح API مضبوط بالـ Pool
[7/5/2026, 22:31:32] [ERROR] [AI_UNKNOWN] لا يوجد أي مفتاح API مضبوط بالـ Pool
[7/5/2026, 22:31:32] [ERROR] [AI_HANDLE] فشل الرد على 38268913594610: لا يوجد أي مفتاح API مضبوط بالـ Pool
[7/5/2026, 22:31:32] [ERROR] [AI_UNKNOWN] لا يوجد أي مفتاح API مضبوط بالـ Pool
[7/5/2026, 22:31:32] [ERROR] [AI_HANDLE] فشل الرد على 38268913594610: لا يوجد أي مفتاح API مضبوط بالـ Pool
[7/5/2026, 22:31:32] [ERROR] [AI_UNKNOWN] لا يوجد أي مفتاح API مضبوط بالـ Pool
[7/5/2026, 22:31:32] [ERROR] [AI_HANDLE] فشل الرد على 38268913594610: لا يوجد أي مفتاح API مضبوط بالـ Pool
[7/5/2026, 22:31:32] [ERROR] [AI_UNKNOWN] لا يوجد أي مفتاح API مضبوط بالـ Pool
[7/5/2026, 22:31:32] [ERROR] [AI_HANDLE] فشل الرد على 38268913594610: لا يوجد أي مفتاح API مضبوط بالـ Pool
[7/5/2026, 22:31:32] [ERROR] [AI_UNKNOWN] لا يوجد أي مفتاح API مضبوط بالـ Pool
[7/5/2026, 22:31:32] [ERROR] [AI_HANDLE] فشل الرد على 38268913594610: لا يوجد أي مفتاح API مضبوط بالـ Pool
[7/5/2026, 22:31:32] [ERROR] [AI_UNKNOWN] لا يوجد أي مفتاح API مضبوط بالـ Pool
[7/5/2026, 22:31:32] [ERROR] [AI_HANDLE] فشل الرد على 38268913594610: لا يوجد أي مفتاح API مضبوط بالـ Pool
[7/5/2026, 22:31:32] [ERROR] [AI_UNKNOWN] لا يوجد أي مفتاح API مضبوط بالـ Pool
[7/5/2026, 22:31:32] [ERROR] [AI_HANDLE] فشل الرد على 38268913594610: لا يوجد أي مفتاح API مضبوط بالـ Pool
[7/5/2026, 22:31:32] [ERROR] [AI_UNKNOWN] لا يوجد أي مفتاح API مضبوط بالـ Pool
[7/5/2026, 22:31:32] [ERROR] [AI_HANDLE] فشل الرد على 38268913594610: لا يوجد أي مفتاح API مضبوط بالـ Pool
[7/5/2026, 22:31:32] [ERROR] [AI_UNKNOWN] لا يوجد أي مفتاح API مضبوط بالـ Pool
[7/5/2026, 22:31:32] [ERROR] [AI_HANDLE] فشل الرد على 38268913594610: لا يوجد أي مفتاح API مضبوط بالـ Pool
[7/5/2026, 22:31:32] [ERROR] [AI_UNKNOWN] لا يوجد أي مفتاح API مضبوط بالـ Pool
[7/5/2026, 22:31:32] [ERROR] [AI_HANDLE] فشل الرد على 38268913594610: لا يوجد أي مفتاح API مضبوط بالـ Pool
[7/5/2026, 22:31:32] [ERROR] [AI_UNKNOWN] لا يوجد أي مفتاح API مضبوط بالـ Pool
[7/5/2026, 22:31:32] [ERROR] [AI_HANDLE] فشل الرد على 38268913594610: لا يوجد أي مفتاح API مضبوط بالـ Pool
[7/5/2026, 22:31:32] [ERROR] [AI_UNKNOWN] لا يوجد أي مفتاح API مضبوط بالـ Pool
[7/5/2026, 22:31:32] [ERROR] [AI_HANDLE] فشل الرد على 38268913594610: لا يوجد أي مفتاح API مضبوط بالـ Pool
[7/5/2026, 22:31:32] [ERROR] [AI_UNKNOWN] لا يوجد أي مفتاح API مضبوط بالـ Pool
[7/5/2026, 22:31:32] [ERROR] [AI_HANDLE] فشل الرد على 38268913594610: لا يوجد أي مفتاح API مضبوط بالـ Pool
[7/5/2026, 22:31:32] [ERROR] [AI_UNKNOWN] لا يوجد أي مفتاح API مضبوط بالـ Pool
[7/5/2026, 22:31:32] [ERROR] [AI_HANDLE] فشل الرد على 38268913594610: لا يوجد أي مفتاح API مضبوط بالـ Pool
[7/5/2026, 22:31:32] [ERROR] [AI_UNKNOWN] لا يوجد أي مفتاح API مضبوط بالـ Pool
[7/5/2026, 22:31:32] [ERROR] [AI_HANDLE] فشل الرد على 38268913594610: لا يوجد أي مفتاح API مضبوط بالـ Pool
[7/5/2026, 22:31:32] [ERROR] [AI_UNKNOWN] لا يوجد أي مفتاح API مضبوط بالـ Pool
[7/5/2026, 22:31:32] [ERROR] [AI_HANDLE] فشل الرد على 38268913594610: لا يوجد أي مفتاح API مضبوط بالـ Pool
[7/5/2026, 22:31:32] [ERROR] [AI_UNKNOWN] لا يوجد أي مفتاح API مضبوط بالـ Pool
[7/5/2026, 22:31:32] [ERROR] [AI_HANDLE] فشل الرد على 38268913594610: لا يوجد أي مفتاح API مضبوط بالـ Pool
[7/5/2026, 22:31:32] [ERROR] [AI_UNKNOWN] لا يوجد أي مفتاح API مضبوط بالـ Pool
[7/5/2026, 22:31:32] [ERROR] [AI_HANDLE] فشل الرد على 38268913594610: لا يوجد أي مفتاح API مضبوط بالـ Pool
[7/5/2026, 22:31:32] [ERROR] [AI_UNKNOWN] لا يوجد أي مفتاح API مضبوط بالـ Pool
[7/5/2026, 22:31:32] [ERROR] [AI_HANDLE] فشل الرد على 38268913594610: لا يوجد أي مفتاح API مضبوط بالـ Pool
[7/5/2026, 22:31:32] [ERROR] [AI_UNKNOWN] لا يوجد أي مفتاح API مضبوط بالـ Pool
[7/5/2026, 22:31:32] [ERROR] [AI_HANDLE] فشل الرد على 38268913594610: لا يوجد أي مفتاح API مضبوط بالـ Pool
[7/5/2026, 22:31:32] [ERROR] [AI_UNKNOWN] لا يوجد أي مفتاح API مضبوط بالـ Pool
[7/5/2026, 22:31:32] [ERROR] [AI_HANDLE] فشل الرد على 38268913594610: لا يوجد أي مفتاح API مضبوط بالـ Pool
[7/5/2026, 22:31:32] [ERROR] [AI_UNKNOWN] لا يوجد أي مفتاح API مضبوط بالـ Pool
[7/5/2026, 22:31:32] [ERROR] [AI_HANDLE] فشل الرد على 38268913594610: لا يوجد أي مفتاح API مضبوط بالـ Pool
[7/5/2026, 22:31:32] [ERROR] [AI_UNKNOWN] لا يوجد أي مفتاح API مضبوط بالـ Pool
[7/5/2026, 22:31:32] [ERROR] [AI_HANDLE] فشل الرد على 38268913594610: لا يوجد أي مفتاح API مضبوط بالـ Pool
[7/5/2026, 22:31:32] [ERROR] [AI_UNKNOWN] لا يوجد أي مفتاح API مضبوط بالـ Pool
[7/5/2026, 22:31:32] [ERROR] [AI_HANDLE] فشل الرد على 38268913594610: لا يوجد أي مفتاح API مضبوط بالـ Pool
[7/5/2026, 22:31:32] [ERROR] [AI_UNKNOWN] لا يوجد أي مفتاح API مضبوط بالـ Pool
[7/5/2026, 22:31:32] [ERROR] [AI_HANDLE] فشل الرد على 87995608776889: لا يوجد أي مفتاح API مضبوط بالـ Pool
[7/5/2026, 22:31:32] [ERROR] [AI_UNKNOWN] لا يوجد أي مفتاح API مضبوط بالـ Pool
[7/5/2026, 22:31:32] [ERROR] [AI_HANDLE] فشل الرد على 38268913594610: لا يوجد أي مفتاح API مضبوط بالـ Pool
[7/5/2026, 22:31:32] [ERROR] [AI_UNKNOWN] لا يوجد أي مفتاح API مضبوط بالـ Pool
[7/5/2026, 22:31:32] [ERROR] [AI_HANDLE] فشل الرد على 168737084846263: لا يوجد أي مفتاح API مضبوط بالـ Pool
[7/5/2026, 22:31:32] [ERROR] [AI_UNKNOWN] لا يوجد أي مفتاح API مضبوط بالـ Pool
[7/5/2026, 22:31:32] [ERROR] [AI_HANDLE] فشل الرد على 168737084846263: لا يوجد أي مفتاح API مضبوط بالـ Pool
[7/5/2026, 22:31:32] [ERROR] [AI_UNKNOWN] لا يوجد أي مفتاح API مضبوط بالـ Pool
[7/5/2026, 22:31:32] [ERROR] [AI_HANDLE] فشل الرد على 168737084846263: لا يوجد أي مفتاح API مضبوط بالـ Pool
[7/5/2026, 22:31:32] [ERROR] [AI_UNKNOWN] لا يوجد أي مفتاح API مضبوط بالـ Pool
[7/5/2026, 22:31:32] [ERROR] [AI_HANDLE] فشل الرد على 168737084846263: لا يوجد أي مفتاح API مضبوط بالـ Pool
[7/5/2026, 22:31:32] [ERROR] [AI_UNKNOWN] لا يوجد أي مفتاح API مضبوط بالـ Pool
[7/5/2026, 22:31:32] [ERROR] [AI_HANDLE] فشل الرد على 168737084846263: لا يوجد أي مفتاح API مضبوط بالـ Pool
[7/5/2026, 22:31:51] [ERROR] [AI_UNKNOWN] لا يوجد أي مفتاح API مضبوط بالـ Pool
[7/5/2026, 22:31:51] [ERROR] [AI_HANDLE] فشل الرد على 168737084846263: لا يوجد أي مفتاح API مضبوط بالـ Pool
[7/5/2026, 22:32:18] [ERROR] [AI_UNKNOWN] لا يوجد أي مفتاح API مضبوط بالـ Pool
[7/5/2026, 22:32:18] [ERROR] [AI_HANDLE] فشل الرد على 152707780374581: لا يوجد أي مفتاح API مضبوط بالـ Pool
[7/5/2026, 22:32:35] [ERROR] [AI_UNKNOWN] لا يوجد أي مفتاح API مضبوط بالـ Pool
[7/5/2026, 22:32:35] [ERROR] [AI_HANDLE] فشل الرد على 152707780374581: لا يوجد أي مفتاح API مضبوط بالـ Pool
[7/5/2026, 22:33:08] [INFO] [AI_CONFIG] تم تحميل 7 مفتاح Gemini، حد 5 طلب/دقيقة لكل مفتاح.
[7/5/2026, 22:33:31] [INFO] [AI_REPLY] user=168737084846263 duration=18293ms tokens=2185
[7/6/2026, 14:21:11] [WARN] [AI_CONFIG] GEMINI_API_KEYS/GEMINI_API_KEY غير موجود في .env — نظام الذكاء الاصطناعي لن يعمل بشكل صحيح.
[7/6/2026, 14:21:42] [ERROR] [AI_UNKNOWN] لا يوجد أي مفتاح API مضبوط بالـ Pool
[7/6/2026, 14:21:42] [ERROR] [AI_HANDLE] فشل الرد على 168737084846263: لا يوجد أي مفتاح API مضبوط بالـ Pool
[7/6/2026, 14:21:42] [ERROR] [AI_UNKNOWN] لا يوجد أي مفتاح API مضبوط بالـ Pool
[7/6/2026, 14:21:42] [ERROR] [AI_HANDLE] فشل الرد على 168737084846263: لا يوجد أي مفتاح API مضبوط بالـ Pool
[7/6/2026, 14:21:42] [ERROR] [AI_UNKNOWN] لا يوجد أي مفتاح API مضبوط بالـ Pool
[7/6/2026, 14:21:42] [ERROR] [AI_HANDLE] فشل الرد على 87995608776889: لا يوجد أي مفتاح API مضبوط بالـ Pool
[7/6/2026, 14:21:42] [ERROR] [AI_UNKNOWN] لا يوجد أي مفتاح API مضبوط بالـ Pool
[7/6/2026, 14:21:42] [ERROR] [AI_HANDLE] فشل الرد على 168737084846263: لا يوجد أي مفتاح API مضبوط بالـ Pool
[7/6/2026, 14:21:42] [ERROR] [AI_UNKNOWN] لا يوجد أي مفتاح API مضبوط بالـ Pool
[7/6/2026, 14:21:42] [ERROR] [AI_HANDLE] فشل الرد على 168737084846263: لا يوجد أي مفتاح API مضبوط بالـ Pool
[7/6/2026, 14:21:42] [ERROR] [AI_UNKNOWN] لا يوجد أي مفتاح API مضبوط بالـ Pool
[7/6/2026, 14:21:42] [ERROR] [AI_HANDLE] فشل الرد على 219366025113704: لا يوجد أي مفتاح API مضبوط بالـ Pool
[7/6/2026, 14:21:42] [ERROR] [AI_UNKNOWN] لا يوجد أي مفتاح API مضبوط بالـ Pool
[7/6/2026, 14:21:42] [ERROR] [AI_HANDLE] فشل الرد على 219366025113704: لا يوجد أي مفتاح API مضبوط بالـ Pool
[7/6/2026, 14:21:42] [ERROR] [AI_UNKNOWN] لا يوجد أي مفتاح API مضبوط بالـ Pool
[7/6/2026, 14:21:42] [ERROR] [AI_HANDLE] فشل الرد على 219366025113704: لا يوجد أي مفتاح API مضبوط بالـ Pool
[7/6/2026, 14:21:42] [ERROR] [AI_UNKNOWN] لا يوجد أي مفتاح API مضبوط بالـ Pool
[7/6/2026, 14:21:42] [ERROR] [AI_HANDLE] فشل الرد على 219366025113704: لا يوجد أي مفتاح API مضبوط بالـ Pool
[7/6/2026, 14:21:42] [ERROR] [AI_UNKNOWN] لا يوجد أي مفتاح API مضبوط بالـ Pool
[7/6/2026, 14:21:42] [ERROR] [AI_HANDLE] فشل الرد على 219366025113704: لا يوجد أي مفتاح API مضبوط بالـ Pool
[7/6/2026, 14:21:42] [ERROR] [AI_UNKNOWN] لا يوجد أي مفتاح API مضبوط بالـ Pool
[7/6/2026, 14:21:42] [ERROR] [AI_HANDLE] فشل الرد على 38268913594610: لا يوجد أي مفتاح API مضبوط بالـ Pool
[7/6/2026, 14:21:43] [ERROR] [AI_UNKNOWN] لا يوجد أي مفتاح API مضبوط بالـ Pool
[7/6/2026, 14:21:43] [ERROR] [AI_HANDLE] فشل الرد على 13671031951477: لا يوجد أي مفتاح API مضبوط بالـ Pool
[7/6/2026, 14:21:43] [ERROR] [AI_UNKNOWN] لا يوجد أي مفتاح API مضبوط بالـ Pool
[7/6/2026, 14:21:43] [ERROR] [AI_HANDLE] فشل الرد على 38268913594610: لا يوجد أي مفتاح API مضبوط بالـ Pool
[7/6/2026, 14:21:43] [ERROR] [AI_UNKNOWN] لا يوجد أي مفتاح API مضبوط بالـ Pool
[7/6/2026, 14:21:43] [ERROR] [AI_HANDLE] فشل الرد على 38268913594610: لا يوجد أي مفتاح API مضبوط بالـ Pool
[7/6/2026, 14:21:43] [ERROR] [AI_UNKNOWN] لا يوجد أي مفتاح API مضبوط بالـ Pool
[7/6/2026, 14:21:43] [ERROR] [AI_HANDLE] فشل الرد على 38268913594610: لا يوجد أي مفتاح API مضبوط بالـ Pool
[7/6/2026, 14:21:43] [ERROR] [AI_UNKNOWN] لا يوجد أي مفتاح API مضبوط بالـ Pool
[7/6/2026, 14:21:43] [ERROR] [AI_HANDLE] فشل الرد على 38268913594610: لا يوجد أي مفتاح API مضبوط بالـ Pool
[7/6/2026, 14:21:43] [ERROR] [AI_UNKNOWN] لا يوجد أي مفتاح API مضبوط بالـ Pool
[7/6/2026, 14:21:43] [ERROR] [AI_HANDLE] فشل الرد على 164777141780620: لا يوجد أي مفتاح API مضبوط بالـ Pool
[7/6/2026, 14:21:43] [ERROR] [AI_UNKNOWN] لا يوجد أي مفتاح API مضبوط بالـ Pool
[7/6/2026, 14:21:43] [ERROR] [AI_HANDLE] فشل الرد على 219366025113704: لا يوجد أي مفتاح API مضبوط بالـ Pool
[7/6/2026, 14:21:43] [ERROR] [AI_UNKNOWN] لا يوجد أي مفتاح API مضبوط بالـ Pool
[7/6/2026, 14:21:43] [ERROR] [AI_HANDLE] فشل الرد على 226924999782614: لا يوجد أي مفتاح API مضبوط بالـ Pool
[7/6/2026, 14:21:46] [ERROR] [AI_UNKNOWN] لا يوجد أي مفتاح API مضبوط بالـ Pool
[7/6/2026, 14:21:46] [ERROR] [AI_HANDLE] فشل الرد على 127939140132919: لا يوجد أي مفتاح API مضبوط بالـ Pool
[7/6/2026, 14:21:47] [ERROR] [AI_UNKNOWN] لا يوجد أي مفتاح API مضبوط بالـ Pool
[7/6/2026, 14:21:47] [ERROR] [AI_HANDLE] فشل الرد على 127939140132919: لا يوجد أي مفتاح API مضبوط بالـ Pool
[7/6/2026, 14:21:51] [ERROR] [AI_UNKNOWN] لا يوجد أي مفتاح API مضبوط بالـ Pool
[7/6/2026, 14:21:51] [ERROR] [AI_HANDLE] فشل الرد على 164777141780620: لا يوجد أي مفتاح API مضبوط بالـ Pool
[7/6/2026, 14:21:51] [ERROR] [AI_UNKNOWN] لا يوجد أي مفتاح API مضبوط بالـ Pool
[7/6/2026, 14:21:51] [ERROR] [AI_HANDLE] فشل الرد على 127939140132919: لا يوجد أي مفتاح API مضبوط بالـ Pool
[7/6/2026, 14:21:52] [ERROR] [AI_UNKNOWN] لا يوجد أي مفتاح API مضبوط بالـ Pool
[7/6/2026, 14:21:52] [ERROR] [AI_HANDLE] فشل الرد على 127939140132919: لا يوجد أي مفتاح API مضبوط بالـ Pool
[7/6/2026, 14:21:55] [ERROR] [AI_UNKNOWN] لا يوجد أي مفتاح API مضبوط بالـ Pool
[7/6/2026, 14:21:55] [ERROR] [AI_HANDLE] فشل الرد على 127939140132919: لا يوجد أي مفتاح API مضبوط بالـ Pool
[7/6/2026, 14:21:56] [ERROR] [AI_UNKNOWN] لا يوجد أي مفتاح API مضبوط بالـ Pool
[7/6/2026, 14:21:56] [ERROR] [AI_HANDLE] فشل الرد على 97827090903182: لا يوجد أي مفتاح API مضبوط بالـ Pool
[7/6/2026, 14:21:57] [ERROR] [AI_UNKNOWN] لا يوجد أي مفتاح API مضبوط بالـ Pool
[7/6/2026, 14:21:57] [ERROR] [AI_HANDLE] فشل الرد على 127939140132919: لا يوجد أي مفتاح API مضبوط بالـ Pool
[7/6/2026, 14:21:57] [ERROR] [AI_UNKNOWN] لا يوجد أي مفتاح API مضبوط بالـ Pool
[7/6/2026, 14:21:57] [ERROR] [AI_HANDLE] فشل الرد على 127939140132919: لا يوجد أي مفتاح API مضبوط بالـ Pool
[7/6/2026, 14:21:57] [ERROR] [AI_UNKNOWN] لا يوجد أي مفتاح API مضبوط بالـ Pool
[7/6/2026, 14:21:57] [ERROR] [AI_HANDLE] فشل الرد على 127939140132919: لا يوجد أي مفتاح API مضبوط بالـ Pool
[7/6/2026, 14:21:57] [ERROR] [AI_UNKNOWN] لا يوجد أي مفتاح API مضبوط بالـ Pool
[7/6/2026, 14:21:57] [ERROR] [AI_HANDLE] فشل الرد على 127939140132919: لا يوجد أي مفتاح API مضبوط بالـ Pool
[7/6/2026, 14:21:58] [ERROR] [AI_UNKNOWN] لا يوجد أي مفتاح API مضبوط بالـ Pool
[7/6/2026, 14:21:58] [ERROR] [AI_HANDLE] فشل الرد على 127939140132919: لا يوجد أي مفتاح API مضبوط بالـ Pool
[7/6/2026, 14:21:58] [ERROR] [AI_UNKNOWN] لا يوجد أي مفتاح API مضبوط بالـ Pool
[7/6/2026, 14:21:58] [ERROR] [AI_HANDLE] فشل الرد على 127939140132919: لا يوجد أي مفتاح API مضبوط بالـ Pool
[7/6/2026, 14:21:58] [ERROR] [AI_UNKNOWN] لا يوجد أي مفتاح API مضبوط بالـ Pool
[7/6/2026, 14:21:58] [ERROR] [AI_HANDLE] فشل الرد على 127939140132919: لا يوجد أي مفتاح API مضبوط بالـ Pool
[7/6/2026, 14:21:58] [ERROR] [AI_UNKNOWN] لا يوجد أي مفتاح API مضبوط بالـ Pool
[7/6/2026, 14:21:58] [ERROR] [AI_HANDLE] فشل الرد على 127939140132919: لا يوجد أي مفتاح API مضبوط بالـ Pool
[7/6/2026, 14:21:58] [ERROR] [AI_UNKNOWN] لا يوجد أي مفتاح API مضبوط بالـ Pool
[7/6/2026, 14:21:58] [ERROR] [AI_HANDLE] فشل الرد على 127939140132919: لا يوجد أي مفتاح API مضبوط بالـ Pool
[7/6/2026, 14:21:58] [ERROR] [AI_UNKNOWN] لا يوجد أي مفتاح API مضبوط بالـ Pool
[7/6/2026, 14:21:58] [ERROR] [AI_HANDLE] فشل الرد على 127939140132919: لا يوجد أي مفتاح API مضبوط بالـ Pool
[7/6/2026, 14:21:58] [ERROR] [AI_UNKNOWN] لا يوجد أي مفتاح API مضبوط بالـ Pool
[7/6/2026, 14:21:58] [ERROR] [AI_HANDLE] فشل الرد على 127939140132919: لا يوجد أي مفتاح API مضبوط بالـ Pool
[7/6/2026, 14:21:59] [ERROR] [AI_UNKNOWN] لا يوجد أي مفتاح API مضبوط بالـ Pool
[7/6/2026, 14:21:59] [ERROR] [AI_HANDLE] فشل الرد على 127939140132919: لا يوجد أي مفتاح API مضبوط بالـ Pool
[7/6/2026, 14:21:59] [ERROR] [AI_UNKNOWN] لا يوجد أي مفتاح API مضبوط بالـ Pool
[7/6/2026, 14:21:59] [ERROR] [AI_HANDLE] فشل الرد على 127939140132919: لا يوجد أي مفتاح API مضبوط بالـ Pool
[7/6/2026, 14:21:59] [ERROR] [AI_UNKNOWN] لا يوجد أي مفتاح API مضبوط بالـ Pool
[7/6/2026, 14:21:59] [ERROR] [AI_HANDLE] فشل الرد على 127939140132919: لا يوجد أي مفتاح API مضبوط بالـ Pool
[7/6/2026, 14:21:59] [ERROR] [AI_UNKNOWN] لا يوجد أي مفتاح API مضبوط بالـ Pool
[7/6/2026, 14:21:59] [ERROR] [AI_HANDLE] فشل الرد على 127939140132919: لا يوجد أي مفتاح API مضبوط بالـ Pool
[7/6/2026, 14:21:59] [ERROR] [AI_UNKNOWN] لا يوجد أي مفتاح API مضبوط بالـ Pool
[7/6/2026, 14:21:59] [ERROR] [AI_HANDLE] فشل الرد على 127939140132919: لا يوجد أي مفتاح API مضبوط بالـ Pool
[7/6/2026, 14:22:00] [ERROR] [AI_UNKNOWN] لا يوجد أي مفتاح API مضبوط بالـ Pool
[7/6/2026, 14:22:00] [ERROR] [AI_HANDLE] فشل الرد على 127939140132919: لا يوجد أي مفتاح API مضبوط بالـ Pool
[7/6/2026, 14:22:00] [ERROR] [AI_UNKNOWN] لا يوجد أي مفتاح API مضبوط بالـ Pool
[7/6/2026, 14:22:00] [ERROR] [AI_HANDLE] فشل الرد على 127939140132919: لا يوجد أي مفتاح API مضبوط بالـ Pool
[7/6/2026, 14:22:00] [ERROR] [AI_UNKNOWN] لا يوجد أي مفتاح API مضبوط بالـ Pool
[7/6/2026, 14:22:00] [ERROR] [AI_HANDLE] فشل الرد على 127939140132919: لا يوجد أي مفتاح API مضبوط بالـ Pool
[7/6/2026, 14:22:00] [ERROR] [AI_UNKNOWN] لا يوجد أي مفتاح API مضبوط بالـ Pool
[7/6/2026, 14:22:00] [ERROR] [AI_HANDLE] فشل الرد على 127939140132919: لا يوجد أي مفتاح API مضبوط بالـ Pool
[7/6/2026, 14:22:00] [ERROR] [AI_UNKNOWN] لا يوجد أي مفتاح API مضبوط بالـ Pool
[7/6/2026, 14:22:00] [ERROR] [AI_HANDLE] فشل الرد على 127939140132919: لا يوجد أي مفتاح API مضبوط بالـ Pool
[7/6/2026, 14:22:00] [ERROR] [AI_UNKNOWN] لا يوجد أي مفتاح API مضبوط بالـ Pool
[7/6/2026, 14:22:00] [ERROR] [AI_HANDLE] فشل الرد على 127939140132919: لا يوجد أي مفتاح API مضبوط بالـ Pool
[7/6/2026, 14:22:01] [ERROR] [AI_UNKNOWN] لا يوجد أي مفتاح API مضبوط بالـ Pool
[7/6/2026, 14:22:01] [ERROR] [AI_HANDLE] فشل الرد على 127939140132919: لا يوجد أي مفتاح API مضبوط بالـ Pool
[7/6/2026, 14:22:01] [ERROR] [AI_UNKNOWN] لا يوجد أي مفتاح API مضبوط بالـ Pool
[7/6/2026, 14:22:01] [ERROR] [AI_HANDLE] فشل الرد على 127939140132919: لا يوجد أي مفتاح API مضبوط بالـ Pool
[7/6/2026, 14:22:01] [ERROR] [AI_UNKNOWN] لا يوجد أي مفتاح API مضبوط بالـ Pool
[7/6/2026, 14:22:01] [ERROR] [AI_HANDLE] فشل الرد على 127939140132919: لا يوجد أي مفتاح API مضبوط بالـ Pool
[7/6/2026, 14:22:01] [ERROR] [AI_UNKNOWN] لا يوجد أي مفتاح API مضبوط بالـ Pool
[7/6/2026, 14:22:01] [ERROR] [AI_HANDLE] فشل الرد على 127939140132919: لا يوجد أي مفتاح API مضبوط بالـ Pool
[7/6/2026, 14:22:14] [ERROR] [AI_UNKNOWN] لا يوجد أي مفتاح API مضبوط بالـ Pool
[7/6/2026, 14:22:14] [ERROR] [AI_HANDLE] فشل الرد على 226924999782614: لا يوجد أي مفتاح API مضبوط بالـ Pool
[7/6/2026, 14:22:30] [ERROR] [AI_UNKNOWN] لا يوجد أي مفتاح API مضبوط بالـ Pool
[7/6/2026, 14:22:30] [ERROR] [AI_HANDLE] فشل الرد على 127939140132919: لا يوجد أي مفتاح API مضبوط بالـ Pool
[7/6/2026, 14:42:18] [INFO] [AI_CONFIG] تم تحميل 7 مفتاح Gemini، حد 5 طلب/دقيقة لكل مفتاح.
[7/6/2026, 14:56:42] [INFO] [AI_REPLY] user=127939140132919 duration=12328ms tokens=2018
[7/6/2026, 14:56:53] [INFO] [AI_REPLY] user=127939140132919 duration=3716ms tokens=1773
[7/6/2026, 14:56:59] [ERROR] [AI_UNKNOWN] This model is currently experiencing high demand. Spikes in demand are usually temporary. Please try again later.
[7/6/2026, 14:56:59] [ERROR] [AI_HANDLE] فشل الرد على 127939140132919: This model is currently experiencing high demand. Spikes in demand are usually temporary. Please try again later.
[7/6/2026, 15:02:04] [WARN] [AI_CONFIG] GEMINI_API_KEYS/GEMINI_API_KEY غير موجود في .env — نظام الذكاء الاصطناعي لن يعمل بشكل صحيح.
[7/6/2026, 15:02:09] [ERROR] [AI_UNKNOWN] لا يوجد أي مفتاح API مضبوط بالـ Pool
[7/6/2026, 15:02:09] [ERROR] [AI_HANDLE] فشل الرد على 127939140132919: لا يوجد أي مفتاح API مضبوط بالـ Pool
[7/6/2026, 15:02:09] [ERROR] [AI_UNKNOWN] لا يوجد أي مفتاح API مضبوط بالـ Pool
[7/6/2026, 15:02:09] [ERROR] [AI_HANDLE] فشل الرد على 127939140132919: لا يوجد أي مفتاح API مضبوط بالـ Pool
[7/6/2026, 15:02:09] [ERROR] [AI_UNKNOWN] لا يوجد أي مفتاح API مضبوط بالـ Pool
[7/6/2026, 15:02:09] [ERROR] [AI_HANDLE] فشل الرد على 127939140132919: لا يوجد أي مفتاح API مضبوط بالـ Pool
[7/6/2026, 15:02:09] [ERROR] [AI_UNKNOWN] لا يوجد أي مفتاح API مضبوط بالـ Pool
[7/6/2026, 15:02:09] [ERROR] [AI_HANDLE] فشل الرد على 127939140132919: لا يوجد أي مفتاح API مضبوط بالـ Pool
[7/6/2026, 15:02:09] [ERROR] [AI_UNKNOWN] لا يوجد أي مفتاح API مضبوط بالـ Pool
[7/6/2026, 15:02:09] [ERROR] [AI_HANDLE] فشل الرد على 127939140132919: لا يوجد أي مفتاح API مضبوط بالـ Pool
[7/6/2026, 15:02:09] [ERROR] [AI_UNKNOWN] لا يوجد أي مفتاح API مضبوط بالـ Pool
[7/6/2026, 15:02:09] [ERROR] [AI_HANDLE] فشل الرد على 127939140132919: لا يوجد أي مفتاح API مضبوط بالـ Pool
[7/6/2026, 15:02:09] [ERROR] [AI_UNKNOWN] لا يوجد أي مفتاح API مضبوط بالـ Pool
[7/6/2026, 15:02:09] [ERROR] [AI_HANDLE] فشل الرد على 127939140132919: لا يوجد أي مفتاح API مضبوط بالـ Pool
[7/6/2026, 15:02:09] [ERROR] [AI_UNKNOWN] لا يوجد أي مفتاح API مضبوط بالـ Pool
[7/6/2026, 15:02:09] [ERROR] [AI_HANDLE] فشل الرد على 127939140132919: لا يوجد أي مفتاح API مضبوط بالـ Pool
[7/6/2026, 15:02:09] [ERROR] [AI_UNKNOWN] لا يوجد أي مفتاح API مضبوط بالـ Pool
[7/6/2026, 15:02:09] [ERROR] [AI_HANDLE] فشل الرد على 127939140132919: لا يوجد أي مفتاح API مضبوط بالـ Pool
[7/6/2026, 15:02:09] [ERROR] [AI_UNKNOWN] لا يوجد أي مفتاح API مضبوط بالـ Pool
[7/6/2026, 15:02:09] [ERROR] [AI_HANDLE] فشل الرد على 127939140132919: لا يوجد أي مفتاح API مضبوط بالـ Pool
[7/6/2026, 15:02:09] [ERROR] [AI_UNKNOWN] لا يوجد أي مفتاح API مضبوط بالـ Pool
[7/6/2026, 15:02:09] [ERROR] [AI_HANDLE] فشل الرد على 127939140132919: لا يوجد أي مفتاح API مضبوط بالـ Pool
[7/6/2026, 15:02:09] [ERROR] [AI_UNKNOWN] لا يوجد أي مفتاح API مضبوط بالـ Pool
[7/6/2026, 15:02:09] [ERROR] [AI_HANDLE] فشل الرد على 127939140132919: لا يوجد أي مفتاح API مضبوط بالـ Pool
[7/6/2026, 15:02:09] [ERROR] [AI_UNKNOWN] لا يوجد أي مفتاح API مضبوط بالـ Pool
[7/6/2026, 15:02:09] [ERROR] [AI_HANDLE] فشل الرد على 127939140132919: لا يوجد أي مفتاح API مضبوط بالـ Pool
[7/6/2026, 15:02:09] [ERROR] [AI_UNKNOWN] لا يوجد أي مفتاح API مضبوط بالـ Pool
[7/6/2026, 15:02:09] [ERROR] [AI_HANDLE] فشل الرد على 127939140132919: لا يوجد أي مفتاح API مضبوط بالـ Pool
[7/6/2026, 15:02:09] [ERROR] [AI_UNKNOWN] لا يوجد أي مفتاح API مضبوط بالـ Pool
[7/6/2026, 15:02:09] [ERROR] [AI_HANDLE] فشل الرد على 127939140132919: لا يوجد أي مفتاح API مضبوط بالـ Pool
[7/6/2026, 15:02:09] [ERROR] [AI_UNKNOWN] لا يوجد أي مفتاح API مضبوط بالـ Pool
[7/6/2026, 15:02:09] [ERROR] [AI_HANDLE] فشل الرد على 127939140132919: لا يوجد أي مفتاح API مضبوط بالـ Pool
[7/6/2026, 15:02:10] [ERROR] [AI_UNKNOWN] لا يوجد أي مفتاح API مضبوط بالـ Pool
[7/6/2026, 15:02:10] [ERROR] [AI_HANDLE] فشل الرد على 127939140132919: لا يوجد أي مفتاح API مضبوط بالـ Pool
[7/6/2026, 15:02:27] [ERROR] [AI_UNKNOWN] لا يوجد أي مفتاح API مضبوط بالـ Pool
[7/6/2026, 15:02:27] [ERROR] [AI_HANDLE] فشل الرد على 127939140132919: لا يوجد أي مفتاح API مضبوط بالـ Pool
[7/6/2026, 15:02:41] [ERROR] [AI_UNKNOWN] لا يوجد أي مفتاح API مضبوط بالـ Pool
[7/6/2026, 15:02:41] [ERROR] [AI_HANDLE] فشل الرد على 127939140132919: لا يوجد أي مفتاح API مضبوط بالـ Pool
[7/6/2026, 15:02:54] [ERROR] [AI_UNKNOWN] لا يوجد أي مفتاح API مضبوط بالـ Pool
[7/6/2026, 15:02:54] [ERROR] [AI_HANDLE] فشل الرد على 127939140132919: لا يوجد أي مفتاح API مضبوط بالـ Pool
[7/6/2026, 15:03:09] [ERROR] [AI_UNKNOWN] لا يوجد أي مفتاح API مضبوط بالـ Pool
[7/6/2026, 15:03:09] [ERROR] [AI_HANDLE] فشل الرد على 127939140132919: لا يوجد أي مفتاح API مضبوط بالـ Pool
[7/6/2026, 15:03:52] [ERROR] [AI_UNKNOWN] لا يوجد أي مفتاح API مضبوط بالـ Pool
[7/6/2026, 15:03:52] [ERROR] [AI_HANDLE] فشل الرد على 127939140132919: لا يوجد أي مفتاح API مضبوط بالـ Pool
[7/6/2026, 15:04:03] [ERROR] [AI_UNKNOWN] لا يوجد أي مفتاح API مضبوط بالـ Pool
[7/6/2026, 15:04:03] [ERROR] [AI_HANDLE] فشل الرد على 127939140132919: لا يوجد أي مفتاح API مضبوط بالـ Pool
[7/6/2026, 15:04:18] [ERROR] [AI_UNKNOWN] لا يوجد أي مفتاح API مضبوط بالـ Pool
[7/6/2026, 15:04:18] [ERROR] [AI_HANDLE] فشل الرد على 127939140132919: لا يوجد أي مفتاح API مضبوط بالـ Pool
[7/6/2026, 15:05:37] [INFO] [AI_CONFIG] تم تحميل 7 مفتاح Gemini، حد 5 طلب/دقيقة لكل مفتاح.
[7/6/2026, 15:28:52] [WARN] [AI_CONFIG] GEMINI_API_KEYS/GEMINI_API_KEY غير موجود في .env — نظام الذكاء الاصطناعي لن يعمل بشكل صحيح.
[7/6/2026, 15:29:06] [ERROR] [AI_UNKNOWN] لا يوجد أي مفتاح API مضبوط بالـ Pool
[7/6/2026, 15:29:06] [ERROR] [AI_HANDLE] فشل الرد على 127939140132919: لا يوجد أي مفتاح API مضبوط بالـ Pool
[7/6/2026, 15:29:06] [ERROR] [AI_UNKNOWN] لا يوجد أي مفتاح API مضبوط بالـ Pool
[7/6/2026, 15:29:06] [ERROR] [AI_HANDLE] فشل الرد على 127939140132919: لا يوجد أي مفتاح API مضبوط بالـ Pool
[7/6/2026, 15:29:06] [ERROR] [AI_UNKNOWN] لا يوجد أي مفتاح API مضبوط بالـ Pool
[7/6/2026, 15:29:06] [ERROR] [AI_HANDLE] فشل الرد على 127939140132919: لا يوجد أي مفتاح API مضبوط بالـ Pool
[7/6/2026, 15:29:06] [ERROR] [AI_UNKNOWN] لا يوجد أي مفتاح API مضبوط بالـ Pool
[7/6/2026, 15:29:06] [ERROR] [AI_HANDLE] فشل الرد على 127939140132919: لا يوجد أي مفتاح API مضبوط بالـ Pool
[7/6/2026, 15:29:06] [ERROR] [AI_UNKNOWN] لا يوجد أي مفتاح API مضبوط بالـ Pool
[7/6/2026, 15:29:06] [ERROR] [AI_HANDLE] فشل الرد على 127939140132919: لا يوجد أي مفتاح API مضبوط بالـ Pool
[7/6/2026, 15:29:06] [ERROR] [AI_UNKNOWN] لا يوجد أي مفتاح API مضبوط بالـ Pool
[7/6/2026, 15:29:06] [ERROR] [AI_HANDLE] فشل الرد على 127939140132919: لا يوجد أي مفتاح API مضبوط بالـ Pool
[7/6/2026, 15:29:06] [ERROR] [AI_UNKNOWN] لا يوجد أي مفتاح API مضبوط بالـ Pool
[7/6/2026, 15:29:06] [ERROR] [AI_HANDLE] فشل الرد على 127939140132919: لا يوجد أي مفتاح API مضبوط بالـ Pool
[7/6/2026, 15:29:06] [ERROR] [AI_UNKNOWN] لا يوجد أي مفتاح API مضبوط بالـ Pool
[7/6/2026, 15:29:06] [ERROR] [AI_HANDLE] فشل الرد على 127939140132919: لا يوجد أي مفتاح API مضبوط بالـ Pool
[7/6/2026, 15:29:06] [ERROR] [AI_UNKNOWN] لا يوجد أي مفتاح API مضبوط بالـ Pool
[7/6/2026, 15:29:06] [ERROR] [AI_HANDLE] فشل الرد على 127939140132919: لا يوجد أي مفتاح API مضبوط بالـ Pool
[7/6/2026, 15:29:06] [ERROR] [AI_UNKNOWN] لا يوجد أي مفتاح API مضبوط بالـ Pool
[7/6/2026, 15:29:06] [ERROR] [AI_HANDLE] فشل الرد على 226924999782614: لا يوجد أي مفتاح API مضبوط بالـ Pool
[7/6/2026, 15:29:06] [ERROR] [AI_UNKNOWN] لا يوجد أي مفتاح API مضبوط بالـ Pool
[7/6/2026, 15:29:06] [ERROR] [AI_HANDLE] فشل الرد على 127939140132919: لا يوجد أي مفتاح API مضبوط بالـ Pool
[7/6/2026, 15:29:06] [ERROR] [AI_UNKNOWN] لا يوجد أي مفتاح API مضبوط بالـ Pool
[7/6/2026, 15:29:06] [ERROR] [AI_HANDLE] فشل الرد على 127939140132919: لا يوجد أي مفتاح API مضبوط بالـ Pool
[7/6/2026, 15:29:06] [ERROR] [AI_UNKNOWN] لا يوجد أي مفتاح API مضبوط بالـ Pool
[7/6/2026, 15:29:06] [ERROR] [AI_HANDLE] فشل الرد على 127939140132919: لا يوجد أي مفتاح API مضبوط بالـ Pool
[7/6/2026, 15:29:06] [ERROR] [AI_UNKNOWN] لا يوجد أي مفتاح API مضبوط بالـ Pool
[7/6/2026, 15:29:06] [ERROR] [AI_HANDLE] فشل الرد على 127939140132919: لا يوجد أي مفتاح API مضبوط بالـ Pool
[7/6/2026, 15:29:06] [ERROR] [AI_UNKNOWN] لا يوجد أي مفتاح API مضبوط بالـ Pool
[7/6/2026, 15:29:06] [ERROR] [AI_HANDLE] فشل الرد على 127939140132919: لا يوجد أي مفتاح API مضبوط بالـ Pool
[7/6/2026, 15:29:06] [ERROR] [AI_UNKNOWN] لا يوجد أي مفتاح API مضبوط بالـ Pool
[7/6/2026, 15:29:06] [ERROR] [AI_HANDLE] فشل الرد على 127939140132919: لا يوجد أي مفتاح API مضبوط بالـ Pool
[7/6/2026, 15:29:07] [ERROR] [AI_UNKNOWN] لا يوجد أي مفتاح API مضبوط بالـ Pool
[7/6/2026, 15:29:07] [ERROR] [AI_HANDLE] فشل الرد على 127939140132919: لا يوجد أي مفتاح API مضبوط بالـ Pool
[7/6/2026, 15:29:07] [ERROR] [AI_UNKNOWN] لا يوجد أي مفتاح API مضبوط بالـ Pool
[7/6/2026, 15:29:07] [ERROR] [AI_HANDLE] فشل الرد على 127939140132919: لا يوجد أي مفتاح API مضبوط بالـ Pool
[7/6/2026, 15:29:07] [ERROR] [AI_UNKNOWN] لا يوجد أي مفتاح API مضبوط بالـ Pool
[7/6/2026, 15:29:07] [ERROR] [AI_HANDLE] فشل الرد على 127939140132919: لا يوجد أي مفتاح API مضبوط بالـ Pool
[7/6/2026, 15:29:07] [ERROR] [AI_UNKNOWN] لا يوجد أي مفتاح API مضبوط بالـ Pool
[7/6/2026, 15:29:07] [ERROR] [AI_HANDLE] فشل الرد على 127939140132919: لا يوجد أي مفتاح API مضبوط بالـ Pool
[7/6/2026, 15:29:07] [ERROR] [AI_UNKNOWN] لا يوجد أي مفتاح API مضبوط بالـ Pool
[7/6/2026, 15:29:07] [ERROR] [AI_HANDLE] فشل الرد على 127939140132919: لا يوجد أي مفتاح API مضبوط بالـ Pool
[7/6/2026, 15:29:07] [ERROR] [AI_UNKNOWN] لا يوجد أي مفتاح API مضبوط بالـ Pool
[7/6/2026, 15:29:07] [ERROR] [AI_HANDLE] فشل الرد على 127939140132919: لا يوجد أي مفتاح API مضبوط بالـ Pool
[7/6/2026, 15:29:07] [ERROR] [AI_UNKNOWN] لا يوجد أي مفتاح API مضبوط بالـ Pool
[7/6/2026, 15:29:07] [ERROR] [AI_HANDLE] فشل الرد على 127939140132919: لا يوجد أي مفتاح API مضبوط بالـ Pool
[7/6/2026, 15:29:07] [ERROR] [AI_UNKNOWN] لا يوجد أي مفتاح API مضبوط بالـ Pool
[7/6/2026, 15:29:07] [ERROR] [AI_HANDLE] فشل الرد على 127939140132919: لا يوجد أي مفتاح API مضبوط بالـ Pool
[7/6/2026, 15:29:07] [ERROR] [AI_UNKNOWN] لا يوجد أي مفتاح API مضبوط بالـ Pool
[7/6/2026, 15:29:07] [ERROR] [AI_HANDLE] فشل الرد على 127939140132919: لا يوجد أي مفتاح API مضبوط بالـ Pool
[7/6/2026, 15:39:03] [INFO] [AI_CONFIG] تم تحميل 7 مفتاح Gemini، حد 5 طلب/دقيقة لكل مفتاح.
[7/6/2026, 18:17:02] [INFO] [AI_REPLY] user=38268913594610 duration=4783ms tokens=2020
[7/6/2026, 18:17:26] [INFO] [AI_REPLY] user=38268913594610 duration=4790ms tokens=2033
[7/6/2026, 18:17:31] [INFO] [AI_REPLY] user=38268913594610 duration=4656ms tokens=2040
[7/6/2026, 18:17:45] [INFO] [AI_REPLY] user=38268913594610 duration=4086ms tokens=1939
[7/6/2026, 18:17:49] [INFO] [AI_REPLY] user=38268913594610 duration=4132ms tokens=1988
[7/6/2026, 18:17:53] [INFO] [AI_REPLY] user=38268913594610 duration=3734ms tokens=2006
[7/6/2026, 18:17:56] [INFO] [AI_REPLY] user=38268913594610 duration=3436ms tokens=1945
[7/6/2026, 18:18:05] [INFO] [AI_REPLY] user=38268913594610 duration=3547ms tokens=1950
[7/6/2026, 18:18:21] [INFO] [AI_REPLY] user=38268913594610 duration=3750ms tokens=2008
[7/6/2026, 18:18:29] [INFO] [AI_REPLY] user=38268913594610 duration=3816ms tokens=2063
[7/6/2026, 18:18:34] [INFO] [AI_REPLY] user=38268913594610 duration=4256ms tokens=2041
[7/6/2026, 18:18:52] [INFO] [AI_REPLY] user=38268913594610 duration=3326ms tokens=1911
[7/6/2026, 18:19:00] [INFO] [AI_REPLY] user=38268913594610 duration=3810ms tokens=1996
[7/6/2026, 18:19:06] [INFO] [AI_REPLY] user=38268913594610 duration=3215ms tokens=2151
[7/6/2026, 18:19:10] [INFO] [AI_REPLY] user=38268913594610 duration=2644ms tokens=2083
[7/6/2026, 18:19:20] [INFO] [AI_REPLY] user=38268913594610 duration=4139ms tokens=2407
[7/6/2026, 18:23:04] [INFO] [AI_REPLY] user=19486988054547 duration=4567ms tokens=2040
[7/6/2026, 18:23:08] [INFO] [AI_REPLY] user=19486988054547 duration=3870ms tokens=1957
[7/6/2026, 18:28:27] [WARN] [AI_CONFIG] GEMINI_API_KEYS/GEMINI_API_KEY غير موجود في .env — نظام الذكاء الاصطناعي لن يعمل بشكل صحيح.
[7/6/2026, 18:28:32] [ERROR] [AI_UNKNOWN] لا يوجد أي مفتاح API مضبوط بالـ Pool
[7/6/2026, 18:28:32] [ERROR] [AI_HANDLE] فشل الرد على 19486988054547: لا يوجد أي مفتاح API مضبوط بالـ Pool
[7/6/2026, 18:28:32] [ERROR] [AI_UNKNOWN] لا يوجد أي مفتاح API مضبوط بالـ Pool
[7/6/2026, 18:28:32] [ERROR] [AI_HANDLE] فشل الرد على 19486988054547: لا يوجد أي مفتاح API مضبوط بالـ Pool
[7/6/2026, 18:28:32] [ERROR] [AI_UNKNOWN] لا يوجد أي مفتاح API مضبوط بالـ Pool
[7/6/2026, 18:28:32] [ERROR] [AI_HANDLE] فشل الرد على 19486988054547: لا يوجد أي مفتاح API مضبوط بالـ Pool
[7/6/2026, 18:28:32] [ERROR] [AI_UNKNOWN] لا يوجد أي مفتاح API مضبوط بالـ Pool
[7/6/2026, 18:28:32] [ERROR] [AI_HANDLE] فشل الرد على 19486988054547: لا يوجد أي مفتاح API مضبوط بالـ Pool
[7/6/2026, 18:28:32] [ERROR] [AI_UNKNOWN] لا يوجد أي مفتاح API مضبوط بالـ Pool
[7/6/2026, 18:28:32] [ERROR] [AI_HANDLE] فشل الرد على 19486988054547: لا يوجد أي مفتاح API مضبوط بالـ Pool
[7/6/2026, 18:28:32] [ERROR] [AI_UNKNOWN] لا يوجد أي مفتاح API مضبوط بالـ Pool
[7/6/2026, 18:28:32] [ERROR] [AI_HANDLE] فشل الرد على 19486988054547: لا يوجد أي مفتاح API مضبوط بالـ Pool
[7/6/2026, 18:28:32] [ERROR] [AI_UNKNOWN] لا يوجد أي مفتاح API مضبوط بالـ Pool
[7/6/2026, 18:28:32] [ERROR] [AI_HANDLE] فشل الرد على 19486988054547: لا يوجد أي مفتاح API مضبوط بالـ Pool
[7/6/2026, 18:28:32] [ERROR] [AI_UNKNOWN] لا يوجد أي مفتاح API مضبوط بالـ Pool
[7/6/2026, 18:28:32] [ERROR] [AI_HANDLE] فشل الرد على 19486988054547: لا يوجد أي مفتاح API مضبوط بالـ Pool
[7/6/2026, 18:28:32] [ERROR] [AI_UNKNOWN] لا يوجد أي مفتاح API مضبوط بالـ Pool
[7/6/2026, 18:28:32] [ERROR] [AI_HANDLE] فشل الرد على 19486988054547: لا يوجد أي مفتاح API مضبوط بالـ Pool
[7/6/2026, 18:28:43] [ERROR] [AI_UNKNOWN] لا يوجد أي مفتاح API مضبوط بالـ Pool
[7/6/2026, 18:28:43] [ERROR] [AI_HANDLE] فشل الرد على 38268913594610: لا يوجد أي مفتاح API مضبوط بالـ Pool
[7/6/2026, 18:28:47] [ERROR] [AI_UNKNOWN] لا يوجد أي مفتاح API مضبوط بالـ Pool
[7/6/2026, 18:28:47] [ERROR] [AI_HANDLE] فشل الرد على 38268913594610: لا يوجد أي مفتاح API مضبوط بالـ Pool
[7/6/2026, 18:29:14] [ERROR] [AI_UNKNOWN] لا يوجد أي مفتاح API مضبوط بالـ Pool
[7/6/2026, 18:29:14] [ERROR] [AI_HANDLE] فشل الرد على 19486988054547: لا يوجد أي مفتاح API مضبوط بالـ Pool
[7/6/2026, 18:29:48] [ERROR] [AI_UNKNOWN] لا يوجد أي مفتاح API مضبوط بالـ Pool
[7/6/2026, 18:29:48] [ERROR] [AI_HANDLE] فشل الرد على 38268913594610: لا يوجد أي مفتاح API مضبوط بالـ Pool
[7/6/2026, 18:30:21] [ERROR] [AI_UNKNOWN] لا يوجد أي مفتاح API مضبوط بالـ Pool
[7/6/2026, 18:30:21] [ERROR] [AI_HANDLE] فشل الرد على 19486988054547: لا يوجد أي مفتاح API مضبوط بالـ Pool
[7/6/2026, 18:30:34] [ERROR] [AI_UNKNOWN] لا يوجد أي مفتاح API مضبوط بالـ Pool
[7/6/2026, 18:30:34] [ERROR] [AI_HANDLE] فشل الرد على 19486988054547: لا يوجد أي مفتاح API مضبوط بالـ Pool
[7/6/2026, 18:31:00] [ERROR] [AI_UNKNOWN] لا يوجد أي مفتاح API مضبوط بالـ Pool
[7/6/2026, 18:31:00] [ERROR] [AI_HANDLE] فشل الرد على 19486988054547: لا يوجد أي مفتاح API مضبوط بالـ Pool
[7/6/2026, 18:31:02] [ERROR] [AI_UNKNOWN] لا يوجد أي مفتاح API مضبوط بالـ Pool
[7/6/2026, 18:31:02] [ERROR] [AI_HANDLE] فشل الرد على 19486988054547: لا يوجد أي مفتاح API مضبوط بالـ Pool
[7/6/2026, 18:41:48] [INFO] [AI_CONFIG] تم تحميل 7 مفتاح Gemini، حد 5 طلب/دقيقة لكل مفتاح.
[7/6/2026, 19:01:42] [INFO] [AI_CONFIG] تم تحميل 7 مفتاح Gemini، حد 5 طلب/دقيقة لكل مفتاح.
[7/6/2026, 19:01:50] [INFO] [AI_CONFIG] تم تحميل 7 مفتاح Gemini، حد 5 طلب/دقيقة لكل مفتاح.
[7/6/2026, 19:54:02] [INFO] [AI_REPLY] user=80269348466921 duration=4578ms tokens=2018
[7/6/2026, 20:59:21] [INFO] [AI_REPLY] user=167422908707063 duration=4720ms tokens=2030
[7/6/2026, 20:59:22] [INFO] [AI_REPLY] user=83993018023981 duration=4466ms tokens=2018
[7/6/2026, 20:59:28] [INFO] [AI_REPLY] user=167422908707063 duration=5761ms tokens=1943
[7/6/2026, 20:59:38] [INFO] [AI_REPLY] user=83993018023981 duration=4714ms tokens=2049
[7/6/2026, 21:00:31] [INFO] [AI_REPLY] user=167422908707063 duration=8124ms tokens=2071
[7/6/2026, 21:00:38] [INFO] [AI_REPLY] user=167422908707063 duration=6074ms tokens=2092
[7/6/2026, 21:00:48] [ERROR] [AI_UNKNOWN] fetch failed
[7/6/2026, 21:00:48] [ERROR] [AI_HANDLE] فشل الرد على 167422908707063: fetch failed
[7/6/2026, 21:00:57] [INFO] [AI_REPLY] user=167422908707063 duration=4915ms tokens=1868
[7/6/2026, 21:01:17] [INFO] [AI_REPLY] user=167422908707063 duration=4051ms tokens=2046
[7/6/2026, 21:01:21] [INFO] [AI_REPLY] user=167422908707063 duration=3553ms tokens=1940
[7/7/2026, 16:07:51] [WARN] [AI_CONFIG] GEMINI_API_KEYS/GEMINI_API_KEY غير موجود في .env — نظام الذكاء الاصطناعي لن يعمل بشكل صحيح.
[7/7/2026, 16:08:22] [ERROR] [AI_UNKNOWN] لا يوجد أي مفتاح API مضبوط بالـ Pool
[7/7/2026, 16:08:22] [ERROR] [AI_HANDLE] فشل الرد على 167422908707063: لا يوجد أي مفتاح API مضبوط بالـ Pool
[7/7/2026, 16:08:22] [ERROR] [AI_UNKNOWN] لا يوجد أي مفتاح API مضبوط بالـ Pool
[7/7/2026, 16:08:22] [ERROR] [AI_HANDLE] فشل الرد على 167422908707063: لا يوجد أي مفتاح API مضبوط بالـ Pool
[7/7/2026, 16:08:22] [ERROR] [AI_UNKNOWN] لا يوجد أي مفتاح API مضبوط بالـ Pool
[7/7/2026, 16:08:22] [ERROR] [AI_HANDLE] فشل الرد على 167422908707063: لا يوجد أي مفتاح API مضبوط بالـ Pool
[7/7/2026, 16:08:22] [ERROR] [AI_UNKNOWN] لا يوجد أي مفتاح API مضبوط بالـ Pool
[7/7/2026, 16:08:22] [ERROR] [AI_HANDLE] فشل الرد على 167422908707063: لا يوجد أي مفتاح API مضبوط بالـ Pool
[7/7/2026, 16:08:22] [ERROR] [AI_UNKNOWN] لا يوجد أي مفتاح API مضبوط بالـ Pool
[7/7/2026, 16:08:22] [ERROR] [AI_HANDLE] فشل الرد على 167422908707063: لا يوجد أي مفتاح API مضبوط بالـ Pool
[7/7/2026, 16:08:22] [ERROR] [AI_UNKNOWN] لا يوجد أي مفتاح API مضبوط بالـ Pool
[7/7/2026, 16:08:22] [ERROR] [AI_HANDLE] فشل الرد على 167422908707063: لا يوجد أي مفتاح API مضبوط بالـ Pool
[7/7/2026, 16:08:22] [ERROR] [AI_UNKNOWN] لا يوجد أي مفتاح API مضبوط بالـ Pool
[7/7/2026, 16:08:22] [ERROR] [AI_HANDLE] فشل الرد على 167422908707063: لا يوجد أي مفتاح API مضبوط بالـ Pool
[7/7/2026, 16:08:22] [ERROR] [AI_UNKNOWN] لا يوجد أي مفتاح API مضبوط بالـ Pool
[7/7/2026, 16:08:22] [ERROR] [AI_HANDLE] فشل الرد على 167422908707063: لا يوجد أي مفتاح API مضبوط بالـ Pool
[7/7/2026, 16:08:22] [ERROR] [AI_UNKNOWN] لا يوجد أي مفتاح API مضبوط بالـ Pool
[7/7/2026, 16:08:22] [ERROR] [AI_HANDLE] فشل الرد على 80269348466921: لا يوجد أي مفتاح API مضبوط بالـ Pool
[7/7/2026, 16:08:32] [ERROR] [AI_UNKNOWN] لا يوجد أي مفتاح API مضبوط بالـ Pool
[7/7/2026, 16:08:32] [ERROR] [AI_HANDLE] فشل الرد على 17146180554851: لا يوجد أي مفتاح API مضبوط بالـ Pool
[7/7/2026, 16:08:33] [ERROR] [AI_UNKNOWN] لا يوجد أي مفتاح API مضبوط بالـ Pool
[7/7/2026, 16:08:33] [ERROR] [AI_HANDLE] فشل الرد على 17146180554851: لا يوجد أي مفتاح API مضبوط بالـ Pool
[7/7/2026, 16:08:33] [ERROR] [AI_UNKNOWN] لا يوجد أي مفتاح API مضبوط بالـ Pool
[7/7/2026, 16:08:33] [ERROR] [AI_HANDLE] فشل الرد على 17146180554851: لا يوجد أي مفتاح API مضبوط بالـ Pool
[7/7/2026, 16:08:33] [ERROR] [AI_UNKNOWN] لا يوجد أي مفتاح API مضبوط بالـ Pool
[7/7/2026, 16:08:33] [ERROR] [AI_HANDLE] فشل الرد على 17146180554851: لا يوجد أي مفتاح API مضبوط بالـ Pool
[7/7/2026, 16:08:33] [ERROR] [AI_UNKNOWN] لا يوجد أي مفتاح API مضبوط بالـ Pool
[7/7/2026, 16:08:33] [ERROR] [AI_HANDLE] فشل الرد على 17146180554851: لا يوجد أي مفتاح API مضبوط بالـ Pool
[7/7/2026, 16:08:39] [ERROR] [AI_UNKNOWN] لا يوجد أي مفتاح API مضبوط بالـ Pool
[7/7/2026, 16:08:39] [ERROR] [AI_HANDLE] فشل الرد على 17146180554851: لا يوجد أي مفتاح API مضبوط بالـ Pool
[7/7/2026, 16:08:39] [ERROR] [AI_UNKNOWN] لا يوجد أي مفتاح API مضبوط بالـ Pool
[7/7/2026, 16:08:39] [ERROR] [AI_HANDLE] فشل الرد على 17146180554851: لا يوجد أي مفتاح API مضبوط بالـ Pool
[7/7/2026, 16:08:39] [ERROR] [AI_UNKNOWN] لا يوجد أي مفتاح API مضبوط بالـ Pool
[7/7/2026, 16:08:39] [ERROR] [AI_HANDLE] فشل الرد على 17146180554851: لا يوجد أي مفتاح API مضبوط بالـ Pool
[7/7/2026, 16:08:42] [ERROR] [AI_UNKNOWN] لا يوجد أي مفتاح API مضبوط بالـ Pool
[7/7/2026, 16:08:42] [ERROR] [AI_HANDLE] فشل الرد على 10403098673366: لا يوجد أي مفتاح API مضبوط بالـ Pool
[7/7/2026, 16:08:50] [ERROR] [AI_UNKNOWN] لا يوجد أي مفتاح API مضبوط بالـ Pool
[7/7/2026, 16:08:50] [ERROR] [AI_HANDLE] فشل الرد على 17146180554851: لا يوجد أي مفتاح API مضبوط بالـ Pool
[7/7/2026, 16:08:51] [ERROR] [AI_UNKNOWN] لا يوجد أي مفتاح API مضبوط بالـ Pool
[7/7/2026, 16:08:51] [ERROR] [AI_HANDLE] فشل الرد على 17146180554851: لا يوجد أي مفتاح API مضبوط بالـ Pool
[7/7/2026, 16:08:51] [ERROR] [AI_UNKNOWN] لا يوجد أي مفتاح API مضبوط بالـ Pool
[7/7/2026, 16:08:51] [ERROR] [AI_HANDLE] فشل الرد على 17146180554851: لا يوجد أي مفتاح API مضبوط بالـ Pool
[7/7/2026, 16:08:52] [ERROR] [AI_UNKNOWN] لا يوجد أي مفتاح API مضبوط بالـ Pool
[7/7/2026, 16:08:52] [ERROR] [AI_HANDLE] فشل الرد على 215736895176905: لا يوجد أي مفتاح API مضبوط بالـ Pool
[7/7/2026, 16:09:06] [ERROR] [AI_UNKNOWN] لا يوجد أي مفتاح API مضبوط بالـ Pool
[7/7/2026, 16:09:06] [ERROR] [AI_HANDLE] فشل الرد على 127939140132919: لا يوجد أي مفتاح API مضبوط بالـ Pool
[7/7/2026, 16:09:11] [ERROR] [AI_UNKNOWN] لا يوجد أي مفتاح API مضبوط بالـ Pool
[7/7/2026, 16:09:11] [ERROR] [AI_HANDLE] فشل الرد على 152707780374581: لا يوجد أي مفتاح API مضبوط بالـ Pool
[7/7/2026, 16:09:12] [ERROR] [AI_UNKNOWN] لا يوجد أي مفتاح API مضبوط بالـ Pool
[7/7/2026, 16:09:12] [ERROR] [AI_HANDLE] فشل الرد على 152707780374581: لا يوجد أي مفتاح API مضبوط بالـ Pool
[7/7/2026, 16:09:12] [ERROR] [AI_UNKNOWN] لا يوجد أي مفتاح API مضبوط بالـ Pool
[7/7/2026, 16:09:12] [ERROR] [AI_HANDLE] فشل الرد على 152707780374581: لا يوجد أي مفتاح API مضبوط بالـ Pool
[7/7/2026, 16:09:12] [ERROR] [AI_UNKNOWN] لا يوجد أي مفتاح API مضبوط بالـ Pool
[7/7/2026, 16:09:12] [ERROR] [AI_HANDLE] فشل الرد على 152707780374581: لا يوجد أي مفتاح API مضبوط بالـ Pool
[7/7/2026, 16:09:20] [ERROR] [AI_UNKNOWN] لا يوجد أي مفتاح API مضبوط بالـ Pool
[7/7/2026, 16:09:20] [ERROR] [AI_HANDLE] فشل الرد على 164777141780620: لا يوجد أي مفتاح API مضبوط بالـ Pool
[7/7/2026, 16:09:20] [ERROR] [AI_UNKNOWN] لا يوجد أي مفتاح API مضبوط بالـ Pool
[7/7/2026, 16:09:20] [ERROR] [AI_HANDLE] فشل الرد على 164777141780620: لا يوجد أي مفتاح API مضبوط بالـ Pool
[7/7/2026, 16:09:21] [ERROR] [AI_UNKNOWN] لا يوجد أي مفتاح API مضبوط بالـ Pool
[7/7/2026, 16:09:21] [ERROR] [AI_HANDLE] فشل الرد على 164777141780620: لا يوجد أي مفتاح API مضبوط بالـ Pool
[7/7/2026, 16:10:03] [ERROR] [AI_UNKNOWN] لا يوجد أي مفتاح API مضبوط بالـ Pool
[7/7/2026, 16:10:03] [ERROR] [AI_HANDLE] فشل الرد على 156796991848580: لا يوجد أي مفتاح API مضبوط بالـ Pool
[7/7/2026, 16:10:04] [ERROR] [AI_UNKNOWN] لا يوجد أي مفتاح API مضبوط بالـ Pool
[7/7/2026, 16:10:04] [ERROR] [AI_HANDLE] فشل الرد على 195971355005132: لا يوجد أي مفتاح API مضبوط بالـ Pool
[7/7/2026, 16:10:04] [ERROR] [AI_UNKNOWN] لا يوجد أي مفتاح API مضبوط بالـ Pool
[7/7/2026, 16:10:04] [ERROR] [AI_HANDLE] فشل الرد على 195971355005132: لا يوجد أي مفتاح API مضبوط بالـ Pool
[7/7/2026, 16:10:05] [ERROR] [AI_UNKNOWN] لا يوجد أي مفتاح API مضبوط بالـ Pool
[7/7/2026, 16:10:05] [ERROR] [AI_HANDLE] فشل الرد على 195971355005132: لا يوجد أي مفتاح API مضبوط بالـ Pool
[7/7/2026, 16:10:06] [ERROR] [AI_UNKNOWN] لا يوجد أي مفتاح API مضبوط بالـ Pool
[7/7/2026, 16:10:06] [ERROR] [AI_HANDLE] فشل الرد على 156796991848580: لا يوجد أي مفتاح API مضبوط بالـ Pool
[7/7/2026, 16:10:06] [ERROR] [AI_UNKNOWN] لا يوجد أي مفتاح API مضبوط بالـ Pool
[7/7/2026, 16:10:06] [ERROR] [AI_HANDLE] فشل الرد على 42555139956970: لا يوجد أي مفتاح API مضبوط بالـ Pool
[7/7/2026, 16:10:06] [ERROR] [AI_UNKNOWN] لا يوجد أي مفتاح API مضبوط بالـ Pool
[7/7/2026, 16:10:06] [ERROR] [AI_HANDLE] فشل الرد على 42555139956970: لا يوجد أي مفتاح API مضبوط بالـ Pool
[7/7/2026, 16:10:06] [ERROR] [AI_UNKNOWN] لا يوجد أي مفتاح API مضبوط بالـ Pool
[7/7/2026, 16:10:06] [ERROR] [AI_HANDLE] فشل الرد على 42555139956970: لا يوجد أي مفتاح API مضبوط بالـ Pool
[7/7/2026, 16:10:06] [ERROR] [AI_UNKNOWN] لا يوجد أي مفتاح API مضبوط بالـ Pool
[7/7/2026, 16:10:06] [ERROR] [AI_HANDLE] فشل الرد على 156796991848580: لا يوجد أي مفتاح API مضبوط بالـ Pool
[7/7/2026, 16:10:07] [ERROR] [AI_UNKNOWN] لا يوجد أي مفتاح API مضبوط بالـ Pool
[7/7/2026, 16:10:07] [ERROR] [AI_HANDLE] فشل الرد على 42555139956970: لا يوجد أي مفتاح API مضبوط بالـ Pool
[7/7/2026, 16:10:07] [ERROR] [AI_UNKNOWN] لا يوجد أي مفتاح API مضبوط بالـ Pool
[7/7/2026, 16:10:07] [ERROR] [AI_HANDLE] فشل الرد على 279354051404020: لا يوجد أي مفتاح API مضبوط بالـ Pool
[7/7/2026, 16:10:07] [ERROR] [AI_UNKNOWN] لا يوجد أي مفتاح API مضبوط بالـ Pool
[7/7/2026, 16:10:07] [ERROR] [AI_HANDLE] فشل الرد على 279354051404020: لا يوجد أي مفتاح API مضبوط بالـ Pool
[7/7/2026, 16:10:07] [ERROR] [AI_UNKNOWN] لا يوجد أي مفتاح API مضبوط بالـ Pool
[7/7/2026, 16:10:07] [ERROR] [AI_HANDLE] فشل الرد على 156796991848580: لا يوجد أي مفتاح API مضبوط بالـ Pool
[7/7/2026, 16:10:07] [ERROR] [AI_UNKNOWN] لا يوجد أي مفتاح API مضبوط بالـ Pool
[7/7/2026, 16:10:07] [ERROR] [AI_HANDLE] فشل الرد على 156796991848580: لا يوجد أي مفتاح API مضبوط بالـ Pool
[7/7/2026, 16:10:07] [ERROR] [AI_UNKNOWN] لا يوجد أي مفتاح API مضبوط بالـ Pool
[7/7/2026, 16:10:07] [ERROR] [AI_HANDLE] فشل الرد على 156796991848580: لا يوجد أي مفتاح API مضبوط بالـ Pool
[7/7/2026, 16:10:07] [ERROR] [AI_UNKNOWN] لا يوجد أي مفتاح API مضبوط بالـ Pool
[7/7/2026, 16:10:07] [ERROR] [AI_HANDLE] فشل الرد على 279354051404020: لا يوجد أي مفتاح API مضبوط بالـ Pool
[7/7/2026, 16:10:08] [ERROR] [AI_UNKNOWN] لا يوجد أي مفتاح API مضبوط بالـ Pool
[7/7/2026, 16:10:08] [ERROR] [AI_HANDLE] فشل الرد على 42555139956970: لا يوجد أي مفتاح API مضبوط بالـ Pool
[7/7/2026, 16:10:08] [ERROR] [AI_UNKNOWN] لا يوجد أي مفتاح API مضبوط بالـ Pool
[7/7/2026, 16:10:08] [ERROR] [AI_HANDLE] فشل الرد على 195971355005132: لا يوجد أي مفتاح API مضبوط بالـ Pool
[7/7/2026, 16:10:08] [ERROR] [AI_UNKNOWN] لا يوجد أي مفتاح API مضبوط بالـ Pool
[7/7/2026, 16:10:08] [ERROR] [AI_HANDLE] فشل الرد على 13671031951477: لا يوجد أي مفتاح API مضبوط بالـ Pool
[7/7/2026, 16:10:08] [ERROR] [AI_UNKNOWN] لا يوجد أي مفتاح API مضبوط بالـ Pool
[7/7/2026, 16:10:08] [ERROR] [AI_HANDLE] فشل الرد على 13671031951477: لا يوجد أي مفتاح API مضبوط بالـ Pool
[7/7/2026, 16:10:09] [ERROR] [AI_UNKNOWN] لا يوجد أي مفتاح API مضبوط بالـ Pool
[7/7/2026, 16:10:09] [ERROR] [AI_HANDLE] فشل الرد على 13671031951477: لا يوجد أي مفتاح API مضبوط بالـ Pool
[7/7/2026, 16:10:09] [ERROR] [AI_UNKNOWN] لا يوجد أي مفتاح API مضبوط بالـ Pool
[7/7/2026, 16:10:09] [ERROR] [AI_HANDLE] فشل الرد على 279354051404020: لا يوجد أي مفتاح API مضبوط بالـ Pool
[7/7/2026, 16:10:09] [ERROR] [AI_UNKNOWN] لا يوجد أي مفتاح API مضبوط بالـ Pool
[7/7/2026, 16:10:09] [ERROR] [AI_HANDLE] فشل الرد على 13671031951477: لا يوجد أي مفتاح API مضبوط بالـ Pool
[7/7/2026, 16:10:09] [ERROR] [AI_UNKNOWN] لا يوجد أي مفتاح API مضبوط بالـ Pool
[7/7/2026, 16:10:09] [ERROR] [AI_HANDLE] فشل الرد على 42555139956970: لا يوجد أي مفتاح API مضبوط بالـ Pool
[7/7/2026, 16:10:09] [ERROR] [AI_UNKNOWN] لا يوجد أي مفتاح API مضبوط بالـ Pool
[7/7/2026, 16:10:09] [ERROR] [AI_HANDLE] فشل الرد على 13671031951477: لا يوجد أي مفتاح API مضبوط بالـ Pool
[7/7/2026, 16:10:09] [ERROR] [AI_UNKNOWN] لا يوجد أي مفتاح API مضبوط بالـ Pool
[7/7/2026, 16:10:09] [ERROR] [AI_HANDLE] فشل الرد على 42555139956970: لا يوجد أي مفتاح API مضبوط بالـ Pool
[7/7/2026, 16:10:09] [ERROR] [AI_UNKNOWN] لا يوجد أي مفتاح API مضبوط بالـ Pool
[7/7/2026, 16:10:09] [ERROR] [AI_HANDLE] فشل الرد على 195971355005132: لا يوجد أي مفتاح API مضبوط بالـ Pool
[7/7/2026, 16:10:09] [ERROR] [AI_UNKNOWN] لا يوجد أي مفتاح API مضبوط بالـ Pool
[7/7/2026, 16:10:09] [ERROR] [AI_HANDLE] فشل الرد على 195971355005132: لا يوجد أي مفتاح API مضبوط بالـ Pool
[7/7/2026, 16:10:09] [ERROR] [AI_UNKNOWN] لا يوجد أي مفتاح API مضبوط بالـ Pool
[7/7/2026, 16:10:09] [ERROR] [AI_HANDLE] فشل الرد على 42555139956970: لا يوجد أي مفتاح API مضبوط بالـ Pool
[7/7/2026, 16:10:10] [ERROR] [AI_UNKNOWN] لا يوجد أي مفتاح API مضبوط بالـ Pool
[7/7/2026, 16:10:10] [ERROR] [AI_HANDLE] فشل الرد على 42555139956970: لا يوجد أي مفتاح API مضبوط بالـ Pool
[7/7/2026, 16:10:10] [ERROR] [AI_UNKNOWN] لا يوجد أي مفتاح API مضبوط بالـ Pool
[7/7/2026, 16:10:10] [ERROR] [AI_HANDLE] فشل الرد على 42555139956970: لا يوجد أي مفتاح API مضبوط بالـ Pool
[7/7/2026, 16:10:10] [ERROR] [AI_UNKNOWN] لا يوجد أي مفتاح API مضبوط بالـ Pool
[7/7/2026, 16:10:10] [ERROR] [AI_HANDLE] فشل الرد على 279354051404020: لا يوجد أي مفتاح API مضبوط بالـ Pool
[7/7/2026, 16:10:11] [ERROR] [AI_UNKNOWN] لا يوجد أي مفتاح API مضبوط بالـ Pool
[7/7/2026, 16:10:11] [ERROR] [AI_HANDLE] فشل الرد على 42555139956970: لا يوجد أي مفتاح API مضبوط بالـ Pool
[7/7/2026, 16:10:11] [ERROR] [AI_UNKNOWN] لا يوجد أي مفتاح API مضبوط بالـ Pool
[7/7/2026, 16:10:11] [ERROR] [AI_HANDLE] فشل الرد على 262835372314640: لا يوجد أي مفتاح API مضبوط بالـ Pool
[7/7/2026, 16:10:11] [ERROR] [AI_UNKNOWN] لا يوجد أي مفتاح API مضبوط بالـ Pool
[7/7/2026, 16:10:11] [ERROR] [AI_HANDLE] فشل الرد على 279354051404020: لا يوجد أي مفتاح API مضبوط بالـ Pool
[7/7/2026, 16:10:11] [ERROR] [AI_UNKNOWN] لا يوجد أي مفتاح API مضبوط بالـ Pool
[7/7/2026, 16:10:11] [ERROR] [AI_HANDLE] فشل الرد على 42555139956970: لا يوجد أي مفتاح API مضبوط بالـ Pool
[7/7/2026, 16:10:26] [ERROR] [AI_UNKNOWN] لا يوجد أي مفتاح API مضبوط بالـ Pool
[7/7/2026, 16:10:26] [ERROR] [AI_HANDLE] فشل الرد على 279354051404020: لا يوجد أي مفتاح API مضبوط بالـ Pool
[7/7/2026, 16:10:52] [INFO] [AI_CONFIG] تم تحميل 7 مفتاح Gemini، حد 5 طلب/دقيقة لكل مفتاح.
[7/7/2026, 16:12:04] [ERROR] [AI_UNKNOWN] This model is currently experiencing high demand. Spikes in demand are usually temporary. Please try again later.
[7/7/2026, 16:12:04] [ERROR] [AI_HANDLE] فشل الرد على 195971355005132: This model is currently experiencing high demand. Spikes in demand are usually temporary. Please try again later.
[7/7/2026, 16:12:37] [ERROR] [AI_UNKNOWN] This model is currently experiencing high demand. Spikes in demand are usually temporary. Please try again later.
[7/7/2026, 16:12:37] [ERROR] [AI_HANDLE] فشل الرد على 262835372314640: This model is currently experiencing high demand. Spikes in demand are usually temporary. Please try again later.
[7/7/2026, 17:21:59] [INFO] [AI_REPLY] user=236425853292574 duration=11321ms tokens=2019
[7/7/2026, 17:22:16] [INFO] [AI_REPLY] user=4308389122227 duration=4733ms tokens=2018
[7/7/2026, 17:22:22] [INFO] [AI_REPLY] user=236425853292574 duration=4439ms tokens=2031
[7/7/2026, 17:23:30] [INFO] [AI_REPLY] user=4308389122227 duration=4672ms tokens=2045
[7/7/2026, 17:23:58] [INFO] [AI_REPLY] user=156796991848580 duration=5057ms tokens=2032
[7/7/2026, 17:24:40] [INFO] [AI_REPLY] user=156796991848580 duration=3376ms tokens=1809
[7/7/2026, 17:25:12] [INFO] [AI_REPLY] user=156796991848580 duration=4122ms tokens=1760
[7/7/2026, 17:25:31] [ERROR] [AI_UNKNOWN] fetch failed
[7/7/2026, 17:25:31] [ERROR] [AI_HANDLE] فشل الرد على 4471715303558: fetch failed
[7/7/2026, 17:25:37] [INFO] [AI_REPLY] user=156796991848580 duration=5476ms tokens=1977
[7/7/2026, 17:25:40] [INFO] [AI_REPLY] user=156796991848580 duration=3604ms tokens=1891
[7/7/2026, 17:25:44] [INFO] [AI_REPLY] user=156796991848580 duration=3446ms tokens=1934
[7/7/2026, 17:25:51] [ERROR] [AI_UNKNOWN] This model is currently experiencing high demand. Spikes in demand are usually temporary. Please try again later.
[7/7/2026, 17:25:51] [ERROR] [AI_HANDLE] فشل الرد على 156796991848580: This model is currently experiencing high demand. Spikes in demand are usually temporary. Please try again later.
[7/7/2026, 17:25:56] [ERROR] [AI_UNKNOWN] This model is currently experiencing high demand. Spikes in demand are usually temporary. Please try again later.
[7/7/2026, 17:25:56] [ERROR] [AI_HANDLE] فشل الرد على 156796991848580: This model is currently experiencing high demand. Spikes in demand are usually temporary. Please try again later.
[7/7/2026, 17:26:00] [INFO] [AI_REPLY] user=156796991848580 duration=3327ms tokens=1983
[7/7/2026, 17:34:34] [ERROR] [AI_UNKNOWN] This model is currently experiencing high demand. Spikes in demand are usually temporary. Please try again later.
[7/7/2026, 17:34:34] [ERROR] [AI_HANDLE] فشل الرد على 156796991848580: This model is currently experiencing high demand. Spikes in demand are usually temporary. Please try again later.
[7/7/2026, 17:35:14] [INFO] [AI_REPLY] user=156796991848580 duration=20101ms tokens=1916
[7/7/2026, 17:35:44] [WARN] [AI_TIMEOUT] انتهت مهلة الطلب — محاولة 1/3
[7/7/2026, 17:36:00] [INFO] [AI_REPLY] user=156796991848580 duration=2898ms tokens=1869
[7/7/2026, 17:36:15] [INFO] [AI_REPLY] user=156796991848580 duration=13735ms tokens=1948
[7/7/2026, 17:36:26] [INFO] [AI_REPLY] user=156796991848580 duration=4039ms tokens=2143
[7/7/2026, 17:36:52] [INFO] [AI_REPLY] user=156796991848580 duration=11775ms tokens=1923
[7/7/2026, 17:50:02] [WARN] [AI_CONFIG] GEMINI_API_KEYS/GEMINI_API_KEY غير موجود في .env — نظام الذكاء الاصطناعي لن يعمل بشكل صحيح.
[7/7/2026, 17:50:20] [ERROR] [AI_UNKNOWN] لا يوجد أي مفتاح API مضبوط بالـ Pool
[7/7/2026, 17:50:20] [ERROR] [AI_HANDLE] فشل الرد على 202091733737690: لا يوجد أي مفتاح API مضبوط بالـ Pool
[7/7/2026, 17:50:20] [ERROR] [AI_UNKNOWN] لا يوجد أي مفتاح API مضبوط بالـ Pool
[7/7/2026, 17:50:20] [ERROR] [AI_HANDLE] فشل الرد على 202091733737690: لا يوجد أي مفتاح API مضبوط بالـ Pool
[7/7/2026, 17:50:20] [ERROR] [AI_UNKNOWN] لا يوجد أي مفتاح API مضبوط بالـ Pool
[7/7/2026, 17:50:20] [ERROR] [AI_HANDLE] فشل الرد على 202091733737690: لا يوجد أي مفتاح API مضبوط بالـ Pool
[7/7/2026, 17:50:20] [ERROR] [AI_UNKNOWN] لا يوجد أي مفتاح API مضبوط بالـ Pool
[7/7/2026, 17:50:20] [ERROR] [AI_HANDLE] فشل الرد على 202091733737690: لا يوجد أي مفتاح API مضبوط بالـ Pool
[7/7/2026, 17:50:20] [ERROR] [AI_UNKNOWN] لا يوجد أي مفتاح API مضبوط بالـ Pool
[7/7/2026, 17:50:20] [ERROR] [AI_HANDLE] فشل الرد على 202091733737690: لا يوجد أي مفتاح API مضبوط بالـ Pool
[7/7/2026, 17:50:20] [ERROR] [AI_UNKNOWN] لا يوجد أي مفتاح API مضبوط بالـ Pool
[7/7/2026, 17:50:20] [ERROR] [AI_HANDLE] فشل الرد على 202091733737690: لا يوجد أي مفتاح API مضبوط بالـ Pool
[7/7/2026, 17:50:20] [ERROR] [AI_UNKNOWN] لا يوجد أي مفتاح API مضبوط بالـ Pool
[7/7/2026, 17:50:20] [ERROR] [AI_HANDLE] فشل الرد على 202091733737690: لا يوجد أي مفتاح API مضبوط بالـ Pool
[7/7/2026, 17:50:20] [ERROR] [AI_UNKNOWN] لا يوجد أي مفتاح API مضبوط بالـ Pool
[7/7/2026, 17:50:20] [ERROR] [AI_HANDLE] فشل الرد على 202091733737690: لا يوجد أي مفتاح API مضبوط بالـ Pool
[7/7/2026, 17:50:20] [ERROR] [AI_UNKNOWN] لا يوجد أي مفتاح API مضبوط بالـ Pool
[7/7/2026, 17:50:20] [ERROR] [AI_HANDLE] فشل الرد على 233470764810461: لا يوجد أي مفتاح API مضبوط بالـ Pool
[7/7/2026, 17:50:27] [ERROR] [AI_UNKNOWN] لا يوجد أي مفتاح API مضبوط بالـ Pool
[7/7/2026, 17:50:27] [ERROR] [AI_HANDLE] فشل الرد على 202091733737690: لا يوجد أي مفتاح API مضبوط بالـ Pool
[7/7/2026, 17:50:36] [ERROR] [AI_UNKNOWN] لا يوجد أي مفتاح API مضبوط بالـ Pool
[7/7/2026, 17:50:36] [ERROR] [AI_HANDLE] فشل الرد على 202091733737690: لا يوجد أي مفتاح API مضبوط بالـ Pool
[7/7/2026, 17:50:58] [ERROR] [AI_UNKNOWN] لا يوجد أي مفتاح API مضبوط بالـ Pool
[7/7/2026, 17:50:58] [ERROR] [AI_HANDLE] فشل الرد على 233470764810461: لا يوجد أي مفتاح API مضبوط بالـ Pool
[7/7/2026, 17:52:21] [ERROR] [AI_UNKNOWN] لا يوجد أي مفتاح API مضبوط بالـ Pool
[7/7/2026, 17:52:21] [ERROR] [AI_HANDLE] فشل الرد على 202091733737690: لا يوجد أي مفتاح API مضبوط بالـ Pool
[7/7/2026, 17:53:34] [ERROR] [AI_UNKNOWN] لا يوجد أي مفتاح API مضبوط بالـ Pool
[7/7/2026, 17:53:34] [ERROR] [AI_HANDLE] فشل الرد على 202091733737690: لا يوجد أي مفتاح API مضبوط بالـ Pool
[7/7/2026, 17:55:20] [ERROR] [AI_UNKNOWN] لا يوجد أي مفتاح API مضبوط بالـ Pool
[7/7/2026, 17:55:20] [ERROR] [AI_HANDLE] فشل الرد على 202091733737690: لا يوجد أي مفتاح API مضبوط بالـ Pool
[7/7/2026, 17:58:01] [ERROR] [AI_UNKNOWN] لا يوجد أي مفتاح API مضبوط بالـ Pool
[7/7/2026, 17:58:01] [ERROR] [AI_HANDLE] فشل الرد على 215736895176905: لا يوجد أي مفتاح API مضبوط بالـ Pool
[7/7/2026, 17:59:27] [ERROR] [AI_UNKNOWN] لا يوجد أي مفتاح API مضبوط بالـ Pool
[7/7/2026, 17:59:27] [ERROR] [AI_HANDLE] فشل الرد على 156796991848580: لا يوجد أي مفتاح API مضبوط بالـ Pool
[7/7/2026, 17:59:36] [ERROR] [AI_UNKNOWN] لا يوجد أي مفتاح API مضبوط بالـ Pool
[7/7/2026, 17:59:36] [ERROR] [AI_HANDLE] فشل الرد على 87995608776889: لا يوجد أي مفتاح API مضبوط بالـ Pool
[7/7/2026, 18:00:16] [ERROR] [AI_UNKNOWN] لا يوجد أي مفتاح API مضبوط بالـ Pool
[7/7/2026, 18:00:16] [ERROR] [AI_HANDLE] فشل الرد على 114203935383680: لا يوجد أي مفتاح API مضبوط بالـ Pool
[7/7/2026, 18:00:45] [ERROR] [AI_UNKNOWN] لا يوجد أي مفتاح API مضبوط بالـ Pool
[7/7/2026, 18:00:45] [ERROR] [AI_HANDLE] فشل الرد على 114203935383680: لا يوجد أي مفتاح API مضبوط بالـ Pool
[7/7/2026, 18:00:49] [ERROR] [AI_UNKNOWN] لا يوجد أي مفتاح API مضبوط بالـ Pool
[7/7/2026, 18:00:49] [ERROR] [AI_HANDLE] فشل الرد على 271249246781651: لا يوجد أي مفتاح API مضبوط بالـ Pool
[7/7/2026, 18:03:21] [ERROR] [AI_UNKNOWN] لا يوجد أي مفتاح API مضبوط بالـ Pool
[7/7/2026, 18:03:21] [ERROR] [AI_HANDLE] فشل الرد على 202091733737690: لا يوجد أي مفتاح API مضبوط بالـ Pool
[7/7/2026, 18:14:07] [ERROR] [AI_UNKNOWN] لا يوجد أي مفتاح API مضبوط بالـ Pool
[7/7/2026, 18:14:07] [ERROR] [AI_HANDLE] فشل الرد على 202091733737690: لا يوجد أي مفتاح API مضبوط بالـ Pool
[7/7/2026, 18:25:22] [ERROR] [AI_UNKNOWN] لا يوجد أي مفتاح API مضبوط بالـ Pool
[7/7/2026, 18:25:22] [ERROR] [AI_HANDLE] فشل الرد على 176863196483832: لا يوجد أي مفتاح API مضبوط بالـ Pool
[7/7/2026, 18:26:15] [ERROR] [AI_UNKNOWN] لا يوجد أي مفتاح API مضبوط بالـ Pool
[7/7/2026, 18:26:15] [ERROR] [AI_HANDLE] فشل الرد على 202091733737690: لا يوجد أي مفتاح API مضبوط بالـ Pool
[7/7/2026, 18:31:18] [ERROR] [AI_UNKNOWN] لا يوجد أي مفتاح API مضبوط بالـ Pool
[7/7/2026, 18:31:18] [ERROR] [AI_HANDLE] فشل الرد على 176863196483832: لا يوجد أي مفتاح API مضبوط بالـ Pool
[7/7/2026, 18:31:22] [ERROR] [AI_UNKNOWN] لا يوجد أي مفتاح API مضبوط بالـ Pool
[7/7/2026, 18:31:22] [ERROR] [AI_HANDLE] فشل الرد على 176863196483832: لا يوجد أي مفتاح API مضبوط بالـ Pool
[7/7/2026, 18:33:21] [ERROR] [AI_UNKNOWN] لا يوجد أي مفتاح API مضبوط بالـ Pool
[7/7/2026, 18:33:21] [ERROR] [AI_HANDLE] فشل الرد على 176863196483832: لا يوجد أي مفتاح API مضبوط بالـ Pool
[7/7/2026, 18:36:22] [ERROR] [AI_UNKNOWN] لا يوجد أي مفتاح API مضبوط بالـ Pool
[7/7/2026, 18:36:22] [ERROR] [AI_HANDLE] فشل الرد على 104556969123980: لا يوجد أي مفتاح API مضبوط بالـ Pool
[7/7/2026, 18:39:38] [ERROR] [AI_UNKNOWN] لا يوجد أي مفتاح API مضبوط بالـ Pool
[7/7/2026, 18:39:38] [ERROR] [AI_HANDLE] فشل الرد على 87995608776889: لا يوجد أي مفتاح API مضبوط بالـ Pool
[7/7/2026, 18:39:56] [ERROR] [AI_UNKNOWN] لا يوجد أي مفتاح API مضبوط بالـ Pool
[7/7/2026, 18:39:56] [ERROR] [AI_HANDLE] فشل الرد على 164777141780620: لا يوجد أي مفتاح API مضبوط بالـ Pool
[7/7/2026, 18:44:39] [ERROR] [AI_UNKNOWN] لا يوجد أي مفتاح API مضبوط بالـ Pool
[7/7/2026, 18:44:39] [ERROR] [AI_HANDLE] فشل الرد على 151767618711587: لا يوجد أي مفتاح API مضبوط بالـ Pool
[7/7/2026, 18:44:43] [ERROR] [AI_UNKNOWN] لا يوجد أي مفتاح API مضبوط بالـ Pool
[7/7/2026, 18:44:43] [ERROR] [AI_HANDLE] فشل الرد على 151767618711587: لا يوجد أي مفتاح API مضبوط بالـ Pool
[7/7/2026, 18:44:48] [ERROR] [AI_UNKNOWN] لا يوجد أي مفتاح API مضبوط بالـ Pool
[7/7/2026, 18:44:48] [ERROR] [AI_HANDLE] فشل الرد على 151767618711587: لا يوجد أي مفتاح API مضبوط بالـ Pool
[7/7/2026, 18:45:16] [ERROR] [AI_UNKNOWN] لا يوجد أي مفتاح API مضبوط بالـ Pool
[7/7/2026, 18:45:16] [ERROR] [AI_HANDLE] فشل الرد على 151767618711587: لا يوجد أي مفتاح API مضبوط بالـ Pool
[7/7/2026, 18:45:42] [ERROR] [AI_UNKNOWN] لا يوجد أي مفتاح API مضبوط بالـ Pool
[7/7/2026, 18:45:42] [ERROR] [AI_HANDLE] فشل الرد على 176863196483832: لا يوجد أي مفتاح API مضبوط بالـ Pool
[7/7/2026, 18:55:40] [ERROR] [AI_UNKNOWN] لا يوجد أي مفتاح API مضبوط بالـ Pool
[7/7/2026, 18:55:40] [ERROR] [AI_HANDLE] فشل الرد على 202091733737690: لا يوجد أي مفتاح API مضبوط بالـ Pool
[7/7/2026, 18:56:27] [ERROR] [AI_UNKNOWN] لا يوجد أي مفتاح API مضبوط بالـ Pool
[7/7/2026, 18:56:27] [ERROR] [AI_HANDLE] فشل الرد على 176863196483832: لا يوجد أي مفتاح API مضبوط بالـ Pool
[7/7/2026, 18:58:27] [ERROR] [AI_UNKNOWN] لا يوجد أي مفتاح API مضبوط بالـ Pool
[7/7/2026, 18:58:27] [ERROR] [AI_HANDLE] فشل الرد على 176863196483832: لا يوجد أي مفتاح API مضبوط بالـ Pool
[7/7/2026, 19:00:07] [ERROR] [AI_UNKNOWN] لا يوجد أي مفتاح API مضبوط بالـ Pool
[7/7/2026, 19:00:07] [ERROR] [AI_HANDLE] فشل الرد على 271249246781651: لا يوجد أي مفتاح API مضبوط بالـ Pool
[7/7/2026, 19:01:29] [ERROR] [AI_UNKNOWN] لا يوجد أي مفتاح API مضبوط بالـ Pool
[7/7/2026, 19:01:29] [ERROR] [AI_HANDLE] فشل الرد على 281424158527520: لا يوجد أي مفتاح API مضبوط بالـ Pool
[7/7/2026, 19:01:41] [ERROR] [AI_UNKNOWN] لا يوجد أي مفتاح API مضبوط بالـ Pool
[7/7/2026, 19:01:41] [ERROR] [AI_HANDLE] فشل الرد على 176863196483832: لا يوجد أي مفتاح API مضبوط بالـ Pool
[7/7/2026, 19:03:09] [ERROR] [AI_UNKNOWN] لا يوجد أي مفتاح API مضبوط بالـ Pool
[7/7/2026, 19:03:09] [ERROR] [AI_HANDLE] فشل الرد على 164777141780620: لا يوجد أي مفتاح API مضبوط بالـ Pool
[7/7/2026, 19:03:28] [ERROR] [AI_UNKNOWN] لا يوجد أي مفتاح API مضبوط بالـ Pool
[7/7/2026, 19:03:28] [ERROR] [AI_HANDLE] فشل الرد على 281424158527520: لا يوجد أي مفتاح API مضبوط بالـ Pool
[7/7/2026, 19:07:31] [ERROR] [AI_UNKNOWN] لا يوجد أي مفتاح API مضبوط بالـ Pool
[7/7/2026, 19:07:31] [ERROR] [AI_HANDLE] فشل الرد على 281424158527520: لا يوجد أي مفتاح API مضبوط بالـ Pool
[7/7/2026, 19:07:54] [ERROR] [AI_UNKNOWN] لا يوجد أي مفتاح API مضبوط بالـ Pool
[7/7/2026, 19:07:54] [ERROR] [AI_HANDLE] فشل الرد على 156796991848580: لا يوجد أي مفتاح API مضبوط بالـ Pool
[7/7/2026, 19:15:18] [ERROR] [AI_UNKNOWN] لا يوجد أي مفتاح API مضبوط بالـ Pool
[7/7/2026, 19:15:18] [ERROR] [AI_HANDLE] فشل الرد على 176863196483832: لا يوجد أي مفتاح API مضبوط بالـ Pool
[7/7/2026, 19:23:26] [ERROR] [AI_UNKNOWN] لا يوجد أي مفتاح API مضبوط بالـ Pool
[7/7/2026, 19:23:26] [ERROR] [AI_HANDLE] فشل الرد على 281424158527520: لا يوجد أي مفتاح API مضبوط بالـ Pool
[7/7/2026, 19:30:26] [ERROR] [AI_UNKNOWN] لا يوجد أي مفتاح API مضبوط بالـ Pool
[7/7/2026, 19:30:26] [ERROR] [AI_HANDLE] فشل الرد على 260597878935643: لا يوجد أي مفتاح API مضبوط بالـ Pool
[7/7/2026, 19:30:44] [ERROR] [AI_UNKNOWN] لا يوجد أي مفتاح API مضبوط بالـ Pool
[7/7/2026, 19:30:44] [ERROR] [AI_HANDLE] فشل الرد على 260597878935643: لا يوجد أي مفتاح API مضبوط بالـ Pool
[7/7/2026, 19:32:50] [ERROR] [AI_UNKNOWN] لا يوجد أي مفتاح API مضبوط بالـ Pool
[7/7/2026, 19:32:50] [ERROR] [AI_HANDLE] فشل الرد على 275634089672916: لا يوجد أي مفتاح API مضبوط بالـ Pool
[7/7/2026, 19:33:35] [ERROR] [AI_UNKNOWN] لا يوجد أي مفتاح API مضبوط بالـ Pool
[7/7/2026, 19:33:35] [ERROR] [AI_HANDLE] فشل الرد على 260597878935643: لا يوجد أي مفتاح API مضبوط بالـ Pool
[7/7/2026, 19:34:41] [ERROR] [AI_UNKNOWN] لا يوجد أي مفتاح API مضبوط بالـ Pool
[7/7/2026, 19:34:41] [ERROR] [AI_HANDLE] فشل الرد على 271249246781651: لا يوجد أي مفتاح API مضبوط بالـ Pool
[7/7/2026, 19:35:03] [ERROR] [AI_UNKNOWN] لا يوجد أي مفتاح API مضبوط بالـ Pool
[7/7/2026, 19:35:03] [ERROR] [AI_HANDLE] فشل الرد على 275634089672916: لا يوجد أي مفتاح API مضبوط بالـ Pool
[7/7/2026, 19:35:31] [ERROR] [AI_UNKNOWN] لا يوجد أي مفتاح API مضبوط بالـ Pool
[7/7/2026, 19:35:31] [ERROR] [AI_HANDLE] فشل الرد على 275634089672916: لا يوجد أي مفتاح API مضبوط بالـ Pool
[7/7/2026, 19:47:25] [ERROR] [AI_UNKNOWN] لا يوجد أي مفتاح API مضبوط بالـ Pool
[7/7/2026, 19:47:25] [ERROR] [AI_HANDLE] فشل الرد على 226001447575804: لا يوجد أي مفتاح API مضبوط بالـ Pool
[7/7/2026, 19:47:29] [ERROR] [AI_UNKNOWN] لا يوجد أي مفتاح API مضبوط بالـ Pool
[7/7/2026, 19:47:29] [ERROR] [AI_HANDLE] فشل الرد على 226001447575804: لا يوجد أي مفتاح API مضبوط بالـ Pool
[7/7/2026, 19:51:22] [ERROR] [AI_UNKNOWN] لا يوجد أي مفتاح API مضبوط بالـ Pool
[7/7/2026, 19:51:22] [ERROR] [AI_HANDLE] فشل الرد على 275634089672916: لا يوجد أي مفتاح API مضبوط بالـ Pool
[7/7/2026, 20:16:11] [ERROR] [AI_UNKNOWN] لا يوجد أي مفتاح API مضبوط بالـ Pool
[7/7/2026, 20:16:11] [ERROR] [AI_HANDLE] فشل الرد على 153116087431385: لا يوجد أي مفتاح API مضبوط بالـ Pool
[7/7/2026, 20:16:22] [ERROR] [AI_UNKNOWN] لا يوجد أي مفتاح API مضبوط بالـ Pool
[7/7/2026, 20:16:22] [ERROR] [AI_HANDLE] فشل الرد على 153116087431385: لا يوجد أي مفتاح API مضبوط بالـ Pool
[7/7/2026, 20:19:58] [ERROR] [AI_UNKNOWN] لا يوجد أي مفتاح API مضبوط بالـ Pool
[7/7/2026, 20:19:58] [ERROR] [AI_HANDLE] فشل الرد على 202091733737690: لا يوجد أي مفتاح API مضبوط بالـ Pool
[7/7/2026, 20:20:42] [ERROR] [AI_UNKNOWN] لا يوجد أي مفتاح API مضبوط بالـ Pool
[7/7/2026, 20:20:42] [ERROR] [AI_HANDLE] فشل الرد على 202091733737690: لا يوجد أي مفتاح API مضبوط بالـ Pool
[7/7/2026, 20:25:32] [ERROR] [AI_UNKNOWN] لا يوجد أي مفتاح API مضبوط بالـ Pool
[7/7/2026, 20:25:32] [ERROR] [AI_HANDLE] فشل الرد على 266181252493514: لا يوجد أي مفتاح API مضبوط بالـ Pool
[7/7/2026, 20:25:42] [ERROR] [AI_UNKNOWN] لا يوجد أي مفتاح API مضبوط بالـ Pool
[7/7/2026, 20:25:42] [ERROR] [AI_HANDLE] فشل الرد على 266181252493514: لا يوجد أي مفتاح API مضبوط بالـ Pool
[7/7/2026, 20:54:01] [ERROR] [AI_UNKNOWN] لا يوجد أي مفتاح API مضبوط بالـ Pool
[7/7/2026, 20:54:01] [ERROR] [AI_HANDLE] فشل الرد على 167422908707063: لا يوجد أي مفتاح API مضبوط بالـ Pool
[7/7/2026, 21:03:09] [ERROR] [AI_UNKNOWN] لا يوجد أي مفتاح API مضبوط بالـ Pool
[7/7/2026, 21:03:09] [ERROR] [AI_HANDLE] فشل الرد على 262835372314640: لا يوجد أي مفتاح API مضبوط بالـ Pool
[7/7/2026, 22:18:41] [WARN] [AI_CONFIG] GEMINI_API_KEYS/GEMINI_API_KEY غير موجود في .env — نظام الذكاء الاصطناعي لن يعمل بشكل صحيح.
[7/7/2026, 22:19:01] [ERROR] [AI_UNKNOWN] لا يوجد أي مفتاح API مضبوط بالـ Pool
[7/7/2026, 22:19:01] [ERROR] [AI_HANDLE] فشل الرد على 202091733737690: لا يوجد أي مفتاح API مضبوط بالـ Pool
[7/7/2026, 22:19:01] [ERROR] [AI_UNKNOWN] لا يوجد أي مفتاح API مضبوط بالـ Pool
[7/7/2026, 22:19:01] [ERROR] [AI_HANDLE] فشل الرد على 127939140132919: لا يوجد أي مفتاح API مضبوط بالـ Pool
[7/7/2026, 22:19:11] [ERROR] [AI_UNKNOWN] لا يوجد أي مفتاح API مضبوط بالـ Pool
[7/7/2026, 22:19:11] [ERROR] [AI_HANDLE] فشل الرد على 127939140132919: لا يوجد أي مفتاح API مضبوط بالـ Pool
[7/7/2026, 22:19:11] [ERROR] [AI_UNKNOWN] لا يوجد أي مفتاح API مضبوط بالـ Pool
[7/7/2026, 22:19:11] [ERROR] [AI_HANDLE] فشل الرد على 167422908707063: لا يوجد أي مفتاح API مضبوط بالـ Pool
[7/7/2026, 22:19:11] [ERROR] [AI_UNKNOWN] لا يوجد أي مفتاح API مضبوط بالـ Pool
[7/7/2026, 22:19:11] [ERROR] [AI_HANDLE] فشل الرد على 167422908707063: لا يوجد أي مفتاح API مضبوط بالـ Pool
[7/7/2026, 22:25:14] [ERROR] [AI_UNKNOWN] لا يوجد أي مفتاح API مضبوط بالـ Pool
[7/7/2026, 22:25:14] [ERROR] [AI_HANDLE] فشل الرد على 167422908707063: لا يوجد أي مفتاح API مضبوط بالـ Pool
[7/7/2026, 22:25:20] [ERROR] [AI_UNKNOWN] لا يوجد أي مفتاح API مضبوط بالـ Pool
[7/7/2026, 22:25:20] [ERROR] [AI_HANDLE] فشل الرد على 167422908707063: لا يوجد أي مفتاح API مضبوط بالـ Pool
[7/7/2026, 23:10:12] [WARN] [AI_CONFIG] GEMINI_API_KEYS/GEMINI_API_KEY غير موجود في .env — نظام الذكاء الاصطناعي لن يعمل بشكل صحيح.
[7/7/2026, 23:10:47] [ERROR] [AI_UNKNOWN] لا يوجد أي مفتاح API مضبوط بالـ Pool
[7/7/2026, 23:10:47] [ERROR] [AI_HANDLE] فشل الرد على 250590202458293: لا يوجد أي مفتاح API مضبوط بالـ Pool
[7/7/2026, 23:11:19] [ERROR] [AI_UNKNOWN] لا يوجد أي مفتاح API مضبوط بالـ Pool
[7/7/2026, 23:11:19] [ERROR] [AI_HANDLE] فشل الرد على 250590202458293: لا يوجد أي مفتاح API مضبوط بالـ Pool
[7/8/2026, 01:25:45] [WARN] [AI_CONFIG] GEMINI_API_KEYS/GEMINI_API_KEY غير موجود في .env — نظام الذكاء الاصطناعي لن يعمل بشكل صحيح.
[7/12/2026, 06:49:14] [WARN] [AI_CONFIG] GEMINI_API_KEYS/GEMINI_API_KEY غير موجود في .env — نظام الذكاء الاصطناعي لن يعمل بشكل صحيح.
[7/12/2026, 08:52:39] [ERROR] [AI_UNKNOWN] لا يوجد أي مفتاح API مضبوط بالـ Pool
[7/12/2026, 08:52:39] [ERROR] [AI_HANDLE] فشل الرد على 19486988054547: لا يوجد أي مفتاح API مضبوط بالـ Pool
[7/12/2026, 09:14:42] [ERROR] [AI_UNKNOWN] لا يوجد أي مفتاح API مضبوط بالـ Pool
[7/12/2026, 09:14:42] [ERROR] [AI_HANDLE] فشل الرد على 172495080583230: لا يوجد أي مفتاح API مضبوط بالـ Pool
[7/12/2026, 09:14:56] [ERROR] [AI_UNKNOWN] لا يوجد أي مفتاح API مضبوط بالـ Pool
[7/12/2026, 09:14:56] [ERROR] [AI_HANDLE] فشل الرد على 172495080583230: لا يوجد أي مفتاح API مضبوط بالـ Pool
[7/12/2026, 09:14:56] [ERROR] [AI_UNKNOWN] لا يوجد أي مفتاح API مضبوط بالـ Pool
[7/12/2026, 09:14:56] [ERROR] [AI_HANDLE] فشل الرد على 172495080583230: لا يوجد أي مفتاح API مضبوط بالـ Pool
[7/12/2026, 09:14:56] [ERROR] [AI_UNKNOWN] لا يوجد أي مفتاح API مضبوط بالـ Pool
[7/12/2026, 09:14:56] [ERROR] [AI_HANDLE] فشل الرد على 172495080583230: لا يوجد أي مفتاح API مضبوط بالـ Pool
[7/12/2026, 09:14:56] [ERROR] [AI_UNKNOWN] لا يوجد أي مفتاح API مضبوط بالـ Pool
[7/12/2026, 09:14:56] [ERROR] [AI_HANDLE] فشل الرد على 172495080583230: لا يوجد أي مفتاح API مضبوط بالـ Pool
[7/12/2026, 09:15:06] [ERROR] [AI_UNKNOWN] لا يوجد أي مفتاح API مضبوط بالـ Pool
[7/12/2026, 09:15:06] [ERROR] [AI_HANDLE] فشل الرد على 19486988054547: لا يوجد أي مفتاح API مضبوط بالـ Pool
[7/12/2026, 09:38:39] [ERROR] [AI_UNKNOWN] لا يوجد أي مفتاح API مضبوط بالـ Pool
[7/12/2026, 09:38:39] [ERROR] [AI_HANDLE] فشل الرد على 172495080583230: لا يوجد أي مفتاح API مضبوط بالـ Pool
[7/12/2026, 09:38:39] [ERROR] [AI_UNKNOWN] لا يوجد أي مفتاح API مضبوط بالـ Pool
[7/12/2026, 09:38:39] [ERROR] [AI_HANDLE] فشل الرد على 172495080583230: لا يوجد أي مفتاح API مضبوط بالـ Pool
[7/12/2026, 09:38:40] [ERROR] [AI_UNKNOWN] لا يوجد أي مفتاح API مضبوط بالـ Pool
[7/12/2026, 09:38:40] [ERROR] [AI_HANDLE] فشل الرد على 172495080583230: لا يوجد أي مفتاح API مضبوط بالـ Pool
[7/12/2026, 09:38:40] [ERROR] [AI_UNKNOWN] لا يوجد أي مفتاح API مضبوط بالـ Pool
[7/12/2026, 09:38:40] [ERROR] [AI_HANDLE] فشل الرد على 172495080583230: لا يوجد أي مفتاح API مضبوط بالـ Pool
[7/12/2026, 09:38:40] [ERROR] [AI_UNKNOWN] لا يوجد أي مفتاح API مضبوط بالـ Pool
[7/12/2026, 09:38:40] [ERROR] [AI_HANDLE] فشل الرد على 172495080583230: لا يوجد أي مفتاح API مضبوط بالـ Pool
[7/12/2026, 09:38:41] [ERROR] [AI_UNKNOWN] لا يوجد أي مفتاح API مضبوط بالـ Pool
[7/12/2026, 09:38:41] [ERROR] [AI_HANDLE] فشل الرد على 172495080583230: لا يوجد أي مفتاح API مضبوط بالـ Pool
[7/12/2026, 09:40:23] [ERROR] [AI_UNKNOWN] لا يوجد أي مفتاح API مضبوط بالـ Pool
[7/12/2026, 09:40:23] [ERROR] [AI_HANDLE] فشل الرد على 166001190637669: لا يوجد أي مفتاح API مضبوط بالـ Pool
[7/12/2026, 09:40:33] [ERROR] [AI_UNKNOWN] لا يوجد أي مفتاح API مضبوط بالـ Pool
[7/12/2026, 09:40:33] [ERROR] [AI_HANDLE] فشل الرد على 166001190637669: لا يوجد أي مفتاح API مضبوط بالـ Pool
[7/12/2026, 09:40:57] [ERROR] [AI_UNKNOWN] لا يوجد أي مفتاح API مضبوط بالـ Pool
[7/12/2026, 09:40:57] [ERROR] [AI_HANDLE] فشل الرد على 166001190637669: لا يوجد أي مفتاح API مضبوط بالـ Pool
[7/12/2026, 09:41:05] [ERROR] [AI_UNKNOWN] لا يوجد أي مفتاح API مضبوط بالـ Pool
[7/12/2026, 09:41:05] [ERROR] [AI_HANDLE] فشل الرد على 166001190637669: لا يوجد أي مفتاح API مضبوط بالـ Pool
[7/12/2026, 09:42:49] [ERROR] [AI_UNKNOWN] لا يوجد أي مفتاح API مضبوط بالـ Pool
[7/12/2026, 09:42:49] [ERROR] [AI_HANDLE] فشل الرد على 166001190637669: لا يوجد أي مفتاح API مضبوط بالـ Pool
[7/12/2026, 09:44:43] [ERROR] [AI_UNKNOWN] لا يوجد أي مفتاح API مضبوط بالـ Pool
[7/12/2026, 09:44:43] [ERROR] [AI_HANDLE] فشل الرد على 166001190637669: لا يوجد أي مفتاح API مضبوط بالـ Pool
[7/12/2026, 09:45:22] [ERROR] [AI_UNKNOWN] لا يوجد أي مفتاح API مضبوط بالـ Pool
[7/12/2026, 09:45:22] [ERROR] [AI_HANDLE] فشل الرد على 166001190637669: لا يوجد أي مفتاح API مضبوط بالـ Pool
[7/12/2026, 09:47:22] [ERROR] [AI_UNKNOWN] لا يوجد أي مفتاح API مضبوط بالـ Pool
[7/12/2026, 09:47:22] [ERROR] [AI_HANDLE] فشل الرد على 166001190637669: لا يوجد أي مفتاح API مضبوط بالـ Pool
[7/12/2026, 09:47:47] [ERROR] [AI_UNKNOWN] لا يوجد أي مفتاح API مضبوط بالـ Pool
[7/12/2026, 09:47:47] [ERROR] [AI_HANDLE] فشل الرد على 166001190637669: لا يوجد أي مفتاح API مضبوط بالـ Pool
[7/12/2026, 09:48:46] [ERROR] [AI_UNKNOWN] لا يوجد أي مفتاح API مضبوط بالـ Pool
[7/12/2026, 09:48:46] [ERROR] [AI_HANDLE] فشل الرد على 166001190637669: لا يوجد أي مفتاح API مضبوط بالـ Pool
[7/12/2026, 09:49:08] [ERROR] [AI_UNKNOWN] لا يوجد أي مفتاح API مضبوط بالـ Pool
[7/12/2026, 09:49:08] [ERROR] [AI_HANDLE] فشل الرد على 166001190637669: لا يوجد أي مفتاح API مضبوط بالـ Pool
[7/12/2026, 09:49:16] [ERROR] [AI_UNKNOWN] لا يوجد أي مفتاح API مضبوط بالـ Pool
[7/12/2026, 09:49:16] [ERROR] [AI_HANDLE] فشل الرد على 166001190637669: لا يوجد أي مفتاح API مضبوط بالـ Pool
[7/12/2026, 10:54:56] [ERROR] [AI_UNKNOWN] لا يوجد أي مفتاح API مضبوط بالـ Pool
[7/12/2026, 10:54:56] [ERROR] [AI_HANDLE] فشل الرد على 172495080583230: لا يوجد أي مفتاح API مضبوط بالـ Pool
[7/12/2026, 10:54:57] [ERROR] [AI_UNKNOWN] لا يوجد أي مفتاح API مضبوط بالـ Pool
[7/12/2026, 10:54:57] [ERROR] [AI_HANDLE] فشل الرد على 172495080583230: لا يوجد أي مفتاح API مضبوط بالـ Pool
[7/12/2026, 11:14:54] [ERROR] [AI_UNKNOWN] لا يوجد أي مفتاح API مضبوط بالـ Pool
[7/12/2026, 11:14:54] [ERROR] [AI_HANDLE] فشل الرد على 172495080583230: لا يوجد أي مفتاح API مضبوط بالـ Pool
[7/12/2026, 11:15:10] [ERROR] [AI_UNKNOWN] لا يوجد أي مفتاح API مضبوط بالـ Pool
[7/12/2026, 11:15:10] [ERROR] [AI_HANDLE] فشل الرد على 172495080583230: لا يوجد أي مفتاح API مضبوط بالـ Pool
[7/12/2026, 11:17:42] [ERROR] [AI_UNKNOWN] لا يوجد أي مفتاح API مضبوط بالـ Pool
[7/12/2026, 11:17:42] [ERROR] [AI_HANDLE] فشل الرد على 172495080583230: لا يوجد أي مفتاح API مضبوط بالـ Pool
[7/12/2026, 11:18:03] [ERROR] [AI_UNKNOWN] لا يوجد أي مفتاح API مضبوط بالـ Pool
[7/12/2026, 11:18:03] [ERROR] [AI_HANDLE] فشل الرد على 172495080583230: لا يوجد أي مفتاح API مضبوط بالـ Pool
[7/12/2026, 11:18:06] [ERROR] [AI_UNKNOWN] لا يوجد أي مفتاح API مضبوط بالـ Pool
[7/12/2026, 11:18:06] [ERROR] [AI_HANDLE] فشل الرد على 172495080583230: لا يوجد أي مفتاح API مضبوط بالـ Pool
[7/12/2026, 11:18:08] [ERROR] [AI_UNKNOWN] لا يوجد أي مفتاح API مضبوط بالـ Pool
[7/12/2026, 11:18:08] [ERROR] [AI_HANDLE] فشل الرد على 172495080583230: لا يوجد أي مفتاح API مضبوط بالـ Pool
[7/12/2026, 11:22:25] [ERROR] [AI_UNKNOWN] لا يوجد أي مفتاح API مضبوط بالـ Pool
[7/12/2026, 11:22:25] [ERROR] [AI_HANDLE] فشل الرد على 172495080583230: لا يوجد أي مفتاح API مضبوط بالـ Pool
[7/12/2026, 11:22:28] [ERROR] [AI_UNKNOWN] لا يوجد أي مفتاح API مضبوط بالـ Pool
[7/12/2026, 11:22:28] [ERROR] [AI_HANDLE] فشل الرد على 172495080583230: لا يوجد أي مفتاح API مضبوط بالـ Pool
[7/12/2026, 12:43:19] [WARN] [AI_CONFIG] GEMINI_API_KEYS/GEMINI_API_KEY غير موجود في .env — نظام الذكاء الاصطناعي لن يعمل بشكل صحيح.
[7/12/2026, 19:04:54] [WARN] [AI_CONFIG] GEMINI_API_KEYS/GEMINI_API_KEY غير موجود في .env — نظام الذكاء الاصطناعي لن يعمل بشكل صحيح.
[7/12/2026, 19:05:23] [ERROR] [AI_UNKNOWN] لا يوجد أي مفتاح API مضبوط بالـ Pool
[7/12/2026, 19:05:23] [ERROR] [AI_HANDLE] فشل الرد على 226924999782614: لا يوجد أي مفتاح API مضبوط بالـ Pool
[7/12/2026, 19:05:23] [ERROR] [AI_UNKNOWN] لا يوجد أي مفتاح API مضبوط بالـ Pool
[7/12/2026, 19:05:23] [ERROR] [AI_HANDLE] فشل الرد على 226924999782614: لا يوجد أي مفتاح API مضبوط بالـ Pool
[7/12/2026, 20:22:19] [ERROR] [AI_UNKNOWN] لا يوجد أي مفتاح API مضبوط بالـ Pool
[7/12/2026, 20:22:19] [ERROR] [AI_HANDLE] فشل الرد على 109694135848990: لا يوجد أي مفتاح API مضبوط بالـ Pool
[7/13/2026, 01:50:13] [WARN] [AI_CONFIG] GEMINI_API_KEYS/GEMINI_API_KEY غير موجود في .env — نظام الذكاء الاصطناعي لن يعمل بشكل صحيح.
[7/13/2026, 01:50:44] [ERROR] [AI_UNKNOWN] لا يوجد أي مفتاح API مضبوط بالـ Pool
[7/13/2026, 01:50:44] [ERROR] [AI_HANDLE] فشل الرد على 109694135848990: لا يوجد أي مفتاح API مضبوط بالـ Pool
[7/13/2026, 01:50:44] [ERROR] [AI_UNKNOWN] لا يوجد أي مفتاح API مضبوط بالـ Pool
[7/13/2026, 01:50:44] [ERROR] [AI_HANDLE] فشل الرد على 150556354060421: لا يوجد أي مفتاح API مضبوط بالـ Pool
[7/13/2026, 01:50:44] [ERROR] [AI_UNKNOWN] لا يوجد أي مفتاح API مضبوط بالـ Pool
[7/13/2026, 01:50:44] [ERROR] [AI_HANDLE] فشل الرد على 150556354060421: لا يوجد أي مفتاح API مضبوط بالـ Pool
[7/13/2026, 01:50:44] [ERROR] [AI_UNKNOWN] لا يوجد أي مفتاح API مضبوط بالـ Pool
[7/13/2026, 01:50:44] [ERROR] [AI_HANDLE] فشل الرد على 150556354060421: لا يوجد أي مفتاح API مضبوط بالـ Pool
[7/13/2026, 01:50:44] [ERROR] [AI_UNKNOWN] لا يوجد أي مفتاح API مضبوط بالـ Pool
[7/13/2026, 01:50:44] [ERROR] [AI_HANDLE] فشل الرد على 120727705546843: لا يوجد أي مفتاح API مضبوط بالـ Pool
[7/13/2026, 01:50:44] [ERROR] [AI_UNKNOWN] لا يوجد أي مفتاح API مضبوط بالـ Pool
[7/13/2026, 01:50:44] [ERROR] [AI_HANDLE] فشل الرد على 120727705546843: لا يوجد أي مفتاح API مضبوط بالـ Pool
[7/13/2026, 01:50:44] [ERROR] [AI_UNKNOWN] لا يوجد أي مفتاح API مضبوط بالـ Pool
[7/13/2026, 01:50:44] [ERROR] [AI_HANDLE] فشل الرد على 120727705546843: لا يوجد أي مفتاح API مضبوط بالـ Pool
[7/13/2026, 01:50:44] [ERROR] [AI_UNKNOWN] لا يوجد أي مفتاح API مضبوط بالـ Pool
[7/13/2026, 01:50:44] [ERROR] [AI_HANDLE] فشل الرد على 120727705546843: لا يوجد أي مفتاح API مضبوط بالـ Pool
[7/13/2026, 01:50:44] [ERROR] [AI_UNKNOWN] لا يوجد أي مفتاح API مضبوط بالـ Pool
[7/13/2026, 01:50:44] [ERROR] [AI_HANDLE] فشل الرد على 120727705546843: لا يوجد أي مفتاح API مضبوط بالـ Pool
[7/13/2026, 01:50:44] [ERROR] [AI_UNKNOWN] لا يوجد أي مفتاح API مضبوط بالـ Pool
[7/13/2026, 01:50:44] [ERROR] [AI_HANDLE] فشل الرد على 120727705546843: لا يوجد أي مفتاح API مضبوط بالـ Pool
[7/13/2026, 01:50:44] [ERROR] [AI_UNKNOWN] لا يوجد أي مفتاح API مضبوط بالـ Pool
[7/13/2026, 01:50:44] [ERROR] [AI_HANDLE] فشل الرد على 120727705546843: لا يوجد أي مفتاح API مضبوط بالـ Pool
[7/13/2026, 01:50:44] [ERROR] [AI_UNKNOWN] لا يوجد أي مفتاح API مضبوط بالـ Pool
[7/13/2026, 01:50:44] [ERROR] [AI_HANDLE] فشل الرد على 120727705546843: لا يوجد أي مفتاح API مضبوط بالـ Pool
[7/13/2026, 01:50:45] [ERROR] [AI_UNKNOWN] لا يوجد أي مفتاح API مضبوط بالـ Pool
[7/13/2026, 01:50:45] [ERROR] [AI_HANDLE] فشل الرد على 120727705546843: لا يوجد أي مفتاح API مضبوط بالـ Pool
[7/13/2026, 01:50:49] [ERROR] [AI_UNKNOWN] لا يوجد أي مفتاح API مضبوط بالـ Pool
[7/13/2026, 01:50:49] [ERROR] [AI_HANDLE] فشل الرد على 19486988054547: لا يوجد أي مفتاح API مضبوط بالـ Pool
[7/13/2026, 01:50:49] [ERROR] [AI_UNKNOWN] لا يوجد أي مفتاح API مضبوط بالـ Pool
[7/13/2026, 01:50:49] [ERROR] [AI_HANDLE] فشل الرد على 19486988054547: لا يوجد أي مفتاح API مضبوط بالـ Pool
[7/13/2026, 02:22:29] [WARN] [AI_CONFIG] GEMINI_API_KEYS/GEMINI_API_KEY غير موجود في .env — نظام الذكاء الاصطناعي لن يعمل بشكل صحيح.
[7/13/2026, 02:22:42] [ERROR] [AI_UNKNOWN] لا يوجد أي مفتاح API مضبوط بالـ Pool
[7/13/2026, 02:22:42] [ERROR] [AI_HANDLE] فشل الرد على 18958707122279: لا يوجد أي مفتاح API مضبوط بالـ Pool
[7/13/2026, 02:22:42] [ERROR] [AI_UNKNOWN] لا يوجد أي مفتاح API مضبوط بالـ Pool
[7/13/2026, 02:22:42] [ERROR] [AI_HANDLE] فشل الرد على 18958707122279: لا يوجد أي مفتاح API مضبوط بالـ Pool
[7/13/2026, 02:29:05] [ERROR] [AI_UNKNOWN] لا يوجد أي مفتاح API مضبوط بالـ Pool
[7/13/2026, 02:29:05] [ERROR] [AI_HANDLE] فشل الرد على 97341407268963: لا يوجد أي مفتاح API مضبوط بالـ Pool
[7/13/2026, 20:45:44] [WARN] [AI_CONFIG] GEMINI_API_KEYS/GEMINI_API_KEY غير موجود في .env — نظام الذكاء الاصطناعي لن يعمل بشكل صحيح.
[7/13/2026, 20:46:40] [ERROR] [AI_UNKNOWN] لا يوجد أي مفتاح API مضبوط بالـ Pool
[7/13/2026, 20:46:40] [ERROR] [AI_HANDLE] فشل الرد على 127939140132919: لا يوجد أي مفتاح API مضبوط بالـ Pool
[7/13/2026, 20:46:40] [ERROR] [AI_UNKNOWN] لا يوجد أي مفتاح API مضبوط بالـ Pool
[7/13/2026, 20:46:40] [ERROR] [AI_HANDLE] فشل الرد على 127939140132919: لا يوجد أي مفتاح API مضبوط بالـ Pool
[7/13/2026, 20:47:50] [ERROR] [AI_UNKNOWN] لا يوجد أي مفتاح API مضبوط بالـ Pool
[7/13/2026, 20:47:50] [ERROR] [AI_HANDLE] فشل الرد على 127939140132919: لا يوجد أي مفتاح API مضبوط بالـ Pool
[7/13/2026, 20:47:50] [ERROR] [AI_UNKNOWN] لا يوجد أي مفتاح API مضبوط بالـ Pool
[7/13/2026, 20:47:50] [ERROR] [AI_HANDLE] فشل الرد على 127939140132919: لا يوجد أي مفتاح API مضبوط بالـ Pool
[7/13/2026, 20:48:50] [ERROR] [AI_UNKNOWN] لا يوجد أي مفتاح API مضبوط بالـ Pool
[7/13/2026, 20:48:50] [ERROR] [AI_HANDLE] فشل الرد على 167422908707063: لا يوجد أي مفتاح API مضبوط بالـ Pool
[7/13/2026, 20:49:04] [ERROR] [AI_UNKNOWN] لا يوجد أي مفتاح API مضبوط بالـ Pool
[7/13/2026, 20:49:04] [ERROR] [AI_HANDLE] فشل الرد على 167422908707063: لا يوجد أي مفتاح API مضبوط بالـ Pool
[7/13/2026, 20:52:32] [ERROR] [AI_UNKNOWN] لا يوجد أي مفتاح API مضبوط بالـ Pool
[7/13/2026, 20:52:32] [ERROR] [AI_HANDLE] فشل الرد على 193552734773367: لا يوجد أي مفتاح API مضبوط بالـ Pool
[7/13/2026, 20:52:38] [ERROR] [AI_UNKNOWN] لا يوجد أي مفتاح API مضبوط بالـ Pool
[7/13/2026, 20:52:38] [ERROR] [AI_HANDLE] فشل الرد على 193552734773367: لا يوجد أي مفتاح API مضبوط بالـ Pool
[7/13/2026, 20:55:14] [ERROR] [AI_UNKNOWN] لا يوجد أي مفتاح API مضبوط بالـ Pool
[7/13/2026, 20:55:14] [ERROR] [AI_HANDLE] فشل الرد على 193552734773367: لا يوجد أي مفتاح API مضبوط بالـ Pool
[7/14/2026, 09:29:04] [WARN] [AI_CONFIG] GEMINI_API_KEYS/GEMINI_API_KEY غير موجود في .env — نظام الذكاء الاصطناعي لن يعمل بشكل صحيح.
[7/14/2026, 09:29:19] [WARN] [AI_CONFIG] GEMINI_API_KEYS/GEMINI_API_KEY غير موجود في .env — نظام الذكاء الاصطناعي لن يعمل بشكل صحيح.
[7/14/2026, 09:29:46] [WARN] [AI_CONFIG] GEMINI_API_KEYS/GEMINI_API_KEY غير موجود في .env — نظام الذكاء الاصطناعي لن يعمل بشكل صحيح.
[7/14/2026, 09:32:34] [WARN] [AI_CONFIG] GEMINI_API_KEYS/GEMINI_API_KEY غير موجود في .env — نظام الذكاء الاصطناعي لن يعمل بشكل صحيح.
[7/14/2026, 09:32:47] [WARN] [AI_CONFIG] GEMINI_API_KEYS/GEMINI_API_KEY غير موجود في .env — نظام الذكاء الاصطناعي لن يعمل بشكل صحيح.
[7/14/2026, 09:35:19] [WARN] [AI_CONFIG] GEMINI_API_KEYS/GEMINI_API_KEY غير موجود في .env — نظام الذكاء الاصطناعي لن يعمل بشكل صحيح.
[7/14/2026, 09:38:04] [ERROR] [AI_UNKNOWN] لا يوجد أي مفتاح API مضبوط بالـ Pool
[7/14/2026, 09:38:04] [ERROR] [AI_HANDLE] فشل الرد على 19486988054547: لا يوجد أي مفتاح API مضبوط بالـ Pool
[7/14/2026, 09:38:07] [ERROR] [AI_UNKNOWN] لا يوجد أي مفتاح API مضبوط بالـ Pool
[7/14/2026, 09:38:07] [ERROR] [AI_HANDLE] فشل الرد على 19486988054547: لا يوجد أي مفتاح API مضبوط بالـ Pool
[7/14/2026, 09:40:35] [ERROR] [AI_UNKNOWN] لا يوجد أي مفتاح API مضبوط بالـ Pool
[7/14/2026, 09:40:35] [ERROR] [AI_HANDLE] فشل الرد على 19486988054547: لا يوجد أي مفتاح API مضبوط بالـ Pool
[7/14/2026, 09:40:38] [ERROR] [AI_UNKNOWN] لا يوجد أي مفتاح API مضبوط بالـ Pool
[7/14/2026, 09:40:38] [ERROR] [AI_HANDLE] فشل الرد على 19486988054547: لا يوجد أي مفتاح API مضبوط بالـ Pool
[7/14/2026, 09:44:08] [ERROR] [AI_UNKNOWN] لا يوجد أي مفتاح API مضبوط بالـ Pool
[7/14/2026, 09:44:08] [ERROR] [AI_HANDLE] فشل الرد على 19486988054547: لا يوجد أي مفتاح API مضبوط بالـ Pool
[7/14/2026, 09:44:10] [ERROR] [AI_UNKNOWN] لا يوجد أي مفتاح API مضبوط بالـ Pool
[7/14/2026, 09:44:10] [ERROR] [AI_HANDLE] فشل الرد على 19486988054547: لا يوجد أي مفتاح API مضبوط بالـ Pool
[7/14/2026, 09:44:14] [ERROR] [AI_UNKNOWN] لا يوجد أي مفتاح API مضبوط بالـ Pool
[7/14/2026, 09:44:14] [ERROR] [AI_HANDLE] فشل الرد على 19486988054547: لا يوجد أي مفتاح API مضبوط بالـ Pool
[7/14/2026, 09:45:34] [ERROR] [AI_UNKNOWN] لا يوجد أي مفتاح API مضبوط بالـ Pool
[7/14/2026, 09:45:34] [ERROR] [AI_HANDLE] فشل الرد على 19486988054547: لا يوجد أي مفتاح API مضبوط بالـ Pool
[7/14/2026, 09:52:02] [ERROR] [AI_UNKNOWN] لا يوجد أي مفتاح API مضبوط بالـ Pool
[7/14/2026, 09:52:02] [ERROR] [AI_HANDLE] فشل الرد على 13615096664143: لا يوجد أي مفتاح API مضبوط بالـ Pool
[7/14/2026, 09:52:06] [ERROR] [AI_UNKNOWN] لا يوجد أي مفتاح API مضبوط بالـ Pool
[7/14/2026, 09:52:06] [ERROR] [AI_HANDLE] فشل الرد على 13615096664143: لا يوجد أي مفتاح API مضبوط بالـ Pool
[7/14/2026, 09:54:44] [ERROR] [AI_UNKNOWN] لا يوجد أي مفتاح API مضبوط بالـ Pool
[7/14/2026, 09:54:44] [ERROR] [AI_HANDLE] فشل الرد على 10978473316407: لا يوجد أي مفتاح API مضبوط بالـ Pool
[7/14/2026, 10:17:10] [ERROR] [AI_UNKNOWN] لا يوجد أي مفتاح API مضبوط بالـ Pool
[7/14/2026, 10:17:11] [ERROR] [AI_HANDLE] فشل الرد على 26409988845722: لا يوجد أي مفتاح API مضبوط بالـ Pool
[7/14/2026, 10:17:33] [ERROR] [AI_UNKNOWN] لا يوجد أي مفتاح API مضبوط بالـ Pool
[7/14/2026, 10:17:33] [ERROR] [AI_HANDLE] فشل الرد على 26409988845722: لا يوجد أي مفتاح API مضبوط بالـ Pool
[7/14/2026, 10:17:36] [ERROR] [AI_UNKNOWN] لا يوجد أي مفتاح API مضبوط بالـ Pool
[7/14/2026, 10:17:36] [ERROR] [AI_HANDLE] فشل الرد على 26409988845722: لا يوجد أي مفتاح API مضبوط بالـ Pool
[7/14/2026, 10:17:41] [ERROR] [AI_UNKNOWN] لا يوجد أي مفتاح API مضبوط بالـ Pool
[7/14/2026, 10:17:41] [ERROR] [AI_HANDLE] فشل الرد على 26409988845722: لا يوجد أي مفتاح API مضبوط بالـ Pool
[7/14/2026, 10:17:53] [ERROR] [AI_UNKNOWN] لا يوجد أي مفتاح API مضبوط بالـ Pool
[7/14/2026, 10:17:53] [ERROR] [AI_HANDLE] فشل الرد على 26409988845722: لا يوجد أي مفتاح API مضبوط بالـ Pool
[7/14/2026, 10:17:55] [ERROR] [AI_UNKNOWN] لا يوجد أي مفتاح API مضبوط بالـ Pool
[7/14/2026, 10:17:55] [ERROR] [AI_HANDLE] فشل الرد على 26409988845722: لا يوجد أي مفتاح API مضبوط بالـ Pool
[7/14/2026, 10:18:13] [ERROR] [AI_UNKNOWN] لا يوجد أي مفتاح API مضبوط بالـ Pool
[7/14/2026, 10:18:13] [ERROR] [AI_HANDLE] فشل الرد على 26409988845722: لا يوجد أي مفتاح API مضبوط بالـ Pool
[7/14/2026, 10:18:22] [ERROR] [AI_UNKNOWN] لا يوجد أي مفتاح API مضبوط بالـ Pool
[7/14/2026, 10:18:22] [ERROR] [AI_HANDLE] فشل الرد على 26409988845722: لا يوجد أي مفتاح API مضبوط بالـ Pool
[7/14/2026, 10:18:39] [ERROR] [AI_UNKNOWN] لا يوجد أي مفتاح API مضبوط بالـ Pool
[7/14/2026, 10:18:39] [ERROR] [AI_HANDLE] فشل الرد على 26409988845722: لا يوجد أي مفتاح API مضبوط بالـ Pool
[7/14/2026, 10:18:59] [ERROR] [AI_UNKNOWN] لا يوجد أي مفتاح API مضبوط بالـ Pool
[7/14/2026, 10:18:59] [ERROR] [AI_HANDLE] فشل الرد على 26409988845722: لا يوجد أي مفتاح API مضبوط بالـ Pool
[7/14/2026, 10:19:10] [ERROR] [AI_UNKNOWN] لا يوجد أي مفتاح API مضبوط بالـ Pool
[7/14/2026, 10:19:10] [ERROR] [AI_HANDLE] فشل الرد على 26409988845722: لا يوجد أي مفتاح API مضبوط بالـ Pool
[7/14/2026, 10:19:17] [ERROR] [AI_UNKNOWN] لا يوجد أي مفتاح API مضبوط بالـ Pool
[7/14/2026, 10:19:17] [ERROR] [AI_HANDLE] فشل الرد على 26409988845722: لا يوجد أي مفتاح API مضبوط بالـ Pool
[7/14/2026, 10:20:01] [ERROR] [AI_UNKNOWN] لا يوجد أي مفتاح API مضبوط بالـ Pool
[7/14/2026, 10:20:01] [ERROR] [AI_HANDLE] فشل الرد على 26409988845722: لا يوجد أي مفتاح API مضبوط بالـ Pool
[7/14/2026, 10:20:08] [ERROR] [AI_UNKNOWN] لا يوجد أي مفتاح API مضبوط بالـ Pool
[7/14/2026, 10:20:08] [ERROR] [AI_HANDLE] فشل الرد على 26409988845722: لا يوجد أي مفتاح API مضبوط بالـ Pool
[7/14/2026, 10:21:25] [ERROR] [AI_UNKNOWN] لا يوجد أي مفتاح API مضبوط بالـ Pool
[7/14/2026, 10:21:25] [ERROR] [AI_HANDLE] فشل الرد على 26409988845722: لا يوجد أي مفتاح API مضبوط بالـ Pool
[7/14/2026, 10:21:45] [ERROR] [AI_UNKNOWN] لا يوجد أي مفتاح API مضبوط بالـ Pool
[7/14/2026, 10:21:45] [ERROR] [AI_HANDLE] فشل الرد على 26409988845722: لا يوجد أي مفتاح API مضبوط بالـ Pool
[7/14/2026, 10:22:16] [ERROR] [AI_UNKNOWN] لا يوجد أي مفتاح API مضبوط بالـ Pool
[7/14/2026, 10:22:16] [ERROR] [AI_HANDLE] فشل الرد على 26409988845722: لا يوجد أي مفتاح API مضبوط بالـ Pool
[7/14/2026, 10:22:56] [ERROR] [AI_UNKNOWN] لا يوجد أي مفتاح API مضبوط بالـ Pool
[7/14/2026, 10:22:56] [ERROR] [AI_HANDLE] فشل الرد على 26409988845722: لا يوجد أي مفتاح API مضبوط بالـ Pool
[7/14/2026, 10:23:01] [ERROR] [AI_UNKNOWN] لا يوجد أي مفتاح API مضبوط بالـ Pool
[7/14/2026, 10:23:01] [ERROR] [AI_HANDLE] فشل الرد على 26409988845722: لا يوجد أي مفتاح API مضبوط بالـ Pool
[7/14/2026, 10:23:19] [ERROR] [AI_UNKNOWN] لا يوجد أي مفتاح API مضبوط بالـ Pool
[7/14/2026, 10:23:19] [ERROR] [AI_HANDLE] فشل الرد على 26409988845722: لا يوجد أي مفتاح API مضبوط بالـ Pool
[7/14/2026, 10:23:32] [ERROR] [AI_UNKNOWN] لا يوجد أي مفتاح API مضبوط بالـ Pool
[7/14/2026, 10:23:32] [ERROR] [AI_HANDLE] فشل الرد على 26409988845722: لا يوجد أي مفتاح API مضبوط بالـ Pool
[7/14/2026, 10:23:49] [ERROR] [AI_UNKNOWN] لا يوجد أي مفتاح API مضبوط بالـ Pool
[7/14/2026, 10:23:49] [ERROR] [AI_HANDLE] فشل الرد على 26409988845722: لا يوجد أي مفتاح API مضبوط بالـ Pool
[7/14/2026, 10:24:00] [ERROR] [AI_UNKNOWN] لا يوجد أي مفتاح API مضبوط بالـ Pool
[7/14/2026, 10:24:00] [ERROR] [AI_HANDLE] فشل الرد على 26409988845722: لا يوجد أي مفتاح API مضبوط بالـ Pool
[7/14/2026, 10:24:10] [ERROR] [AI_UNKNOWN] لا يوجد أي مفتاح API مضبوط بالـ Pool
[7/14/2026, 10:24:10] [ERROR] [AI_HANDLE] فشل الرد على 26409988845722: لا يوجد أي مفتاح API مضبوط بالـ Pool
[7/14/2026, 10:24:25] [ERROR] [AI_UNKNOWN] لا يوجد أي مفتاح API مضبوط بالـ Pool
[7/14/2026, 10:24:25] [ERROR] [AI_HANDLE] فشل الرد على 26409988845722: لا يوجد أي مفتاح API مضبوط بالـ Pool
[7/14/2026, 10:24:35] [ERROR] [AI_UNKNOWN] لا يوجد أي مفتاح API مضبوط بالـ Pool
[7/14/2026, 10:24:35] [ERROR] [AI_HANDLE] فشل الرد على 26409988845722: لا يوجد أي مفتاح API مضبوط بالـ Pool
[7/14/2026, 10:25:00] [ERROR] [AI_UNKNOWN] لا يوجد أي مفتاح API مضبوط بالـ Pool
[7/14/2026, 10:25:00] [ERROR] [AI_HANDLE] فشل الرد على 26409988845722: لا يوجد أي مفتاح API مضبوط بالـ Pool
[7/14/2026, 10:25:20] [ERROR] [AI_UNKNOWN] لا يوجد أي مفتاح API مضبوط بالـ Pool
[7/14/2026, 10:25:20] [ERROR] [AI_HANDLE] فشل الرد على 26409988845722: لا يوجد أي مفتاح API مضبوط بالـ Pool
[7/14/2026, 10:25:22] [ERROR] [AI_UNKNOWN] لا يوجد أي مفتاح API مضبوط بالـ Pool
[7/14/2026, 10:25:22] [ERROR] [AI_HANDLE] فشل الرد على 26409988845722: لا يوجد أي مفتاح API مضبوط بالـ Pool
[7/14/2026, 10:25:39] [ERROR] [AI_UNKNOWN] لا يوجد أي مفتاح API مضبوط بالـ Pool
[7/14/2026, 10:25:39] [ERROR] [AI_HANDLE] فشل الرد على 26409988845722: لا يوجد أي مفتاح API مضبوط بالـ Pool
[7/14/2026, 10:26:08] [ERROR] [AI_UNKNOWN] لا يوجد أي مفتاح API مضبوط بالـ Pool
[7/14/2026, 10:26:08] [ERROR] [AI_HANDLE] فشل الرد على 26409988845722: لا يوجد أي مفتاح API مضبوط بالـ Pool
[7/14/2026, 10:26:15] [ERROR] [AI_UNKNOWN] لا يوجد أي مفتاح API مضبوط بالـ Pool
[7/14/2026, 10:26:15] [ERROR] [AI_HANDLE] فشل الرد على 26409988845722: لا يوجد أي مفتاح API مضبوط بالـ Pool
[7/14/2026, 10:26:17] [ERROR] [AI_UNKNOWN] لا يوجد أي مفتاح API مضبوط بالـ Pool
[7/14/2026, 10:26:17] [ERROR] [AI_HANDLE] فشل الرد على 26409988845722: لا يوجد أي مفتاح API مضبوط بالـ Pool
[7/14/2026, 10:26:19] [ERROR] [AI_UNKNOWN] لا يوجد أي مفتاح API مضبوط بالـ Pool
[7/14/2026, 10:26:19] [ERROR] [AI_HANDLE] فشل الرد على 26409988845722: لا يوجد أي مفتاح API مضبوط بالـ Pool
[7/14/2026, 10:26:21] [ERROR] [AI_UNKNOWN] لا يوجد أي مفتاح API مضبوط بالـ Pool
[7/14/2026, 10:26:21] [ERROR] [AI_HANDLE] فشل الرد على 26409988845722: لا يوجد أي مفتاح API مضبوط بالـ Pool
[7/14/2026, 10:26:31] [ERROR] [AI_UNKNOWN] لا يوجد أي مفتاح API مضبوط بالـ Pool
[7/14/2026, 10:26:31] [ERROR] [AI_HANDLE] فشل الرد على 13615096664143: لا يوجد أي مفتاح API مضبوط بالـ Pool
[7/14/2026, 10:26:44] [ERROR] [AI_UNKNOWN] لا يوجد أي مفتاح API مضبوط بالـ Pool
[7/14/2026, 10:26:44] [ERROR] [AI_HANDLE] فشل الرد على 13615096664143: لا يوجد أي مفتاح API مضبوط بالـ Pool
[7/14/2026, 10:27:01] [ERROR] [AI_UNKNOWN] لا يوجد أي مفتاح API مضبوط بالـ Pool
[7/14/2026, 10:27:01] [ERROR] [AI_HANDLE] فشل الرد على 26409988845722: لا يوجد أي مفتاح API مضبوط بالـ Pool
[7/14/2026, 10:27:10] [ERROR] [AI_UNKNOWN] لا يوجد أي مفتاح API مضبوط بالـ Pool
[7/14/2026, 10:27:10] [ERROR] [AI_HANDLE] فشل الرد على 26409988845722: لا يوجد أي مفتاح API مضبوط بالـ Pool
[7/14/2026, 10:27:28] [ERROR] [AI_UNKNOWN] لا يوجد أي مفتاح API مضبوط بالـ Pool
[7/14/2026, 10:27:28] [ERROR] [AI_HANDLE] فشل الرد على 26409988845722: لا يوجد أي مفتاح API مضبوط بالـ Pool
[7/14/2026, 12:07:26] [WARN] [AI_CONFIG] GEMINI_API_KEYS/GEMINI_API_KEY غير موجود في .env — نظام الذكاء الاصطناعي لن يعمل بشكل صحيح.
[7/14/2026, 12:07:56] [ERROR] [AI_UNKNOWN] لا يوجد أي مفتاح API مضبوط بالـ Pool
[7/14/2026, 12:07:56] [ERROR] [AI_HANDLE] فشل الرد على 26409988845722: لا يوجد أي مفتاح API مضبوط بالـ Pool
[7/14/2026, 12:07:56] [ERROR] [AI_UNKNOWN] لا يوجد أي مفتاح API مضبوط بالـ Pool
[7/14/2026, 12:07:56] [ERROR] [AI_HANDLE] فشل الرد على 26409988845722: لا يوجد أي مفتاح API مضبوط بالـ Pool
[7/14/2026, 12:07:56] [ERROR] [AI_UNKNOWN] لا يوجد أي مفتاح API مضبوط بالـ Pool
[7/14/2026, 12:07:56] [ERROR] [AI_HANDLE] فشل الرد على 26409988845722: لا يوجد أي مفتاح API مضبوط بالـ Pool
[7/14/2026, 12:07:56] [ERROR] [AI_UNKNOWN] لا يوجد أي مفتاح API مضبوط بالـ Pool
[7/14/2026, 12:07:56] [ERROR] [AI_HANDLE] فشل الرد على 26409988845722: لا يوجد أي مفتاح API مضبوط بالـ Pool
[7/14/2026, 12:07:56] [ERROR] [AI_UNKNOWN] لا يوجد أي مفتاح API مضبوط بالـ Pool
[7/14/2026, 12:07:56] [ERROR] [AI_HANDLE] فشل الرد على 26409988845722: لا يوجد أي مفتاح API مضبوط بالـ Pool
[7/14/2026, 12:07:56] [ERROR] [AI_UNKNOWN] لا يوجد أي مفتاح API مضبوط بالـ Pool
[7/14/2026, 12:07:56] [ERROR] [AI_HANDLE] فشل الرد على 26409988845722: لا يوجد أي مفتاح API مضبوط بالـ Pool
[7/14/2026, 12:07:56] [ERROR] [AI_UNKNOWN] لا يوجد أي مفتاح API مضبوط بالـ Pool
[7/14/2026, 12:07:56] [ERROR] [AI_HANDLE] فشل الرد على 26409988845722: لا يوجد أي مفتاح API مضبوط بالـ Pool
[7/14/2026, 12:07:56] [ERROR] [AI_UNKNOWN] لا يوجد أي مفتاح API مضبوط بالـ Pool
[7/14/2026, 12:07:56] [ERROR] [AI_HANDLE] فشل الرد على 26409988845722: لا يوجد أي مفتاح API مضبوط بالـ Pool
[7/14/2026, 12:07:56] [ERROR] [AI_UNKNOWN] لا يوجد أي مفتاح API مضبوط بالـ Pool
[7/14/2026, 12:07:56] [ERROR] [AI_HANDLE] فشل الرد على 26409988845722: لا يوجد أي مفتاح API مضبوط بالـ Pool
[7/14/2026, 12:07:56] [ERROR] [AI_UNKNOWN] لا يوجد أي مفتاح API مضبوط بالـ Pool
[7/14/2026, 12:07:56] [ERROR] [AI_HANDLE] فشل الرد على 26409988845722: لا يوجد أي مفتاح API مضبوط بالـ Pool
[7/14/2026, 12:07:56] [ERROR] [AI_UNKNOWN] لا يوجد أي مفتاح API مضبوط بالـ Pool
[7/14/2026, 12:07:56] [ERROR] [AI_HANDLE] فشل الرد على 26409988845722: لا يوجد أي مفتاح API مضبوط بالـ Pool
[7/14/2026, 12:07:56] [ERROR] [AI_UNKNOWN] لا يوجد أي مفتاح API مضبوط بالـ Pool
[7/14/2026, 12:07:56] [ERROR] [AI_HANDLE] فشل الرد على 26409988845722: لا يوجد أي مفتاح API مضبوط بالـ Pool
[7/14/2026, 12:07:56] [ERROR] [AI_UNKNOWN] لا يوجد أي مفتاح API مضبوط بالـ Pool
[7/14/2026, 12:07:56] [ERROR] [AI_HANDLE] فشل الرد على 26409988845722: لا يوجد أي مفتاح API مضبوط بالـ Pool
[7/14/2026, 12:07:56] [ERROR] [AI_UNKNOWN] لا يوجد أي مفتاح API مضبوط بالـ Pool
[7/14/2026, 12:07:56] [ERROR] [AI_HANDLE] فشل الرد على 10978473316407: لا يوجد أي مفتاح API مضبوط بالـ Pool
[7/14/2026, 12:07:56] [ERROR] [AI_UNKNOWN] لا يوجد أي مفتاح API مضبوط بالـ Pool
[7/14/2026, 12:07:56] [ERROR] [AI_HANDLE] فشل الرد على 26409988845722: لا يوجد أي مفتاح API مضبوط بالـ Pool
[7/14/2026, 12:07:56] [ERROR] [AI_UNKNOWN] لا يوجد أي مفتاح API مضبوط بالـ Pool
[7/14/2026, 12:07:56] [ERROR] [AI_HANDLE] فشل الرد على 10978473316407: لا يوجد أي مفتاح API مضبوط بالـ Pool
[7/14/2026, 12:08:00] [ERROR] [AI_UNKNOWN] لا يوجد أي مفتاح API مضبوط بالـ Pool
[7/14/2026, 12:08:00] [ERROR] [AI_HANDLE] فشل الرد على 157685597097989: لا يوجد أي مفتاح API مضبوط بالـ Pool
[7/14/2026, 12:08:01] [ERROR] [AI_UNKNOWN] لا يوجد أي مفتاح API مضبوط بالـ Pool
[7/14/2026, 12:08:01] [ERROR] [AI_HANDLE] فشل الرد على 157685597097989: لا يوجد أي مفتاح API مضبوط بالـ Pool
[7/14/2026, 12:08:01] [ERROR] [AI_UNKNOWN] لا يوجد أي مفتاح API مضبوط بالـ Pool
[7/14/2026, 12:08:01] [ERROR] [AI_HANDLE] فشل الرد على 157685597097989: لا يوجد أي مفتاح API مضبوط بالـ Pool
[7/14/2026, 12:08:01] [ERROR] [AI_UNKNOWN] لا يوجد أي مفتاح API مضبوط بالـ Pool
[7/14/2026, 12:08:01] [ERROR] [AI_HANDLE] فشل الرد على 157685597097989: لا يوجد أي مفتاح API مضبوط بالـ Pool
[7/14/2026, 12:08:02] [ERROR] [AI_UNKNOWN] لا يوجد أي مفتاح API مضبوط بالـ Pool
[7/14/2026, 12:08:02] [ERROR] [AI_HANDLE] فشل الرد على 157685597097989: لا يوجد أي مفتاح API مضبوط بالـ Pool
[7/14/2026, 12:08:02] [ERROR] [AI_UNKNOWN] لا يوجد أي مفتاح API مضبوط بالـ Pool
[7/14/2026, 12:08:02] [ERROR] [AI_HANDLE] فشل الرد على 157685597097989: لا يوجد أي مفتاح API مضبوط بالـ Pool
[7/14/2026, 12:08:02] [ERROR] [AI_UNKNOWN] لا يوجد أي مفتاح API مضبوط بالـ Pool
[7/14/2026, 12:08:02] [ERROR] [AI_HANDLE] فشل الرد على 157685597097989: لا يوجد أي مفتاح API مضبوط بالـ Pool
[7/14/2026, 12:08:03] [ERROR] [AI_UNKNOWN] لا يوجد أي مفتاح API مضبوط بالـ Pool
[7/14/2026, 12:08:03] [ERROR] [AI_HANDLE] فشل الرد على 157685597097989: لا يوجد أي مفتاح API مضبوط بالـ Pool
[7/14/2026, 12:08:03] [ERROR] [AI_UNKNOWN] لا يوجد أي مفتاح API مضبوط بالـ Pool
[7/14/2026, 12:08:03] [ERROR] [AI_HANDLE] فشل الرد على 157685597097989: لا يوجد أي مفتاح API مضبوط بالـ Pool
[7/14/2026, 12:08:03] [ERROR] [AI_UNKNOWN] لا يوجد أي مفتاح API مضبوط بالـ Pool
[7/14/2026, 12:08:03] [ERROR] [AI_HANDLE] فشل الرد على 157685597097989: لا يوجد أي مفتاح API مضبوط بالـ Pool
[7/14/2026, 12:08:03] [ERROR] [AI_UNKNOWN] لا يوجد أي مفتاح API مضبوط بالـ Pool
[7/14/2026, 12:08:03] [ERROR] [AI_HANDLE] فشل الرد على 157685597097989: لا يوجد أي مفتاح API مضبوط بالـ Pool
[7/14/2026, 12:08:03] [ERROR] [AI_UNKNOWN] لا يوجد أي مفتاح API مضبوط بالـ Pool
[7/14/2026, 12:08:03] [ERROR] [AI_HANDLE] فشل الرد على 157685597097989: لا يوجد أي مفتاح API مضبوط بالـ Pool
[7/14/2026, 12:08:04] [ERROR] [AI_UNKNOWN] لا يوجد أي مفتاح API مضبوط بالـ Pool
[7/14/2026, 12:08:04] [ERROR] [AI_HANDLE] فشل الرد على 157685597097989: لا يوجد أي مفتاح API مضبوط بالـ Pool
[7/14/2026, 12:08:04] [ERROR] [AI_UNKNOWN] لا يوجد أي مفتاح API مضبوط بالـ Pool
[7/14/2026, 12:08:04] [ERROR] [AI_HANDLE] فشل الرد على 157685597097989: لا يوجد أي مفتاح API مضبوط بالـ Pool
[7/14/2026, 12:08:04] [ERROR] [AI_UNKNOWN] لا يوجد أي مفتاح API مضبوط بالـ Pool
[7/14/2026, 12:08:04] [ERROR] [AI_HANDLE] فشل الرد على 157685597097989: لا يوجد أي مفتاح API مضبوط بالـ Pool
[7/14/2026, 12:08:06] [ERROR] [AI_UNKNOWN] لا يوجد أي مفتاح API مضبوط بالـ Pool
[7/14/2026, 12:08:06] [ERROR] [AI_HANDLE] فشل الرد على 157685597097989: لا يوجد أي مفتاح API مضبوط بالـ Pool
[7/14/2026, 12:08:07] [ERROR] [AI_UNKNOWN] لا يوجد أي مفتاح API مضبوط بالـ Pool
[7/14/2026, 12:08:07] [ERROR] [AI_HANDLE] فشل الرد على 157685597097989: لا يوجد أي مفتاح API مضبوط بالـ Pool
[7/14/2026, 12:08:09] [ERROR] [AI_UNKNOWN] لا يوجد أي مفتاح API مضبوط بالـ Pool
[7/14/2026, 12:08:09] [ERROR] [AI_HANDLE] فشل الرد على 157685597097989: لا يوجد أي مفتاح API مضبوط بالـ Pool
[7/14/2026, 12:08:09] [ERROR] [AI_UNKNOWN] لا يوجد أي مفتاح API مضبوط بالـ Pool
[7/14/2026, 12:08:09] [ERROR] [AI_HANDLE] فشل الرد على 157685597097989: لا يوجد أي مفتاح API مضبوط بالـ Pool
[7/14/2026, 12:08:11] [ERROR] [AI_UNKNOWN] لا يوجد أي مفتاح API مضبوط بالـ Pool
[7/14/2026, 12:08:11] [ERROR] [AI_HANDLE] فشل الرد على 157685597097989: لا يوجد أي مفتاح API مضبوط بالـ Pool
[7/14/2026, 12:08:11] [ERROR] [AI_UNKNOWN] لا يوجد أي مفتاح API مضبوط بالـ Pool
[7/14/2026, 12:08:11] [ERROR] [AI_HANDLE] فشل الرد على 157685597097989: لا يوجد أي مفتاح API مضبوط بالـ Pool
[7/14/2026, 12:08:11] [ERROR] [AI_UNKNOWN] لا يوجد أي مفتاح API مضبوط بالـ Pool
[7/14/2026, 12:08:11] [ERROR] [AI_HANDLE] فشل الرد على 157685597097989: لا يوجد أي مفتاح API مضبوط بالـ Pool
[7/14/2026, 12:08:12] [ERROR] [AI_UNKNOWN] لا يوجد أي مفتاح API مضبوط بالـ Pool
[7/14/2026, 12:08:12] [ERROR] [AI_HANDLE] فشل الرد على 157685597097989: لا يوجد أي مفتاح API مضبوط بالـ Pool
[7/14/2026, 12:08:12] [ERROR] [AI_UNKNOWN] لا يوجد أي مفتاح API مضبوط بالـ Pool
[7/14/2026, 12:08:12] [ERROR] [AI_HANDLE] فشل الرد على 157685597097989: لا يوجد أي مفتاح API مضبوط بالـ Pool
[7/14/2026, 12:08:12] [ERROR] [AI_UNKNOWN] لا يوجد أي مفتاح API مضبوط بالـ Pool
[7/14/2026, 12:08:12] [ERROR] [AI_HANDLE] فشل الرد على 157685597097989: لا يوجد أي مفتاح API مضبوط بالـ Pool
[7/14/2026, 12:27:33] [ERROR] [AI_UNKNOWN] لا يوجد أي مفتاح API مضبوط بالـ Pool
[7/14/2026, 12:27:33] [ERROR] [AI_HANDLE] فشل الرد على 13615096664143: لا يوجد أي مفتاح API مضبوط بالـ Pool
[7/14/2026, 12:27:54] [ERROR] [AI_UNKNOWN] لا يوجد أي مفتاح API مضبوط بالـ Pool
[7/14/2026, 12:27:54] [ERROR] [AI_HANDLE] فشل الرد على 13615096664143: لا يوجد أي مفتاح API مضبوط بالـ Pool
[7/14/2026, 12:28:13] [ERROR] [AI_UNKNOWN] لا يوجد أي مفتاح API مضبوط بالـ Pool
[7/14/2026, 12:28:13] [ERROR] [AI_HANDLE] فشل الرد على 13615096664143: لا يوجد أي مفتاح API مضبوط بالـ Pool
[7/15/2026, 16:26:20] [WARN] [AI_CONFIG] GEMINI_API_KEYS/GEMINI_API_KEY غير موجود في .env — نظام الذكاء الاصطناعي لن يعمل بشكل صحيح.
[7/15/2026, 16:26:58] [ERROR] [AI_UNKNOWN] لا يوجد أي مفتاح API مضبوط بالـ Pool
[7/15/2026, 16:26:58] [ERROR] [AI_HANDLE] فشل الرد على 250590202458293: لا يوجد أي مفتاح API مضبوط بالـ Pool
[7/15/2026, 16:27:06] [ERROR] [AI_UNKNOWN] لا يوجد أي مفتاح API مضبوط بالـ Pool
[7/15/2026, 16:27:06] [ERROR] [AI_HANDLE] فشل الرد على 109694135848990: لا يوجد أي مفتاح API مضبوط بالـ Pool
[7/15/2026, 16:27:17] [ERROR] [AI_UNKNOWN] لا يوجد أي مفتاح API مضبوط بالـ Pool
[7/15/2026, 16:27:17] [ERROR] [AI_HANDLE] فشل الرد على 165785871884440: لا يوجد أي مفتاح API مضبوط بالـ Pool
[7/15/2026, 16:27:17] [ERROR] [AI_UNKNOWN] لا يوجد أي مفتاح API مضبوط بالـ Pool
[7/15/2026, 16:27:17] [ERROR] [AI_HANDLE] فشل الرد على 274848597168198: لا يوجد أي مفتاح API مضبوط بالـ Pool
[7/15/2026, 16:27:17] [ERROR] [AI_UNKNOWN] لا يوجد أي مفتاح API مضبوط بالـ Pool
[7/15/2026, 16:27:17] [ERROR] [AI_HANDLE] فشل الرد على 274848597168198: لا يوجد أي مفتاح API مضبوط بالـ Pool
[7/15/2026, 16:27:17] [ERROR] [AI_UNKNOWN] لا يوجد أي مفتاح API مضبوط بالـ Pool
[7/15/2026, 16:27:17] [ERROR] [AI_HANDLE] فشل الرد على 274848597168198: لا يوجد أي مفتاح API مضبوط بالـ Pool
[7/15/2026, 16:27:18] [ERROR] [AI_UNKNOWN] لا يوجد أي مفتاح API مضبوط بالـ Pool
[7/15/2026, 16:27:18] [ERROR] [AI_HANDLE] فشل الرد على 13615096664143: لا يوجد أي مفتاح API مضبوط بالـ Pool
[7/15/2026, 16:27:19] [ERROR] [AI_UNKNOWN] لا يوجد أي مفتاح API مضبوط بالـ Pool
[7/15/2026, 16:27:19] [ERROR] [AI_HANDLE] فشل الرد على 13615096664143: لا يوجد أي مفتاح API مضبوط بالـ Pool
[7/15/2026, 16:27:19] [ERROR] [AI_UNKNOWN] لا يوجد أي مفتاح API مضبوط بالـ Pool
[7/15/2026, 16:27:19] [ERROR] [AI_HANDLE] فشل الرد على 13615096664143: لا يوجد أي مفتاح API مضبوط بالـ Pool
[7/15/2026, 16:27:19] [ERROR] [AI_UNKNOWN] لا يوجد أي مفتاح API مضبوط بالـ Pool
[7/15/2026, 16:27:19] [ERROR] [AI_HANDLE] فشل الرد على 13615096664143: لا يوجد أي مفتاح API مضبوط بالـ Pool
[7/15/2026, 16:27:33] [ERROR] [AI_UNKNOWN] لا يوجد أي مفتاح API مضبوط بالـ Pool
[7/15/2026, 16:27:33] [ERROR] [AI_HANDLE] فشل الرد على 165785871884440: لا يوجد أي مفتاح API مضبوط بالـ Pool
[7/15/2026, 16:27:33] [ERROR] [AI_UNKNOWN] لا يوجد أي مفتاح API مضبوط بالـ Pool
[7/15/2026, 16:27:33] [ERROR] [AI_HANDLE] فشل الرد على 165785871884440: لا يوجد أي مفتاح API مضبوط بالـ Pool
[7/15/2026, 16:27:33] [ERROR] [AI_UNKNOWN] لا يوجد أي مفتاح API مضبوط بالـ Pool
[7/15/2026, 16:27:33] [ERROR] [AI_HANDLE] فشل الرد على 165785871884440: لا يوجد أي مفتاح API مضبوط بالـ Pool
[7/15/2026, 16:27:33] [ERROR] [AI_UNKNOWN] لا يوجد أي مفتاح API مضبوط بالـ Pool
[7/15/2026, 16:27:33] [ERROR] [AI_HANDLE] فشل الرد على 165785871884440: لا يوجد أي مفتاح API مضبوط بالـ Pool
[7/15/2026, 16:27:34] [ERROR] [AI_UNKNOWN] لا يوجد أي مفتاح API مضبوط بالـ Pool
[7/15/2026, 16:27:34] [ERROR] [AI_HANDLE] فشل الرد على 165785871884440: لا يوجد أي مفتاح API مضبوط بالـ Pool
[7/15/2026, 16:27:34] [ERROR] [AI_UNKNOWN] لا يوجد أي مفتاح API مضبوط بالـ Pool
[7/15/2026, 16:27:34] [ERROR] [AI_HANDLE] فشل الرد على 165785871884440: لا يوجد أي مفتاح API مضبوط بالـ Pool
[7/15/2026, 16:27:35] [ERROR] [AI_UNKNOWN] لا يوجد أي مفتاح API مضبوط بالـ Pool
[7/15/2026, 16:27:35] [ERROR] [AI_HANDLE] فشل الرد على 165785871884440: لا يوجد أي مفتاح API مضبوط بالـ Pool
[7/15/2026, 16:27:35] [ERROR] [AI_UNKNOWN] لا يوجد أي مفتاح API مضبوط بالـ Pool
[7/15/2026, 16:27:35] [ERROR] [AI_HANDLE] فشل الرد على 165785871884440: لا يوجد أي مفتاح API مضبوط بالـ Pool
[7/15/2026, 16:27:35] [ERROR] [AI_UNKNOWN] لا يوجد أي مفتاح API مضبوط بالـ Pool
[7/15/2026, 16:27:35] [ERROR] [AI_HANDLE] فشل الرد على 165785871884440: لا يوجد أي مفتاح API مضبوط بالـ Pool
[7/15/2026, 16:27:35] [ERROR] [AI_UNKNOWN] لا يوجد أي مفتاح API مضبوط بالـ Pool
[7/15/2026, 16:27:35] [ERROR] [AI_HANDLE] فشل الرد على 165785871884440: لا يوجد أي مفتاح API مضبوط بالـ Pool
[7/15/2026, 16:27:36] [ERROR] [AI_UNKNOWN] لا يوجد أي مفتاح API مضبوط بالـ Pool
[7/15/2026, 16:27:36] [ERROR] [AI_HANDLE] فشل الرد على 277545719210123: لا يوجد أي مفتاح API مضبوط بالـ Pool
[7/15/2026, 16:27:36] [ERROR] [AI_UNKNOWN] لا يوجد أي مفتاح API مضبوط بالـ Pool
[7/15/2026, 16:27:36] [ERROR] [AI_HANDLE] فشل الرد على 165785871884440: لا يوجد أي مفتاح API مضبوط بالـ Pool
[7/15/2026, 16:27:36] [ERROR] [AI_UNKNOWN] لا يوجد أي مفتاح API مضبوط بالـ Pool
[7/15/2026, 16:27:36] [ERROR] [AI_HANDLE] فشل الرد على 165785871884440: لا يوجد أي مفتاح API مضبوط بالـ Pool
[7/15/2026, 16:27:36] [ERROR] [AI_UNKNOWN] لا يوجد أي مفتاح API مضبوط بالـ Pool
[7/15/2026, 16:27:36] [ERROR] [AI_HANDLE] فشل الرد على 165785871884440: لا يوجد أي مفتاح API مضبوط بالـ Pool
[7/15/2026, 16:27:36] [ERROR] [AI_UNKNOWN] لا يوجد أي مفتاح API مضبوط بالـ Pool
[7/15/2026, 16:27:36] [ERROR] [AI_HANDLE] فشل الرد على 165785871884440: لا يوجد أي مفتاح API مضبوط بالـ Pool
[7/15/2026, 16:27:36] [ERROR] [AI_UNKNOWN] لا يوجد أي مفتاح API مضبوط بالـ Pool
[7/15/2026, 16:27:36] [ERROR] [AI_HANDLE] فشل الرد على 165785871884440: لا يوجد أي مفتاح API مضبوط بالـ Pool
[7/15/2026, 16:27:37] [ERROR] [AI_UNKNOWN] لا يوجد أي مفتاح API مضبوط بالـ Pool
[7/15/2026, 16:27:37] [ERROR] [AI_HANDLE] فشل الرد على 165785871884440: لا يوجد أي مفتاح API مضبوط بالـ Pool
[7/15/2026, 16:27:37] [ERROR] [AI_UNKNOWN] لا يوجد أي مفتاح API مضبوط بالـ Pool
[7/15/2026, 16:27:37] [ERROR] [AI_HANDLE] فشل الرد على 165785871884440: لا يوجد أي مفتاح API مضبوط بالـ Pool
[7/15/2026, 16:27:37] [ERROR] [AI_UNKNOWN] لا يوجد أي مفتاح API مضبوط بالـ Pool
[7/15/2026, 16:27:37] [ERROR] [AI_HANDLE] فشل الرد على 165785871884440: لا يوجد أي مفتاح API مضبوط بالـ Pool
[7/15/2026, 16:27:37] [ERROR] [AI_UNKNOWN] لا يوجد أي مفتاح API مضبوط بالـ Pool
[7/15/2026, 16:27:37] [ERROR] [AI_HANDLE] فشل الرد على 165785871884440: لا يوجد أي مفتاح API مضبوط بالـ Pool
[7/15/2026, 16:27:37] [ERROR] [AI_UNKNOWN] لا يوجد أي مفتاح API مضبوط بالـ Pool
[7/15/2026, 16:27:37] [ERROR] [AI_HANDLE] فشل الرد على 165785871884440: لا يوجد أي مفتاح API مضبوط بالـ Pool
[7/15/2026, 16:27:37] [ERROR] [AI_UNKNOWN] لا يوجد أي مفتاح API مضبوط بالـ Pool
[7/15/2026, 16:27:37] [ERROR] [AI_HANDLE] فشل الرد على 165785871884440: لا يوجد أي مفتاح API مضبوط بالـ Pool
[7/15/2026, 16:27:37] [ERROR] [AI_UNKNOWN] لا يوجد أي مفتاح API مضبوط بالـ Pool
[7/15/2026, 16:27:37] [ERROR] [AI_HANDLE] فشل الرد على 165785871884440: لا يوجد أي مفتاح API مضبوط بالـ Pool
[7/15/2026, 16:27:37] [ERROR] [AI_UNKNOWN] لا يوجد أي مفتاح API مضبوط بالـ Pool
[7/15/2026, 16:27:37] [ERROR] [AI_HANDLE] فشل الرد على 165785871884440: لا يوجد أي مفتاح API مضبوط بالـ Pool
[7/15/2026, 16:27:37] [ERROR] [AI_UNKNOWN] لا يوجد أي مفتاح API مضبوط بالـ Pool
[7/15/2026, 16:27:37] [ERROR] [AI_HANDLE] فشل الرد على 165785871884440: لا يوجد أي مفتاح API مضبوط بالـ Pool
[7/15/2026, 16:27:37] [ERROR] [AI_UNKNOWN] لا يوجد أي مفتاح API مضبوط بالـ Pool
[7/15/2026, 16:27:37] [ERROR] [AI_HANDLE] فشل الرد على 165785871884440: لا يوجد أي مفتاح API مضبوط بالـ Pool
[7/15/2026, 16:27:37] [ERROR] [AI_UNKNOWN] لا يوجد أي مفتاح API مضبوط بالـ Pool
[7/15/2026, 16:27:37] [ERROR] [AI_HANDLE] فشل الرد على 165785871884440: لا يوجد أي مفتاح API مضبوط بالـ Pool
[7/15/2026, 16:27:37] [ERROR] [AI_UNKNOWN] لا يوجد أي مفتاح API مضبوط بالـ Pool
[7/15/2026, 16:27:37] [ERROR] [AI_HANDLE] فشل الرد على 165785871884440: لا يوجد أي مفتاح API مضبوط بالـ Pool
[7/15/2026, 16:27:37] [ERROR] [AI_UNKNOWN] لا يوجد أي مفتاح API مضبوط بالـ Pool
[7/15/2026, 16:27:37] [ERROR] [AI_HANDLE] فشل الرد على 165785871884440: لا يوجد أي مفتاح API مضبوط بالـ Pool
[7/15/2026, 16:27:37] [ERROR] [AI_UNKNOWN] لا يوجد أي مفتاح API مضبوط بالـ Pool
[7/15/2026, 16:27:37] [ERROR] [AI_HANDLE] فشل الرد على 165785871884440: لا يوجد أي مفتاح API مضبوط بالـ Pool
[7/15/2026, 16:27:37] [ERROR] [AI_UNKNOWN] لا يوجد أي مفتاح API مضبوط بالـ Pool
[7/15/2026, 16:27:37] [ERROR] [AI_HANDLE] فشل الرد على 165785871884440: لا يوجد أي مفتاح API مضبوط بالـ Pool
[7/15/2026, 16:27:37] [ERROR] [AI_UNKNOWN] لا يوجد أي مفتاح API مضبوط بالـ Pool
[7/15/2026, 16:27:37] [ERROR] [AI_HANDLE] فشل الرد على 165785871884440: لا يوجد أي مفتاح API مضبوط بالـ Pool
[7/15/2026, 16:27:37] [ERROR] [AI_UNKNOWN] لا يوجد أي مفتاح API مضبوط بالـ Pool
[7/15/2026, 16:27:37] [ERROR] [AI_HANDLE] فشل الرد على 165785871884440: لا يوجد أي مفتاح API مضبوط بالـ Pool
[7/15/2026, 16:27:38] [ERROR] [AI_UNKNOWN] لا يوجد أي مفتاح API مضبوط بالـ Pool
[7/15/2026, 16:27:38] [ERROR] [AI_HANDLE] فشل الرد على 165785871884440: لا يوجد أي مفتاح API مضبوط بالـ Pool
[7/15/2026, 16:27:38] [ERROR] [AI_UNKNOWN] لا يوجد أي مفتاح API مضبوط بالـ Pool
[7/15/2026, 16:27:38] [ERROR] [AI_HANDLE] فشل الرد على 165785871884440: لا يوجد أي مفتاح API مضبوط بالـ Pool
[7/15/2026, 16:27:38] [ERROR] [AI_UNKNOWN] لا يوجد أي مفتاح API مضبوط بالـ Pool
[7/15/2026, 16:27:38] [ERROR] [AI_HANDLE] فشل الرد على 165785871884440: لا يوجد أي مفتاح API مضبوط بالـ Pool
[7/15/2026, 16:27:38] [ERROR] [AI_UNKNOWN] لا يوجد أي مفتاح API مضبوط بالـ Pool
[7/15/2026, 16:27:38] [ERROR] [AI_HANDLE] فشل الرد على 165785871884440: لا يوجد أي مفتاح API مضبوط بالـ Pool
[7/15/2026, 16:27:38] [ERROR] [AI_UNKNOWN] لا يوجد أي مفتاح API مضبوط بالـ Pool
[7/15/2026, 16:27:38] [ERROR] [AI_HANDLE] فشل الرد على 165785871884440: لا يوجد أي مفتاح API مضبوط بالـ Pool
[7/15/2026, 16:27:40] [ERROR] [AI_UNKNOWN] لا يوجد أي مفتاح API مضبوط بالـ Pool
[7/15/2026, 16:27:40] [ERROR] [AI_HANDLE] فشل الرد على 165785871884440: لا يوجد أي مفتاح API مضبوط بالـ Pool
[7/15/2026, 16:27:40] [ERROR] [AI_UNKNOWN] لا يوجد أي مفتاح API مضبوط بالـ Pool
[7/15/2026, 16:27:40] [ERROR] [AI_HANDLE] فشل الرد على 165785871884440: لا يوجد أي مفتاح API مضبوط بالـ Pool
[7/15/2026, 16:27:40] [ERROR] [AI_UNKNOWN] لا يوجد أي مفتاح API مضبوط بالـ Pool
[7/15/2026, 16:27:40] [ERROR] [AI_HANDLE] فشل الرد على 165785871884440: لا يوجد أي مفتاح API مضبوط بالـ Pool
[7/15/2026, 16:27:40] [ERROR] [AI_UNKNOWN] لا يوجد أي مفتاح API مضبوط بالـ Pool
[7/15/2026, 16:27:40] [ERROR] [AI_HANDLE] فشل الرد على 165785871884440: لا يوجد أي مفتاح API مضبوط بالـ Pool
[7/15/2026, 16:27:40] [ERROR] [AI_UNKNOWN] لا يوجد أي مفتاح API مضبوط بالـ Pool
[7/15/2026, 16:27:40] [ERROR] [AI_HANDLE] فشل الرد على 165785871884440: لا يوجد أي مفتاح API مضبوط بالـ Pool
[7/15/2026, 16:27:40] [ERROR] [AI_UNKNOWN] لا يوجد أي مفتاح API مضبوط بالـ Pool
[7/15/2026, 16:27:40] [ERROR] [AI_HANDLE] فشل الرد على 165785871884440: لا يوجد أي مفتاح API مضبوط بالـ Pool
[7/15/2026, 16:27:40] [ERROR] [AI_UNKNOWN] لا يوجد أي مفتاح API مضبوط بالـ Pool
[7/15/2026, 16:27:40] [ERROR] [AI_HANDLE] فشل الرد على 165785871884440: لا يوجد أي مفتاح API مضبوط بالـ Pool
[7/15/2026, 16:27:40] [ERROR] [AI_UNKNOWN] لا يوجد أي مفتاح API مضبوط بالـ Pool
[7/15/2026, 16:27:40] [ERROR] [AI_HANDLE] فشل الرد على 165785871884440: لا يوجد أي مفتاح API مضبوط بالـ Pool
[7/15/2026, 16:27:40] [ERROR] [AI_UNKNOWN] لا يوجد أي مفتاح API مضبوط بالـ Pool
[7/15/2026, 16:27:40] [ERROR] [AI_HANDLE] فشل الرد على 165785871884440: لا يوجد أي مفتاح API مضبوط بالـ Pool
[7/15/2026, 16:27:42] [ERROR] [AI_UNKNOWN] لا يوجد أي مفتاح API مضبوط بالـ Pool
[7/15/2026, 16:27:42] [ERROR] [AI_HANDLE] فشل الرد على 165785871884440: لا يوجد أي مفتاح API مضبوط بالـ Pool
[7/15/2026, 16:27:45] [ERROR] [AI_UNKNOWN] لا يوجد أي مفتاح API مضبوط بالـ Pool
[7/15/2026, 16:27:45] [ERROR] [AI_HANDLE] فشل الرد على 165785871884440: لا يوجد أي مفتاح API مضبوط بالـ Pool
[7/15/2026, 16:27:45] [ERROR] [AI_UNKNOWN] لا يوجد أي مفتاح API مضبوط بالـ Pool
[7/15/2026, 16:27:45] [ERROR] [AI_HANDLE] فشل الرد على 165785871884440: لا يوجد أي مفتاح API مضبوط بالـ Pool
[7/15/2026, 16:27:47] [ERROR] [AI_UNKNOWN] لا يوجد أي مفتاح API مضبوط بالـ Pool
[7/15/2026, 16:27:47] [ERROR] [AI_HANDLE] فشل الرد على 165785871884440: لا يوجد أي مفتاح API مضبوط بالـ Pool
[7/15/2026, 16:27:47] [ERROR] [AI_UNKNOWN] لا يوجد أي مفتاح API مضبوط بالـ Pool
[7/15/2026, 16:27:47] [ERROR] [AI_HANDLE] فشل الرد على 165785871884440: لا يوجد أي مفتاح API مضبوط بالـ Pool
[7/15/2026, 16:27:50] [ERROR] [AI_UNKNOWN] لا يوجد أي مفتاح API مضبوط بالـ Pool
[7/15/2026, 16:27:50] [ERROR] [AI_HANDLE] فشل الرد على 104556969123980: لا يوجد أي مفتاح API مضبوط بالـ Pool
[7/15/2026, 16:27:50] [ERROR] [AI_UNKNOWN] لا يوجد أي مفتاح API مضبوط بالـ Pool
[7/15/2026, 16:27:50] [ERROR] [AI_HANDLE] فشل الرد على 104556969123980: لا يوجد أي مفتاح API مضبوط بالـ Pool
[7/15/2026, 16:28:17] [ERROR] [AI_UNKNOWN] لا يوجد أي مفتاح API مضبوط بالـ Pool
[7/15/2026, 16:28:17] [ERROR] [AI_HANDLE] فشل الرد على 274410560856110: لا يوجد أي مفتاح API مضبوط بالـ Pool
[7/15/2026, 16:28:17] [ERROR] [AI_UNKNOWN] لا يوجد أي مفتاح API مضبوط بالـ Pool
[7/15/2026, 16:28:17] [ERROR] [AI_HANDLE] فشل الرد على 274410560856110: لا يوجد أي مفتاح API مضبوط بالـ Pool
[7/15/2026, 16:28:18] [ERROR] [AI_UNKNOWN] لا يوجد أي مفتاح API مضبوط بالـ Pool
[7/15/2026, 16:28:18] [ERROR] [AI_HANDLE] فشل الرد على 274410560856110: لا يوجد أي مفتاح API مضبوط بالـ Pool
[7/15/2026, 16:28:18] [ERROR] [AI_UNKNOWN] لا يوجد أي مفتاح API مضبوط بالـ Pool
[7/15/2026, 16:28:18] [ERROR] [AI_HANDLE] فشل الرد على 274410560856110: لا يوجد أي مفتاح API مضبوط بالـ Pool
[7/15/2026, 16:28:48] [ERROR] [AI_UNKNOWN] لا يوجد أي مفتاح API مضبوط بالـ Pool
[7/15/2026, 16:28:48] [ERROR] [AI_HANDLE] فشل الرد على 13615096664143: لا يوجد أي مفتاح API مضبوط بالـ Pool
[7/15/2026, 16:28:48] [ERROR] [AI_UNKNOWN] لا يوجد أي مفتاح API مضبوط بالـ Pool
[7/15/2026, 16:28:48] [ERROR] [AI_HANDLE] فشل الرد على 274848597168198: لا يوجد أي مفتاح API مضبوط بالـ Pool
[7/15/2026, 16:28:48] [ERROR] [AI_UNKNOWN] لا يوجد أي مفتاح API مضبوط بالـ Pool
[7/15/2026, 16:28:48] [ERROR] [AI_HANDLE] فشل الرد على 274848597168198: لا يوجد أي مفتاح API مضبوط بالـ Pool
[7/15/2026, 16:28:48] [ERROR] [AI_UNKNOWN] لا يوجد أي مفتاح API مضبوط بالـ Pool
[7/15/2026, 16:28:48] [ERROR] [AI_HANDLE] فشل الرد على 44608235024530: لا يوجد أي مفتاح API مضبوط بالـ Pool
[7/15/2026, 16:28:48] [ERROR] [AI_UNKNOWN] لا يوجد أي مفتاح API مضبوط بالـ Pool
[7/15/2026, 16:28:48] [ERROR] [AI_HANDLE] فشل الرد على 44608235024530: لا يوجد أي مفتاح API مضبوط بالـ Pool
[7/15/2026, 16:28:48] [ERROR] [AI_UNKNOWN] لا يوجد أي مفتاح API مضبوط بالـ Pool
[7/15/2026, 16:28:48] [ERROR] [AI_HANDLE] فشل الرد على 44608235024530: لا يوجد أي مفتاح API مضبوط بالـ Pool
[7/15/2026, 16:28:48] [ERROR] [AI_UNKNOWN] لا يوجد أي مفتاح API مضبوط بالـ Pool
[7/15/2026, 16:28:48] [ERROR] [AI_HANDLE] فشل الرد على 44608235024530: لا يوجد أي مفتاح API مضبوط بالـ Pool
[7/15/2026, 16:28:48] [ERROR] [AI_UNKNOWN] لا يوجد أي مفتاح API مضبوط بالـ Pool
[7/15/2026, 16:28:48] [ERROR] [AI_HANDLE] فشل الرد على 250590202458293: لا يوجد أي مفتاح API مضبوط بالـ Pool
[7/15/2026, 16:28:48] [ERROR] [AI_UNKNOWN] لا يوجد أي مفتاح API مضبوط بالـ Pool
[7/15/2026, 16:28:48] [ERROR] [AI_HANDLE] فشل الرد على 250590202458293: لا يوجد أي مفتاح API مضبوط بالـ Pool
[7/15/2026, 16:28:49] [ERROR] [AI_UNKNOWN] لا يوجد أي مفتاح API مضبوط بالـ Pool
[7/15/2026, 16:28:49] [ERROR] [AI_HANDLE] فشل الرد على 176863196483832: لا يوجد أي مفتاح API مضبوط بالـ Pool
[7/15/2026, 16:28:49] [ERROR] [AI_UNKNOWN] لا يوجد أي مفتاح API مضبوط بالـ Pool
[7/15/2026, 16:28:49] [ERROR] [AI_HANDLE] فشل الرد على 176863196483832: لا يوجد أي مفتاح API مضبوط بالـ Pool
[7/15/2026, 16:28:49] [ERROR] [AI_UNKNOWN] لا يوجد أي مفتاح API مضبوط بالـ Pool
[7/15/2026, 16:28:49] [ERROR] [AI_HANDLE] فشل الرد على 44608235024530: لا يوجد أي مفتاح API مضبوط بالـ Pool
[7/15/2026, 16:28:49] [ERROR] [AI_UNKNOWN] لا يوجد أي مفتاح API مضبوط بالـ Pool
[7/15/2026, 16:28:49] [ERROR] [AI_HANDLE] فشل الرد على 44608235024530: لا يوجد أي مفتاح API مضبوط بالـ Pool
[7/15/2026, 16:28:49] [ERROR] [AI_UNKNOWN] لا يوجد أي مفتاح API مضبوط بالـ Pool
[7/15/2026, 16:28:49] [ERROR] [AI_HANDLE] فشل الرد على 274848597168198: لا يوجد أي مفتاح API مضبوط بالـ Pool
[7/15/2026, 16:28:49] [ERROR] [AI_UNKNOWN] لا يوجد أي مفتاح API مضبوط بالـ Pool
[7/15/2026, 16:28:49] [ERROR] [AI_HANDLE] فشل الرد على 250590202458293: لا يوجد أي مفتاح API مضبوط بالـ Pool
[7/15/2026, 16:29:09] [ERROR] [AI_UNKNOWN] لا يوجد أي مفتاح API مضبوط بالـ Pool
[7/15/2026, 16:29:09] [ERROR] [AI_HANDLE] فشل الرد على 23975296008196: لا يوجد أي مفتاح API مضبوط بالـ Pool
[7/15/2026, 16:29:13] [ERROR] [AI_UNKNOWN] لا يوجد أي مفتاح API مضبوط بالـ Pool
[7/15/2026, 16:29:13] [ERROR] [AI_HANDLE] فشل الرد على 165785871884440: لا يوجد أي مفتاح API مضبوط بالـ Pool
[7/15/2026, 16:29:13] [ERROR] [AI_UNKNOWN] لا يوجد أي مفتاح API مضبوط بالـ Pool
[7/15/2026, 16:29:13] [ERROR] [AI_HANDLE] فشل الرد على 165785871884440: لا يوجد أي مفتاح API مضبوط بالـ Pool
[7/15/2026, 16:29:15] [ERROR] [AI_UNKNOWN] لا يوجد أي مفتاح API مضبوط بالـ Pool
[7/15/2026, 16:29:15] [ERROR] [AI_HANDLE] فشل الرد على 165785871884440: لا يوجد أي مفتاح API مضبوط بالـ Pool
[7/15/2026, 16:29:15] [ERROR] [AI_UNKNOWN] لا يوجد أي مفتاح API مضبوط بالـ Pool
[7/15/2026, 16:29:15] [ERROR] [AI_HANDLE] فشل الرد على 165785871884440: لا يوجد أي مفتاح API مضبوط بالـ Pool
[7/15/2026, 16:29:21] [ERROR] [AI_UNKNOWN] لا يوجد أي مفتاح API مضبوط بالـ Pool
[7/15/2026, 16:29:21] [ERROR] [AI_HANDLE] فشل الرد على 165785871884440: لا يوجد أي مفتاح API مضبوط بالـ Pool
[7/15/2026, 16:29:23] [ERROR] [AI_UNKNOWN] لا يوجد أي مفتاح API مضبوط بالـ Pool
[7/15/2026, 16:29:23] [ERROR] [AI_HANDLE] فشل الرد على 165785871884440: لا يوجد أي مفتاح API مضبوط بالـ Pool
[7/15/2026, 16:29:34] [ERROR] [AI_UNKNOWN] لا يوجد أي مفتاح API مضبوط بالـ Pool
[7/15/2026, 16:29:34] [ERROR] [AI_HANDLE] فشل الرد على 236425853292574: لا يوجد أي مفتاح API مضبوط بالـ Pool
[7/15/2026, 16:29:34] [ERROR] [AI_UNKNOWN] لا يوجد أي مفتاح API مضبوط بالـ Pool
[7/15/2026, 16:29:34] [ERROR] [AI_HANDLE] فشل الرد على 236425853292574: لا يوجد أي مفتاح API مضبوط بالـ Pool
[7/15/2026, 16:29:37] [ERROR] [AI_UNKNOWN] لا يوجد أي مفتاح API مضبوط بالـ Pool
[7/15/2026, 16:29:37] [ERROR] [AI_HANDLE] فشل الرد على 26409988845722: لا يوجد أي مفتاح API مضبوط بالـ Pool
[7/15/2026, 16:29:38] [ERROR] [AI_UNKNOWN] لا يوجد أي مفتاح API مضبوط بالـ Pool
[7/15/2026, 16:29:38] [ERROR] [AI_HANDLE] فشل الرد على 26409988845722: لا يوجد أي مفتاح API مضبوط بالـ Pool
[7/15/2026, 16:29:38] [ERROR] [AI_UNKNOWN] لا يوجد أي مفتاح API مضبوط بالـ Pool
[7/15/2026, 16:29:38] [ERROR] [AI_HANDLE] فشل الرد على 26409988845722: لا يوجد أي مفتاح API مضبوط بالـ Pool
[7/15/2026, 16:29:38] [ERROR] [AI_UNKNOWN] لا يوجد أي مفتاح API مضبوط بالـ Pool
[7/15/2026, 16:29:38] [ERROR] [AI_HANDLE] فشل الرد على 26409988845722: لا يوجد أي مفتاح API مضبوط بالـ Pool
[7/15/2026, 16:29:39] [ERROR] [AI_UNKNOWN] لا يوجد أي مفتاح API مضبوط بالـ Pool
[7/15/2026, 16:29:39] [ERROR] [AI_HANDLE] فشل الرد على 150556354060421: لا يوجد أي مفتاح API مضبوط بالـ Pool
[7/15/2026, 16:29:41] [ERROR] [AI_UNKNOWN] لا يوجد أي مفتاح API مضبوط بالـ Pool
[7/15/2026, 16:29:41] [ERROR] [AI_HANDLE] فشل الرد على 26409988845722: لا يوجد أي مفتاح API مضبوط بالـ Pool
[7/15/2026, 16:29:42] [ERROR] [AI_UNKNOWN] لا يوجد أي مفتاح API مضبوط بالـ Pool
[7/15/2026, 16:29:42] [ERROR] [AI_HANDLE] فشل الرد على 150556354060421: لا يوجد أي مفتاح API مضبوط بالـ Pool
[7/15/2026, 16:29:43] [ERROR] [AI_UNKNOWN] لا يوجد أي مفتاح API مضبوط بالـ Pool
[7/15/2026, 16:29:43] [ERROR] [AI_HANDLE] فشل الرد على 26409988845722: لا يوجد أي مفتاح API مضبوط بالـ Pool
[7/15/2026, 16:29:47] [ERROR] [AI_UNKNOWN] لا يوجد أي مفتاح API مضبوط بالـ Pool
[7/15/2026, 16:29:47] [ERROR] [AI_HANDLE] فشل الرد على 150556354060421: لا يوجد أي مفتاح API مضبوط بالـ Pool
[7/15/2026, 16:29:47] [ERROR] [AI_UNKNOWN] لا يوجد أي مفتاح API مضبوط بالـ Pool
[7/15/2026, 16:29:47] [ERROR] [AI_HANDLE] فشل الرد على 150556354060421: لا يوجد أي مفتاح API مضبوط بالـ Pool
[7/15/2026, 16:30:16] [ERROR] [AI_UNKNOWN] لا يوجد أي مفتاح API مضبوط بالـ Pool
[7/15/2026, 16:30:16] [ERROR] [AI_HANDLE] فشل الرد على 198122982608910: لا يوجد أي مفتاح API مضبوط بالـ Pool
[7/15/2026, 16:30:16] [ERROR] [AI_UNKNOWN] لا يوجد أي مفتاح API مضبوط بالـ Pool
[7/15/2026, 16:30:16] [ERROR] [AI_HANDLE] فشل الرد على 198122982608910: لا يوجد أي مفتاح API مضبوط بالـ Pool
[7/15/2026, 16:30:16] [ERROR] [AI_UNKNOWN] لا يوجد أي مفتاح API مضبوط بالـ Pool
[7/15/2026, 16:30:16] [ERROR] [AI_HANDLE] فشل الرد على 198122982608910: لا يوجد أي مفتاح API مضبوط بالـ Pool
[7/15/2026, 16:30:17] [ERROR] [AI_UNKNOWN] لا يوجد أي مفتاح API مضبوط بالـ Pool
[7/15/2026, 16:30:17] [ERROR] [AI_HANDLE] فشل الرد على 198122982608910: لا يوجد أي مفتاح API مضبوط بالـ Pool
[7/15/2026, 16:30:19] [ERROR] [AI_UNKNOWN] لا يوجد أي مفتاح API مضبوط بالـ Pool
[7/15/2026, 16:30:19] [ERROR] [AI_HANDLE] فشل الرد على 198122982608910: لا يوجد أي مفتاح API مضبوط بالـ Pool
[7/15/2026, 16:30:19] [ERROR] [AI_UNKNOWN] لا يوجد أي مفتاح API مضبوط بالـ Pool
[7/15/2026, 16:30:19] [ERROR] [AI_HANDLE] فشل الرد على 198122982608910: لا يوجد أي مفتاح API مضبوط بالـ Pool
[7/15/2026, 16:30:20] [ERROR] [AI_UNKNOWN] لا يوجد أي مفتاح API مضبوط بالـ Pool
[7/15/2026, 16:30:20] [ERROR] [AI_HANDLE] فشل الرد على 79217165385966: لا يوجد أي مفتاح API مضبوط بالـ Pool
[7/15/2026, 16:30:20] [ERROR] [AI_UNKNOWN] لا يوجد أي مفتاح API مضبوط بالـ Pool
[7/15/2026, 16:30:20] [ERROR] [AI_HANDLE] فشل الرد على 143834897993907: لا يوجد أي مفتاح API مضبوط بالـ Pool
[7/15/2026, 16:30:20] [ERROR] [AI_UNKNOWN] لا يوجد أي مفتاح API مضبوط بالـ Pool
[7/15/2026, 16:30:20] [ERROR] [AI_HANDLE] فشل الرد على 143834897993907: لا يوجد أي مفتاح API مضبوط بالـ Pool
[7/15/2026, 16:30:20] [ERROR] [AI_UNKNOWN] لا يوجد أي مفتاح API مضبوط بالـ Pool
[7/15/2026, 16:30:20] [ERROR] [AI_HANDLE] فشل الرد على 143834897993907: لا يوجد أي مفتاح API مضبوط بالـ Pool
[7/15/2026, 16:30:22] [ERROR] [AI_UNKNOWN] لا يوجد أي مفتاح API مضبوط بالـ Pool
[7/15/2026, 16:30:22] [ERROR] [AI_HANDLE] فشل الرد على 79217165385966: لا يوجد أي مفتاح API مضبوط بالـ Pool
[7/15/2026, 16:30:22] [ERROR] [AI_UNKNOWN] لا يوجد أي مفتاح API مضبوط بالـ Pool
[7/15/2026, 16:30:22] [ERROR] [AI_HANDLE] فشل الرد على 79217165385966: لا يوجد أي مفتاح API مضبوط بالـ Pool
[7/15/2026, 16:30:42] [ERROR] [AI_UNKNOWN] لا يوجد أي مفتاح API مضبوط بالـ Pool
[7/15/2026, 16:30:42] [ERROR] [AI_HANDLE] فشل الرد على 172495080583230: لا يوجد أي مفتاح API مضبوط بالـ Pool
[7/15/2026, 16:30:42] [ERROR] [AI_UNKNOWN] لا يوجد أي مفتاح API مضبوط بالـ Pool
[7/15/2026, 16:30:42] [ERROR] [AI_HANDLE] فشل الرد على 172495080583230: لا يوجد أي مفتاح API مضبوط بالـ Pool
[7/15/2026, 16:30:43] [ERROR] [AI_UNKNOWN] لا يوجد أي مفتاح API مضبوط بالـ Pool
[7/15/2026, 16:30:43] [ERROR] [AI_HANDLE] فشل الرد على 172495080583230: لا يوجد أي مفتاح API مضبوط بالـ Pool
[7/15/2026, 16:30:43] [ERROR] [AI_UNKNOWN] لا يوجد أي مفتاح API مضبوط بالـ Pool
[7/15/2026, 16:30:43] [ERROR] [AI_HANDLE] فشل الرد على 172495080583230: لا يوجد أي مفتاح API مضبوط بالـ Pool
[7/15/2026, 16:30:43] [ERROR] [AI_UNKNOWN] لا يوجد أي مفتاح API مضبوط بالـ Pool
[7/15/2026, 16:30:43] [ERROR] [AI_HANDLE] فشل الرد على 172495080583230: لا يوجد أي مفتاح API مضبوط بالـ Pool
[7/15/2026, 16:30:43] [ERROR] [AI_UNKNOWN] لا يوجد أي مفتاح API مضبوط بالـ Pool
[7/15/2026, 16:30:43] [ERROR] [AI_HANDLE] فشل الرد على 172495080583230: لا يوجد أي مفتاح API مضبوط بالـ Pool
[7/15/2026, 16:30:43] [ERROR] [AI_UNKNOWN] لا يوجد أي مفتاح API مضبوط بالـ Pool
[7/15/2026, 16:30:43] [ERROR] [AI_HANDLE] فشل الرد على 172495080583230: لا يوجد أي مفتاح API مضبوط بالـ Pool
[7/15/2026, 16:30:43] [ERROR] [AI_UNKNOWN] لا يوجد أي مفتاح API مضبوط بالـ Pool
[7/15/2026, 16:30:43] [ERROR] [AI_HANDLE] فشل الرد على 172495080583230: لا يوجد أي مفتاح API مضبوط بالـ Pool
[7/15/2026, 16:30:46] [ERROR] [AI_UNKNOWN] لا يوجد أي مفتاح API مضبوط بالـ Pool
[7/15/2026, 16:30:46] [ERROR] [AI_HANDLE] فشل الرد على 172495080583230: لا يوجد أي مفتاح API مضبوط بالـ Pool
[7/15/2026, 16:30:46] [ERROR] [AI_UNKNOWN] لا يوجد أي مفتاح API مضبوط بالـ Pool
[7/15/2026, 16:30:46] [ERROR] [AI_HANDLE] فشل الرد على 172495080583230: لا يوجد أي مفتاح API مضبوط بالـ Pool
[7/15/2026, 16:30:46] [ERROR] [AI_UNKNOWN] لا يوجد أي مفتاح API مضبوط بالـ Pool
[7/15/2026, 16:30:46] [ERROR] [AI_HANDLE] فشل الرد على 172495080583230: لا يوجد أي مفتاح API مضبوط بالـ Pool
[7/15/2026, 16:30:46] [ERROR] [AI_UNKNOWN] لا يوجد أي مفتاح API مضبوط بالـ Pool
[7/15/2026, 16:30:46] [ERROR] [AI_HANDLE] فشل الرد على 172495080583230: لا يوجد أي مفتاح API مضبوط بالـ Pool
[7/15/2026, 16:30:46] [ERROR] [AI_UNKNOWN] لا يوجد أي مفتاح API مضبوط بالـ Pool
[7/15/2026, 16:30:46] [ERROR] [AI_HANDLE] فشل الرد على 172495080583230: لا يوجد أي مفتاح API مضبوط بالـ Pool
[7/15/2026, 16:30:47] [ERROR] [AI_UNKNOWN] لا يوجد أي مفتاح API مضبوط بالـ Pool
[7/15/2026, 16:30:47] [ERROR] [AI_HANDLE] فشل الرد على 172495080583230: لا يوجد أي مفتاح API مضبوط بالـ Pool
[7/15/2026, 16:30:48] [ERROR] [AI_UNKNOWN] لا يوجد أي مفتاح API مضبوط بالـ Pool
[7/15/2026, 16:30:48] [ERROR] [AI_HANDLE] فشل الرد على 172495080583230: لا يوجد أي مفتاح API مضبوط بالـ Pool
[7/15/2026, 16:30:48] [ERROR] [AI_UNKNOWN] لا يوجد أي مفتاح API مضبوط بالـ Pool
[7/15/2026, 16:30:48] [ERROR] [AI_HANDLE] فشل الرد على 172495080583230: لا يوجد أي مفتاح API مضبوط بالـ Pool
[7/15/2026, 16:30:48] [ERROR] [AI_UNKNOWN] لا يوجد أي مفتاح API مضبوط بالـ Pool
[7/15/2026, 16:30:48] [ERROR] [AI_HANDLE] فشل الرد على 172495080583230: لا يوجد أي مفتاح API مضبوط بالـ Pool
[7/15/2026, 16:30:48] [ERROR] [AI_UNKNOWN] لا يوجد أي مفتاح API مضبوط بالـ Pool
[7/15/2026, 16:30:48] [ERROR] [AI_HANDLE] فشل الرد على 172495080583230: لا يوجد أي مفتاح API مضبوط بالـ Pool
[7/15/2026, 16:30:48] [ERROR] [AI_UNKNOWN] لا يوجد أي مفتاح API مضبوط بالـ Pool
[7/15/2026, 16:30:48] [ERROR] [AI_HANDLE] فشل الرد على 172495080583230: لا يوجد أي مفتاح API مضبوط بالـ Pool
[7/15/2026, 16:30:48] [ERROR] [AI_UNKNOWN] لا يوجد أي مفتاح API مضبوط بالـ Pool
[7/15/2026, 16:30:48] [ERROR] [AI_HANDLE] فشل الرد على 172495080583230: لا يوجد أي مفتاح API مضبوط بالـ Pool
[7/15/2026, 16:30:49] [ERROR] [AI_UNKNOWN] لا يوجد أي مفتاح API مضبوط بالـ Pool
[7/15/2026, 16:30:49] [ERROR] [AI_HANDLE] فشل الرد على 172495080583230: لا يوجد أي مفتاح API مضبوط بالـ Pool
[7/15/2026, 16:30:49] [ERROR] [AI_UNKNOWN] لا يوجد أي مفتاح API مضبوط بالـ Pool
[7/15/2026, 16:30:49] [ERROR] [AI_HANDLE] فشل الرد على 172495080583230: لا يوجد أي مفتاح API مضبوط بالـ Pool
[7/15/2026, 16:30:49] [ERROR] [AI_UNKNOWN] لا يوجد أي مفتاح API مضبوط بالـ Pool
[7/15/2026, 16:30:49] [ERROR] [AI_HANDLE] فشل الرد على 172495080583230: لا يوجد أي مفتاح API مضبوط بالـ Pool
[7/15/2026, 16:30:49] [ERROR] [AI_UNKNOWN] لا يوجد أي مفتاح API مضبوط بالـ Pool
[7/15/2026, 16:30:49] [ERROR] [AI_HANDLE] فشل الرد على 172495080583230: لا يوجد أي مفتاح API مضبوط بالـ Pool
[7/15/2026, 16:30:49] [ERROR] [AI_UNKNOWN] لا يوجد أي مفتاح API مضبوط بالـ Pool
[7/15/2026, 16:30:49] [ERROR] [AI_HANDLE] فشل الرد على 172495080583230: لا يوجد أي مفتاح API مضبوط بالـ Pool
[7/15/2026, 16:30:49] [ERROR] [AI_UNKNOWN] لا يوجد أي مفتاح API مضبوط بالـ Pool
[7/15/2026, 16:30:49] [ERROR] [AI_HANDLE] فشل الرد على 172495080583230: لا يوجد أي مفتاح API مضبوط بالـ Pool
[7/15/2026, 16:30:50] [ERROR] [AI_UNKNOWN] لا يوجد أي مفتاح API مضبوط بالـ Pool
[7/15/2026, 16:30:50] [ERROR] [AI_HANDLE] فشل الرد على 172495080583230: لا يوجد أي مفتاح API مضبوط بالـ Pool
[7/15/2026, 16:30:50] [ERROR] [AI_UNKNOWN] لا يوجد أي مفتاح API مضبوط بالـ Pool
[7/15/2026, 16:30:50] [ERROR] [AI_HANDLE] فشل الرد على 172495080583230: لا يوجد أي مفتاح API مضبوط بالـ Pool
[7/15/2026, 16:30:50] [ERROR] [AI_UNKNOWN] لا يوجد أي مفتاح API مضبوط بالـ Pool
[7/15/2026, 16:30:50] [ERROR] [AI_HANDLE] فشل الرد على 172495080583230: لا يوجد أي مفتاح API مضبوط بالـ Pool
[7/15/2026, 16:30:51] [ERROR] [AI_UNKNOWN] لا يوجد أي مفتاح API مضبوط بالـ Pool
[7/15/2026, 16:30:51] [ERROR] [AI_HANDLE] فشل الرد على 172495080583230: لا يوجد أي مفتاح API مضبوط بالـ Pool
[7/15/2026, 16:30:51] [ERROR] [AI_UNKNOWN] لا يوجد أي مفتاح API مضبوط بالـ Pool
[7/15/2026, 16:30:51] [ERROR] [AI_HANDLE] فشل الرد على 172495080583230: لا يوجد أي مفتاح API مضبوط بالـ Pool
[7/15/2026, 16:30:51] [ERROR] [AI_UNKNOWN] لا يوجد أي مفتاح API مضبوط بالـ Pool
[7/15/2026, 16:30:51] [ERROR] [AI_HANDLE] فشل الرد على 172495080583230: لا يوجد أي مفتاح API مضبوط بالـ Pool
[7/15/2026, 16:30:51] [ERROR] [AI_UNKNOWN] لا يوجد أي مفتاح API مضبوط بالـ Pool
[7/15/2026, 16:30:51] [ERROR] [AI_HANDLE] فشل الرد على 172495080583230: لا يوجد أي مفتاح API مضبوط بالـ Pool
[7/15/2026, 16:30:51] [ERROR] [AI_UNKNOWN] لا يوجد أي مفتاح API مضبوط بالـ Pool
[7/15/2026, 16:30:51] [ERROR] [AI_HANDLE] فشل الرد على 172495080583230: لا يوجد أي مفتاح API مضبوط بالـ Pool
[7/15/2026, 16:30:52] [ERROR] [AI_UNKNOWN] لا يوجد أي مفتاح API مضبوط بالـ Pool
[7/15/2026, 16:30:52] [ERROR] [AI_HANDLE] فشل الرد على 172495080583230: لا يوجد أي مفتاح API مضبوط بالـ Pool
[7/15/2026, 16:30:52] [ERROR] [AI_UNKNOWN] لا يوجد أي مفتاح API مضبوط بالـ Pool
[7/15/2026, 16:30:52] [ERROR] [AI_HANDLE] فشل الرد على 172495080583230: لا يوجد أي مفتاح API مضبوط بالـ Pool
[7/15/2026, 16:30:52] [ERROR] [AI_UNKNOWN] لا يوجد أي مفتاح API مضبوط بالـ Pool
[7/15/2026, 16:30:52] [ERROR] [AI_HANDLE] فشل الرد على 172495080583230: لا يوجد أي مفتاح API مضبوط بالـ Pool
[7/15/2026, 16:30:53] [ERROR] [AI_UNKNOWN] لا يوجد أي مفتاح API مضبوط بالـ Pool
[7/15/2026, 16:30:53] [ERROR] [AI_HANDLE] فشل الرد على 172495080583230: لا يوجد أي مفتاح API مضبوط بالـ Pool
[7/15/2026, 16:30:53] [ERROR] [AI_UNKNOWN] لا يوجد أي مفتاح API مضبوط بالـ Pool
[7/15/2026, 16:30:53] [ERROR] [AI_HANDLE] فشل الرد على 172495080583230: لا يوجد أي مفتاح API مضبوط بالـ Pool
[7/15/2026, 16:30:54] [ERROR] [AI_UNKNOWN] لا يوجد أي مفتاح API مضبوط بالـ Pool
[7/15/2026, 16:30:54] [ERROR] [AI_HANDLE] فشل الرد على 172495080583230: لا يوجد أي مفتاح API مضبوط بالـ Pool
[7/15/2026, 16:30:54] [ERROR] [AI_UNKNOWN] لا يوجد أي مفتاح API مضبوط بالـ Pool
[7/15/2026, 16:30:54] [ERROR] [AI_HANDLE] فشل الرد على 172495080583230: لا يوجد أي مفتاح API مضبوط بالـ Pool
[7/15/2026, 16:30:54] [ERROR] [AI_UNKNOWN] لا يوجد أي مفتاح API مضبوط بالـ Pool
[7/15/2026, 16:30:54] [ERROR] [AI_HANDLE] فشل الرد على 172495080583230: لا يوجد أي مفتاح API مضبوط بالـ Pool
[7/15/2026, 16:30:55] [ERROR] [AI_UNKNOWN] لا يوجد أي مفتاح API مضبوط بالـ Pool
[7/15/2026, 16:30:55] [ERROR] [AI_HANDLE] فشل الرد على 172495080583230: لا يوجد أي مفتاح API مضبوط بالـ Pool
[7/15/2026, 16:30:55] [ERROR] [AI_UNKNOWN] لا يوجد أي مفتاح API مضبوط بالـ Pool
[7/15/2026, 16:30:55] [ERROR] [AI_HANDLE] فشل الرد على 172495080583230: لا يوجد أي مفتاح API مضبوط بالـ Pool
[7/15/2026, 16:30:56] [ERROR] [AI_UNKNOWN] لا يوجد أي مفتاح API مضبوط بالـ Pool
[7/15/2026, 16:30:56] [ERROR] [AI_HANDLE] فشل الرد على 172495080583230: لا يوجد أي مفتاح API مضبوط بالـ Pool
[7/15/2026, 16:30:56] [ERROR] [AI_UNKNOWN] لا يوجد أي مفتاح API مضبوط بالـ Pool
[7/15/2026, 16:30:56] [ERROR] [AI_HANDLE] فشل الرد على 172495080583230: لا يوجد أي مفتاح API مضبوط بالـ Pool
[7/15/2026, 16:30:57] [ERROR] [AI_UNKNOWN] لا يوجد أي مفتاح API مضبوط بالـ Pool
[7/15/2026, 16:30:57] [ERROR] [AI_HANDLE] فشل الرد على 172495080583230: لا يوجد أي مفتاح API مضبوط بالـ Pool
[7/15/2026, 16:30:59] [ERROR] [AI_UNKNOWN] لا يوجد أي مفتاح API مضبوط بالـ Pool
[7/15/2026, 16:30:59] [ERROR] [AI_HANDLE] فشل الرد على 172495080583230: لا يوجد أي مفتاح API مضبوط بالـ Pool
[7/15/2026, 16:30:59] [ERROR] [AI_UNKNOWN] لا يوجد أي مفتاح API مضبوط بالـ Pool
[7/15/2026, 16:30:59] [ERROR] [AI_HANDLE] فشل الرد على 172495080583230: لا يوجد أي مفتاح API مضبوط بالـ Pool
[7/15/2026, 16:30:59] [ERROR] [AI_UNKNOWN] لا يوجد أي مفتاح API مضبوط بالـ Pool
[7/15/2026, 16:30:59] [ERROR] [AI_HANDLE] فشل الرد على 172495080583230: لا يوجد أي مفتاح API مضبوط بالـ Pool
[7/15/2026, 16:31:00] [ERROR] [AI_UNKNOWN] لا يوجد أي مفتاح API مضبوط بالـ Pool
[7/15/2026, 16:31:00] [ERROR] [AI_HANDLE] فشل الرد على 172495080583230: لا يوجد أي مفتاح API مضبوط بالـ Pool
[7/15/2026, 16:31:00] [ERROR] [AI_UNKNOWN] لا يوجد أي مفتاح API مضبوط بالـ Pool
[7/15/2026, 16:31:00] [ERROR] [AI_HANDLE] فشل الرد على 172495080583230: لا يوجد أي مفتاح API مضبوط بالـ Pool
[7/15/2026, 16:31:00] [ERROR] [AI_UNKNOWN] لا يوجد أي مفتاح API مضبوط بالـ Pool
[7/15/2026, 16:31:00] [ERROR] [AI_HANDLE] فشل الرد على 172495080583230: لا يوجد أي مفتاح API مضبوط بالـ Pool
[7/15/2026, 16:31:00] [ERROR] [AI_UNKNOWN] لا يوجد أي مفتاح API مضبوط بالـ Pool
[7/15/2026, 16:31:00] [ERROR] [AI_HANDLE] فشل الرد على 172495080583230: لا يوجد أي مفتاح API مضبوط بالـ Pool
[7/15/2026, 16:31:00] [ERROR] [AI_UNKNOWN] لا يوجد أي مفتاح API مضبوط بالـ Pool
[7/15/2026, 16:31:00] [ERROR] [AI_HANDLE] فشل الرد على 172495080583230: لا يوجد أي مفتاح API مضبوط بالـ Pool
[7/15/2026, 16:31:00] [ERROR] [AI_UNKNOWN] لا يوجد أي مفتاح API مضبوط بالـ Pool
[7/15/2026, 16:31:00] [ERROR] [AI_HANDLE] فشل الرد على 172495080583230: لا يوجد أي مفتاح API مضبوط بالـ Pool
[7/15/2026, 16:31:01] [ERROR] [AI_UNKNOWN] لا يوجد أي مفتاح API مضبوط بالـ Pool
[7/15/2026, 16:31:01] [ERROR] [AI_HANDLE] فشل الرد على 172495080583230: لا يوجد أي مفتاح API مضبوط بالـ Pool
[7/15/2026, 16:31:02] [ERROR] [AI_UNKNOWN] لا يوجد أي مفتاح API مضبوط بالـ Pool
[7/15/2026, 16:31:02] [ERROR] [AI_HANDLE] فشل الرد على 172495080583230: لا يوجد أي مفتاح API مضبوط بالـ Pool
[7/15/2026, 16:31:02] [ERROR] [AI_UNKNOWN] لا يوجد أي مفتاح API مضبوط بالـ Pool
[7/15/2026, 16:31:02] [ERROR] [AI_HANDLE] فشل الرد على 172495080583230: لا يوجد أي مفتاح API مضبوط بالـ Pool
[7/15/2026, 16:31:02] [ERROR] [AI_UNKNOWN] لا يوجد أي مفتاح API مضبوط بالـ Pool
[7/15/2026, 16:31:02] [ERROR] [AI_HANDLE] فشل الرد على 172495080583230: لا يوجد أي مفتاح API مضبوط بالـ Pool
[7/15/2026, 16:31:02] [ERROR] [AI_UNKNOWN] لا يوجد أي مفتاح API مضبوط بالـ Pool
[7/15/2026, 16:31:02] [ERROR] [AI_HANDLE] فشل الرد على 172495080583230: لا يوجد أي مفتاح API مضبوط بالـ Pool
[7/15/2026, 16:31:02] [ERROR] [AI_UNKNOWN] لا يوجد أي مفتاح API مضبوط بالـ Pool
[7/15/2026, 16:31:02] [ERROR] [AI_HANDLE] فشل الرد على 172495080583230: لا يوجد أي مفتاح API مضبوط بالـ Pool
[7/15/2026, 16:31:02] [ERROR] [AI_UNKNOWN] لا يوجد أي مفتاح API مضبوط بالـ Pool
[7/15/2026, 16:31:02] [ERROR] [AI_HANDLE] فشل الرد على 172495080583230: لا يوجد أي مفتاح API مضبوط بالـ Pool
[7/15/2026, 16:31:02] [ERROR] [AI_UNKNOWN] لا يوجد أي مفتاح API مضبوط بالـ Pool
[7/15/2026, 16:31:02] [ERROR] [AI_HANDLE] فشل الرد على 172495080583230: لا يوجد أي مفتاح API مضبوط بالـ Pool
[7/15/2026, 16:31:02] [ERROR] [AI_UNKNOWN] لا يوجد أي مفتاح API مضبوط بالـ Pool
[7/15/2026, 16:31:02] [ERROR] [AI_HANDLE] فشل الرد على 150556354060421: لا يوجد أي مفتاح API مضبوط بالـ Pool
[7/15/2026, 16:31:02] [ERROR] [AI_UNKNOWN] لا يوجد أي مفتاح API مضبوط بالـ Pool
[7/15/2026, 16:31:02] [ERROR] [AI_HANDLE] فشل الرد على 172495080583230: لا يوجد أي مفتاح API مضبوط بالـ Pool
[7/15/2026, 16:31:02] [ERROR] [AI_UNKNOWN] لا يوجد أي مفتاح API مضبوط بالـ Pool
[7/15/2026, 16:31:02] [ERROR] [AI_HANDLE] فشل الرد على 172495080583230: لا يوجد أي مفتاح API مضبوط بالـ Pool
[7/15/2026, 16:31:03] [ERROR] [AI_UNKNOWN] لا يوجد أي مفتاح API مضبوط بالـ Pool
[7/15/2026, 16:31:03] [ERROR] [AI_HANDLE] فشل الرد على 172495080583230: لا يوجد أي مفتاح API مضبوط بالـ Pool
[7/15/2026, 16:31:03] [ERROR] [AI_UNKNOWN] لا يوجد أي مفتاح API مضبوط بالـ Pool
[7/15/2026, 16:31:03] [ERROR] [AI_HANDLE] فشل الرد على 172495080583230: لا يوجد أي مفتاح API مضبوط بالـ Pool
[7/15/2026, 16:31:03] [ERROR] [AI_UNKNOWN] لا يوجد أي مفتاح API مضبوط بالـ Pool
[7/15/2026, 16:31:03] [ERROR] [AI_HANDLE] فشل الرد على 150556354060421: لا يوجد أي مفتاح API مضبوط بالـ Pool
[7/15/2026, 16:31:03] [ERROR] [AI_UNKNOWN] لا يوجد أي مفتاح API مضبوط بالـ Pool
[7/15/2026, 16:31:03] [ERROR] [AI_HANDLE] فشل الرد على 172495080583230: لا يوجد أي مفتاح API مضبوط بالـ Pool
[7/15/2026, 16:31:03] [ERROR] [AI_UNKNOWN] لا يوجد أي مفتاح API مضبوط بالـ Pool
[7/15/2026, 16:31:03] [ERROR] [AI_HANDLE] فشل الرد على 172495080583230: لا يوجد أي مفتاح API مضبوط بالـ Pool
[7/15/2026, 16:31:03] [ERROR] [AI_UNKNOWN] لا يوجد أي مفتاح API مضبوط بالـ Pool
[7/15/2026, 16:31:03] [ERROR] [AI_HANDLE] فشل الرد على 172495080583230: لا يوجد أي مفتاح API مضبوط بالـ Pool
[7/15/2026, 16:31:03] [ERROR] [AI_UNKNOWN] لا يوجد أي مفتاح API مضبوط بالـ Pool
[7/15/2026, 16:31:03] [ERROR] [AI_HANDLE] فشل الرد على 172495080583230: لا يوجد أي مفتاح API مضبوط بالـ Pool
[7/15/2026, 16:31:05] [ERROR] [AI_UNKNOWN] لا يوجد أي مفتاح API مضبوط بالـ Pool
[7/15/2026, 16:31:05] [ERROR] [AI_HANDLE] فشل الرد على 172495080583230: لا يوجد أي مفتاح API مضبوط بالـ Pool
[7/15/2026, 16:31:05] [ERROR] [AI_UNKNOWN] لا يوجد أي مفتاح API مضبوط بالـ Pool
[7/15/2026, 16:31:05] [ERROR] [AI_HANDLE] فشل الرد على 172495080583230: لا يوجد أي مفتاح API مضبوط بالـ Pool
[7/15/2026, 16:31:05] [ERROR] [AI_UNKNOWN] لا يوجد أي مفتاح API مضبوط بالـ Pool
[7/15/2026, 16:31:05] [ERROR] [AI_HANDLE] فشل الرد على 150556354060421: لا يوجد أي مفتاح API مضبوط بالـ Pool
[7/15/2026, 16:31:05] [ERROR] [AI_UNKNOWN] لا يوجد أي مفتاح API مضبوط بالـ Pool
[7/15/2026, 16:31:05] [ERROR] [AI_HANDLE] فشل الرد على 150556354060421: لا يوجد أي مفتاح API مضبوط بالـ Pool
[7/15/2026, 16:31:05] [ERROR] [AI_UNKNOWN] لا يوجد أي مفتاح API مضبوط بالـ Pool
[7/15/2026, 16:31:05] [ERROR] [AI_HANDLE] فشل الرد على 172495080583230: لا يوجد أي مفتاح API مضبوط بالـ Pool
[7/15/2026, 16:31:06] [ERROR] [AI_UNKNOWN] لا يوجد أي مفتاح API مضبوط بالـ Pool
[7/15/2026, 16:31:06] [ERROR] [AI_HANDLE] فشل الرد على 172495080583230: لا يوجد أي مفتاح API مضبوط بالـ Pool
[7/15/2026, 16:31:06] [ERROR] [AI_UNKNOWN] لا يوجد أي مفتاح API مضبوط بالـ Pool
[7/15/2026, 16:31:06] [ERROR] [AI_HANDLE] فشل الرد على 172495080583230: لا يوجد أي مفتاح API مضبوط بالـ Pool
[7/15/2026, 16:31:07] [ERROR] [AI_UNKNOWN] لا يوجد أي مفتاح API مضبوط بالـ Pool
[7/15/2026, 16:31:07] [ERROR] [AI_HANDLE] فشل الرد على 172495080583230: لا يوجد أي مفتاح API مضبوط بالـ Pool
[7/15/2026, 16:31:07] [ERROR] [AI_UNKNOWN] لا يوجد أي مفتاح API مضبوط بالـ Pool
[7/15/2026, 16:31:07] [ERROR] [AI_HANDLE] فشل الرد على 172495080583230: لا يوجد أي مفتاح API مضبوط بالـ Pool
[7/15/2026, 16:31:15] [ERROR] [AI_UNKNOWN] لا يوجد أي مفتاح API مضبوط بالـ Pool
[7/15/2026, 16:31:15] [ERROR] [AI_HANDLE] فشل الرد على 198122982608910: لا يوجد أي مفتاح API مضبوط بالـ Pool
[7/15/2026, 16:31:19] [ERROR] [AI_UNKNOWN] لا يوجد أي مفتاح API مضبوط بالـ Pool
[7/15/2026, 16:31:19] [ERROR] [AI_HANDLE] فشل الرد على 133947765854386: لا يوجد أي مفتاح API مضبوط بالـ Pool
[7/15/2026, 16:31:19] [ERROR] [AI_UNKNOWN] لا يوجد أي مفتاح API مضبوط بالـ Pool
[7/15/2026, 16:31:19] [ERROR] [AI_HANDLE] فشل الرد على 133947765854386: لا يوجد أي مفتاح API مضبوط بالـ Pool
[7/15/2026, 16:31:19] [ERROR] [AI_UNKNOWN] لا يوجد أي مفتاح API مضبوط بالـ Pool
[7/15/2026, 16:31:19] [ERROR] [AI_HANDLE] فشل الرد على 133947765854386: لا يوجد أي مفتاح API مضبوط بالـ Pool
[7/15/2026, 16:31:19] [ERROR] [AI_UNKNOWN] لا يوجد أي مفتاح API مضبوط بالـ Pool
[7/15/2026, 16:31:19] [ERROR] [AI_HANDLE] فشل الرد على 133947765854386: لا يوجد أي مفتاح API مضبوط بالـ Pool
[7/15/2026, 16:31:19] [ERROR] [AI_UNKNOWN] لا يوجد أي مفتاح API مضبوط بالـ Pool
[7/15/2026, 16:31:19] [ERROR] [AI_HANDLE] فشل الرد على 133947765854386: لا يوجد أي مفتاح API مضبوط بالـ Pool
[7/15/2026, 16:31:21] [ERROR] [AI_UNKNOWN] لا يوجد أي مفتاح API مضبوط بالـ Pool
[7/15/2026, 16:31:21] [ERROR] [AI_HANDLE] فشل الرد على 104556969123980: لا يوجد أي مفتاح API مضبوط بالـ Pool
[7/15/2026, 16:31:22] [ERROR] [AI_UNKNOWN] لا يوجد أي مفتاح API مضبوط بالـ Pool
[7/15/2026, 16:31:22] [ERROR] [AI_HANDLE] فشل الرد على 104556969123980: لا يوجد أي مفتاح API مضبوط بالـ Pool
[7/15/2026, 16:31:22] [ERROR] [AI_UNKNOWN] لا يوجد أي مفتاح API مضبوط بالـ Pool
[7/15/2026, 16:31:22] [ERROR] [AI_HANDLE] فشل الرد على 104556969123980: لا يوجد أي مفتاح API مضبوط بالـ Pool
[7/15/2026, 16:31:31] [ERROR] [AI_UNKNOWN] لا يوجد أي مفتاح API مضبوط بالـ Pool
[7/15/2026, 16:31:31] [ERROR] [AI_HANDLE] فشل الرد على 104556969123980: لا يوجد أي مفتاح API مضبوط بالـ Pool
[7/15/2026, 16:31:31] [ERROR] [AI_UNKNOWN] لا يوجد أي مفتاح API مضبوط بالـ Pool
[7/15/2026, 16:31:31] [ERROR] [AI_HANDLE] فشل الرد على 104556969123980: لا يوجد أي مفتاح API مضبوط بالـ Pool
[7/15/2026, 16:31:31] [ERROR] [AI_UNKNOWN] لا يوجد أي مفتاح API مضبوط بالـ Pool
[7/15/2026, 16:31:31] [ERROR] [AI_HANDLE] فشل الرد على 104556969123980: لا يوجد أي مفتاح API مضبوط بالـ Pool
[7/15/2026, 16:31:32] [ERROR] [AI_UNKNOWN] لا يوجد أي مفتاح API مضبوط بالـ Pool
[7/15/2026, 16:31:32] [ERROR] [AI_HANDLE] فشل الرد على 104556969123980: لا يوجد أي مفتاح API مضبوط بالـ Pool
[7/15/2026, 16:31:32] [ERROR] [AI_UNKNOWN] لا يوجد أي مفتاح API مضبوط بالـ Pool
[7/15/2026, 16:31:32] [ERROR] [AI_HANDLE] فشل الرد على 104556969123980: لا يوجد أي مفتاح API مضبوط بالـ Pool
[7/15/2026, 16:31:32] [ERROR] [AI_UNKNOWN] لا يوجد أي مفتاح API مضبوط بالـ Pool
[7/15/2026, 16:31:32] [ERROR] [AI_HANDLE] فشل الرد على 104556969123980: لا يوجد أي مفتاح API مضبوط بالـ Pool
[7/15/2026, 16:31:32] [ERROR] [AI_UNKNOWN] لا يوجد أي مفتاح API مضبوط بالـ Pool
[7/15/2026, 16:31:32] [ERROR] [AI_HANDLE] فشل الرد على 104556969123980: لا يوجد أي مفتاح API مضبوط بالـ Pool
[7/15/2026, 16:31:33] [ERROR] [AI_UNKNOWN] لا يوجد أي مفتاح API مضبوط بالـ Pool
[7/15/2026, 16:31:33] [ERROR] [AI_HANDLE] فشل الرد على 104556969123980: لا يوجد أي مفتاح API مضبوط بالـ Pool
[7/15/2026, 16:31:33] [ERROR] [AI_UNKNOWN] لا يوجد أي مفتاح API مضبوط بالـ Pool
[7/15/2026, 16:31:33] [ERROR] [AI_HANDLE] فشل الرد على 104556969123980: لا يوجد أي مفتاح API مضبوط بالـ Pool
[7/15/2026, 16:31:33] [ERROR] [AI_UNKNOWN] لا يوجد أي مفتاح API مضبوط بالـ Pool
[7/15/2026, 16:31:33] [ERROR] [AI_HANDLE] فشل الرد على 104556969123980: لا يوجد أي مفتاح API مضبوط بالـ Pool
[7/15/2026, 16:31:33] [ERROR] [AI_UNKNOWN] لا يوجد أي مفتاح API مضبوط بالـ Pool
[7/15/2026, 16:31:33] [ERROR] [AI_HANDLE] فشل الرد على 104556969123980: لا يوجد أي مفتاح API مضبوط بالـ Pool
[7/15/2026, 16:31:33] [ERROR] [AI_UNKNOWN] لا يوجد أي مفتاح API مضبوط بالـ Pool
[7/15/2026, 16:31:33] [ERROR] [AI_HANDLE] فشل الرد على 104556969123980: لا يوجد أي مفتاح API مضبوط بالـ Pool
[7/15/2026, 16:31:33] [ERROR] [AI_UNKNOWN] لا يوجد أي مفتاح API مضبوط بالـ Pool
[7/15/2026, 16:31:33] [ERROR] [AI_HANDLE] فشل الرد على 104556969123980: لا يوجد أي مفتاح API مضبوط بالـ Pool
[7/15/2026, 16:31:33] [ERROR] [AI_UNKNOWN] لا يوجد أي مفتاح API مضبوط بالـ Pool
[7/15/2026, 16:31:33] [ERROR] [AI_HANDLE] فشل الرد على 104556969123980: لا يوجد أي مفتاح API مضبوط بالـ Pool
[7/15/2026, 16:31:34] [ERROR] [AI_UNKNOWN] لا يوجد أي مفتاح API مضبوط بالـ Pool
[7/15/2026, 16:31:34] [ERROR] [AI_HANDLE] فشل الرد على 104556969123980: لا يوجد أي مفتاح API مضبوط بالـ Pool
[7/15/2026, 16:31:34] [ERROR] [AI_UNKNOWN] لا يوجد أي مفتاح API مضبوط بالـ Pool
[7/15/2026, 16:31:34] [ERROR] [AI_HANDLE] فشل الرد على 104556969123980: لا يوجد أي مفتاح API مضبوط بالـ Pool
[7/15/2026, 16:31:34] [ERROR] [AI_UNKNOWN] لا يوجد أي مفتاح API مضبوط بالـ Pool
[7/15/2026, 16:31:34] [ERROR] [AI_HANDLE] فشل الرد على 104556969123980: لا يوجد أي مفتاح API مضبوط بالـ Pool
[7/15/2026, 16:31:35] [ERROR] [AI_UNKNOWN] لا يوجد أي مفتاح API مضبوط بالـ Pool
[7/15/2026, 16:31:35] [ERROR] [AI_HANDLE] فشل الرد على 104556969123980: لا يوجد أي مفتاح API مضبوط بالـ Pool
[7/15/2026, 16:31:35] [ERROR] [AI_UNKNOWN] لا يوجد أي مفتاح API مضبوط بالـ Pool
[7/15/2026, 16:31:35] [ERROR] [AI_HANDLE] فشل الرد على 104556969123980: لا يوجد أي مفتاح API مضبوط بالـ Pool
[7/15/2026, 16:31:35] [ERROR] [AI_UNKNOWN] لا يوجد أي مفتاح API مضبوط بالـ Pool
[7/15/2026, 16:31:35] [ERROR] [AI_HANDLE] فشل الرد على 104556969123980: لا يوجد أي مفتاح API مضبوط بالـ Pool
[7/15/2026, 16:31:35] [ERROR] [AI_UNKNOWN] لا يوجد أي مفتاح API مضبوط بالـ Pool
[7/15/2026, 16:31:35] [ERROR] [AI_HANDLE] فشل الرد على 104556969123980: لا يوجد أي مفتاح API مضبوط بالـ Pool
[7/15/2026, 16:31:35] [ERROR] [AI_UNKNOWN] لا يوجد أي مفتاح API مضبوط بالـ Pool
[7/15/2026, 16:31:35] [ERROR] [AI_HANDLE] فشل الرد على 104556969123980: لا يوجد أي مفتاح API مضبوط بالـ Pool
[7/15/2026, 16:31:35] [ERROR] [AI_UNKNOWN] لا يوجد أي مفتاح API مضبوط بالـ Pool
[7/15/2026, 16:31:35] [ERROR] [AI_HANDLE] فشل الرد على 104556969123980: لا يوجد أي مفتاح API مضبوط بالـ Pool
[7/15/2026, 16:31:35] [ERROR] [AI_UNKNOWN] لا يوجد أي مفتاح API مضبوط بالـ Pool
[7/15/2026, 16:31:35] [ERROR] [AI_HANDLE] فشل الرد على 104556969123980: لا يوجد أي مفتاح API مضبوط بالـ Pool
[7/15/2026, 16:31:36] [ERROR] [AI_UNKNOWN] لا يوجد أي مفتاح API مضبوط بالـ Pool
[7/15/2026, 16:31:36] [ERROR] [AI_HANDLE] فشل الرد على 104556969123980: لا يوجد أي مفتاح API مضبوط بالـ Pool
[7/15/2026, 16:31:37] [ERROR] [AI_UNKNOWN] لا يوجد أي مفتاح API مضبوط بالـ Pool
[7/15/2026, 16:31:37] [ERROR] [AI_HANDLE] فشل الرد على 104556969123980: لا يوجد أي مفتاح API مضبوط بالـ Pool
[7/15/2026, 16:31:40] [ERROR] [AI_UNKNOWN] لا يوجد أي مفتاح API مضبوط بالـ Pool
[7/15/2026, 16:31:40] [ERROR] [AI_HANDLE] فشل الرد على 165785871884440: لا يوجد أي مفتاح API مضبوط بالـ Pool
[7/15/2026, 16:31:40] [ERROR] [AI_UNKNOWN] لا يوجد أي مفتاح API مضبوط بالـ Pool
[7/15/2026, 16:31:40] [ERROR] [AI_HANDLE] فشل الرد على 165785871884440: لا يوجد أي مفتاح API مضبوط بالـ Pool
[7/15/2026, 16:31:40] [ERROR] [AI_UNKNOWN] لا يوجد أي مفتاح API مضبوط بالـ Pool
[7/15/2026, 16:31:40] [ERROR] [AI_HANDLE] فشل الرد على 127939140132919: لا يوجد أي مفتاح API مضبوط بالـ Pool
[7/15/2026, 16:31:40] [ERROR] [AI_UNKNOWN] لا يوجد أي مفتاح API مضبوط بالـ Pool
[7/15/2026, 16:31:40] [ERROR] [AI_HANDLE] فشل الرد على 127939140132919: لا يوجد أي مفتاح API مضبوط بالـ Pool
[7/15/2026, 16:31:40] [ERROR] [AI_UNKNOWN] لا يوجد أي مفتاح API مضبوط بالـ Pool
[7/15/2026, 16:31:40] [ERROR] [AI_HANDLE] فشل الرد على 127939140132919: لا يوجد أي مفتاح API مضبوط بالـ Pool
[7/15/2026, 16:31:42] [ERROR] [AI_UNKNOWN] لا يوجد أي مفتاح API مضبوط بالـ Pool
[7/15/2026, 16:31:42] [ERROR] [AI_HANDLE] فشل الرد على 172495080583230: لا يوجد أي مفتاح API مضبوط بالـ Pool
[7/15/2026, 16:31:42] [ERROR] [AI_UNKNOWN] لا يوجد أي مفتاح API مضبوط بالـ Pool
[7/15/2026, 16:31:42] [ERROR] [AI_HANDLE] فشل الرد على 172495080583230: لا يوجد أي مفتاح API مضبوط بالـ Pool
[7/15/2026, 16:32:24] [ERROR] [AI_UNKNOWN] لا يوجد أي مفتاح API مضبوط بالـ Pool
[7/15/2026, 16:32:24] [ERROR] [AI_HANDLE] فشل الرد على 133947765854386: لا يوجد أي مفتاح API مضبوط بالـ Pool
[7/15/2026, 16:40:51] [ERROR] [AI_UNKNOWN] لا يوجد أي مفتاح API مضبوط بالـ Pool
[7/15/2026, 16:40:51] [ERROR] [AI_HANDLE] فشل الرد على 97341407268963: لا يوجد أي مفتاح API مضبوط بالـ Pool
[7/15/2026, 16:42:40] [ERROR] [AI_UNKNOWN] لا يوجد أي مفتاح API مضبوط بالـ Pool
[7/15/2026, 16:42:40] [ERROR] [AI_HANDLE] فشل الرد على 97341407268963: لا يوجد أي مفتاح API مضبوط بالـ Pool
[7/15/2026, 17:08:24] [ERROR] [AI_UNKNOWN] لا يوجد أي مفتاح API مضبوط بالـ Pool
[7/15/2026, 17:08:24] [ERROR] [AI_HANDLE] فشل الرد على 226924999782614: لا يوجد أي مفتاح API مضبوط بالـ Pool
[7/15/2026, 17:08:26] [ERROR] [AI_UNKNOWN] لا يوجد أي مفتاح API مضبوط بالـ Pool
[7/15/2026, 17:08:26] [ERROR] [AI_HANDLE] فشل الرد على 226924999782614: لا يوجد أي مفتاح API مضبوط بالـ Pool
[7/15/2026, 17:09:21] [ERROR] [AI_UNKNOWN] لا يوجد أي مفتاح API مضبوط بالـ Pool
[7/15/2026, 17:09:21] [ERROR] [AI_HANDLE] فشل الرد على 226924999782614: لا يوجد أي مفتاح API مضبوط بالـ Pool
[7/15/2026, 17:09:30] [ERROR] [AI_UNKNOWN] لا يوجد أي مفتاح API مضبوط بالـ Pool
[7/15/2026, 17:09:30] [ERROR] [AI_HANDLE] فشل الرد على 226924999782614: لا يوجد أي مفتاح API مضبوط بالـ Pool
[7/15/2026, 17:09:58] [ERROR] [AI_UNKNOWN] لا يوجد أي مفتاح API مضبوط بالـ Pool
[7/15/2026, 17:09:58] [ERROR] [AI_HANDLE] فشل الرد على 226924999782614: لا يوجد أي مفتاح API مضبوط بالـ Pool
[7/15/2026, 17:10:05] [ERROR] [AI_UNKNOWN] لا يوجد أي مفتاح API مضبوط بالـ Pool
[7/15/2026, 17:10:05] [ERROR] [AI_HANDLE] فشل الرد على 226924999782614: لا يوجد أي مفتاح API مضبوط بالـ Pool
[7/15/2026, 17:10:22] [ERROR] [AI_UNKNOWN] لا يوجد أي مفتاح API مضبوط بالـ Pool
[7/15/2026, 17:10:22] [ERROR] [AI_HANDLE] فشل الرد على 226924999782614: لا يوجد أي مفتاح API مضبوط بالـ Pool
[7/15/2026, 17:10:29] [ERROR] [AI_UNKNOWN] لا يوجد أي مفتاح API مضبوط بالـ Pool
[7/15/2026, 17:10:29] [ERROR] [AI_HANDLE] فشل الرد على 226924999782614: لا يوجد أي مفتاح API مضبوط بالـ Pool
[7/15/2026, 17:10:36] [ERROR] [AI_UNKNOWN] لا يوجد أي مفتاح API مضبوط بالـ Pool
[7/15/2026, 17:10:36] [ERROR] [AI_HANDLE] فشل الرد على 226924999782614: لا يوجد أي مفتاح API مضبوط بالـ Pool
[7/15/2026, 17:10:59] [ERROR] [AI_UNKNOWN] لا يوجد أي مفتاح API مضبوط بالـ Pool
[7/15/2026, 17:10:59] [ERROR] [AI_HANDLE] فشل الرد على 226924999782614: لا يوجد أي مفتاح API مضبوط بالـ Pool
[7/15/2026, 17:11:10] [ERROR] [AI_UNKNOWN] لا يوجد أي مفتاح API مضبوط بالـ Pool
[7/15/2026, 17:11:10] [ERROR] [AI_HANDLE] فشل الرد على 226924999782614: لا يوجد أي مفتاح API مضبوط بالـ Pool
[7/15/2026, 17:11:18] [ERROR] [AI_UNKNOWN] لا يوجد أي مفتاح API مضبوط بالـ Pool
[7/15/2026, 17:11:18] [ERROR] [AI_HANDLE] فشل الرد على 226924999782614: لا يوجد أي مفتاح API مضبوط بالـ Pool
[7/15/2026, 17:11:42] [ERROR] [AI_UNKNOWN] لا يوجد أي مفتاح API مضبوط بالـ Pool
[7/15/2026, 17:11:42] [ERROR] [AI_HANDLE] فشل الرد على 226924999782614: لا يوجد أي مفتاح API مضبوط بالـ Pool
[7/15/2026, 17:11:46] [ERROR] [AI_UNKNOWN] لا يوجد أي مفتاح API مضبوط بالـ Pool
[7/15/2026, 17:11:46] [ERROR] [AI_HANDLE] فشل الرد على 226924999782614: لا يوجد أي مفتاح API مضبوط بالـ Pool
[7/15/2026, 17:11:53] [ERROR] [AI_UNKNOWN] لا يوجد أي مفتاح API مضبوط بالـ Pool
[7/15/2026, 17:11:53] [ERROR] [AI_HANDLE] فشل الرد على 226924999782614: لا يوجد أي مفتاح API مضبوط بالـ Pool
[7/15/2026, 17:17:22] [ERROR] [AI_UNKNOWN] لا يوجد أي مفتاح API مضبوط بالـ Pool
[7/15/2026, 17:17:22] [ERROR] [AI_HANDLE] فشل الرد على 226924999782614: لا يوجد أي مفتاح API مضبوط بالـ Pool
[7/15/2026, 17:17:38] [ERROR] [AI_UNKNOWN] لا يوجد أي مفتاح API مضبوط بالـ Pool
[7/15/2026, 17:17:38] [ERROR] [AI_HANDLE] فشل الرد على 226924999782614: لا يوجد أي مفتاح API مضبوط بالـ Pool
[7/15/2026, 17:17:40] [ERROR] [AI_UNKNOWN] لا يوجد أي مفتاح API مضبوط بالـ Pool
[7/15/2026, 17:17:40] [ERROR] [AI_HANDLE] فشل الرد على 226924999782614: لا يوجد أي مفتاح API مضبوط بالـ Pool
[7/15/2026, 17:17:44] [ERROR] [AI_UNKNOWN] لا يوجد أي مفتاح API مضبوط بالـ Pool
[7/15/2026, 17:17:44] [ERROR] [AI_HANDLE] فشل الرد على 226924999782614: لا يوجد أي مفتاح API مضبوط بالـ Pool
[7/15/2026, 17:17:49] [ERROR] [AI_UNKNOWN] لا يوجد أي مفتاح API مضبوط بالـ Pool
[7/15/2026, 17:17:49] [ERROR] [AI_HANDLE] فشل الرد على 226924999782614: لا يوجد أي مفتاح API مضبوط بالـ Pool
[7/15/2026, 17:17:56] [ERROR] [AI_UNKNOWN] لا يوجد أي مفتاح API مضبوط بالـ Pool
[7/15/2026, 17:17:56] [ERROR] [AI_HANDLE] فشل الرد على 226924999782614: لا يوجد أي مفتاح API مضبوط بالـ Pool
[7/15/2026, 17:19:03] [ERROR] [AI_UNKNOWN] لا يوجد أي مفتاح API مضبوط بالـ Pool
[7/15/2026, 17:19:03] [ERROR] [AI_HANDLE] فشل الرد على 226924999782614: لا يوجد أي مفتاح API مضبوط بالـ Pool
[7/15/2026, 17:19:27] [ERROR] [AI_UNKNOWN] لا يوجد أي مفتاح API مضبوط بالـ Pool
[7/15/2026, 17:19:27] [ERROR] [AI_HANDLE] فشل الرد على 226924999782614: لا يوجد أي مفتاح API مضبوط بالـ Pool
[7/15/2026, 17:19:33] [ERROR] [AI_UNKNOWN] لا يوجد أي مفتاح API مضبوط بالـ Pool
[7/15/2026, 17:19:33] [ERROR] [AI_HANDLE] فشل الرد على 226924999782614: لا يوجد أي مفتاح API مضبوط بالـ Pool
[7/15/2026, 17:19:46] [ERROR] [AI_UNKNOWN] لا يوجد أي مفتاح API مضبوط بالـ Pool
[7/15/2026, 17:19:46] [ERROR] [AI_HANDLE] فشل الرد على 226924999782614: لا يوجد أي مفتاح API مضبوط بالـ Pool
[7/15/2026, 17:19:53] [ERROR] [AI_UNKNOWN] لا يوجد أي مفتاح API مضبوط بالـ Pool
[7/15/2026, 17:19:53] [ERROR] [AI_HANDLE] فشل الرد على 226924999782614: لا يوجد أي مفتاح API مضبوط بالـ Pool
[7/15/2026, 17:20:22] [ERROR] [AI_UNKNOWN] لا يوجد أي مفتاح API مضبوط بالـ Pool
[7/15/2026, 17:20:22] [ERROR] [AI_HANDLE] فشل الرد على 226924999782614: لا يوجد أي مفتاح API مضبوط بالـ Pool
[7/15/2026, 17:20:24] [ERROR] [AI_UNKNOWN] لا يوجد أي مفتاح API مضبوط بالـ Pool
[7/15/2026, 17:20:24] [ERROR] [AI_HANDLE] فشل الرد على 226924999782614: لا يوجد أي مفتاح API مضبوط بالـ Pool
[7/15/2026, 17:21:01] [ERROR] [AI_UNKNOWN] لا يوجد أي مفتاح API مضبوط بالـ Pool
[7/15/2026, 17:21:01] [ERROR] [AI_HANDLE] فشل الرد على 226924999782614: لا يوجد أي مفتاح API مضبوط بالـ Pool
[7/15/2026, 17:21:54] [ERROR] [AI_UNKNOWN] لا يوجد أي مفتاح API مضبوط بالـ Pool
[7/15/2026, 17:21:54] [ERROR] [AI_HANDLE] فشل الرد على 226924999782614: لا يوجد أي مفتاح API مضبوط بالـ Pool
[7/15/2026, 17:22:02] [ERROR] [AI_UNKNOWN] لا يوجد أي مفتاح API مضبوط بالـ Pool
[7/15/2026, 17:22:02] [ERROR] [AI_HANDLE] فشل الرد على 226924999782614: لا يوجد أي مفتاح API مضبوط بالـ Pool
[7/15/2026, 17:22:39] [ERROR] [AI_UNKNOWN] لا يوجد أي مفتاح API مضبوط بالـ Pool
[7/15/2026, 17:22:39] [ERROR] [AI_HANDLE] فشل الرد على 226924999782614: لا يوجد أي مفتاح API مضبوط بالـ Pool
[7/15/2026, 17:22:40] [ERROR] [AI_UNKNOWN] لا يوجد أي مفتاح API مضبوط بالـ Pool
[7/15/2026, 17:22:40] [ERROR] [AI_HANDLE] فشل الرد على 226924999782614: لا يوجد أي مفتاح API مضبوط بالـ Pool
[7/15/2026, 17:23:27] [ERROR] [AI_UNKNOWN] لا يوجد أي مفتاح API مضبوط بالـ Pool
[7/15/2026, 17:23:27] [ERROR] [AI_HANDLE] فشل الرد على 226924999782614: لا يوجد أي مفتاح API مضبوط بالـ Pool
[7/15/2026, 17:23:31] [ERROR] [AI_UNKNOWN] لا يوجد أي مفتاح API مضبوط بالـ Pool
[7/15/2026, 17:23:31] [ERROR] [AI_HANDLE] فشل الرد على 226924999782614: لا يوجد أي مفتاح API مضبوط بالـ Pool
[7/15/2026, 17:23:48] [ERROR] [AI_UNKNOWN] لا يوجد أي مفتاح API مضبوط بالـ Pool
[7/15/2026, 17:23:48] [ERROR] [AI_HANDLE] فشل الرد على 226924999782614: لا يوجد أي مفتاح API مضبوط بالـ Pool
[7/15/2026, 17:23:59] [ERROR] [AI_UNKNOWN] لا يوجد أي مفتاح API مضبوط بالـ Pool
[7/15/2026, 17:23:59] [ERROR] [AI_HANDLE] فشل الرد على 226924999782614: لا يوجد أي مفتاح API مضبوط بالـ Pool
[7/15/2026, 17:24:06] [ERROR] [AI_UNKNOWN] لا يوجد أي مفتاح API مضبوط بالـ Pool
[7/15/2026, 17:24:06] [ERROR] [AI_HANDLE] فشل الرد على 226924999782614: لا يوجد أي مفتاح API مضبوط بالـ Pool
[7/15/2026, 17:24:10] [ERROR] [AI_UNKNOWN] لا يوجد أي مفتاح API مضبوط بالـ Pool
[7/15/2026, 17:24:10] [ERROR] [AI_HANDLE] فشل الرد على 226924999782614: لا يوجد أي مفتاح API مضبوط بالـ Pool
[7/15/2026, 17:24:16] [ERROR] [AI_UNKNOWN] لا يوجد أي مفتاح API مضبوط بالـ Pool
[7/15/2026, 17:24:16] [ERROR] [AI_HANDLE] فشل الرد على 226924999782614: لا يوجد أي مفتاح API مضبوط بالـ Pool
[7/15/2026, 17:24:25] [ERROR] [AI_UNKNOWN] لا يوجد أي مفتاح API مضبوط بالـ Pool
[7/15/2026, 17:24:25] [ERROR] [AI_HANDLE] فشل الرد على 226924999782614: لا يوجد أي مفتاح API مضبوط بالـ Pool
[7/15/2026, 17:24:30] [ERROR] [AI_UNKNOWN] لا يوجد أي مفتاح API مضبوط بالـ Pool
[7/15/2026, 17:24:30] [ERROR] [AI_HANDLE] فشل الرد على 226924999782614: لا يوجد أي مفتاح API مضبوط بالـ Pool
[7/15/2026, 17:24:42] [ERROR] [AI_UNKNOWN] لا يوجد أي مفتاح API مضبوط بالـ Pool
[7/15/2026, 17:24:42] [ERROR] [AI_HANDLE] فشل الرد على 226924999782614: لا يوجد أي مفتاح API مضبوط بالـ Pool
[7/15/2026, 17:24:48] [ERROR] [AI_UNKNOWN] لا يوجد أي مفتاح API مضبوط بالـ Pool
[7/15/2026, 17:24:48] [ERROR] [AI_HANDLE] فشل الرد على 226924999782614: لا يوجد أي مفتاح API مضبوط بالـ Pool
[7/15/2026, 17:24:55] [ERROR] [AI_UNKNOWN] لا يوجد أي مفتاح API مضبوط بالـ Pool
[7/15/2026, 17:24:55] [ERROR] [AI_HANDLE] فشل الرد على 226924999782614: لا يوجد أي مفتاح API مضبوط بالـ Pool
[7/15/2026, 17:25:14] [ERROR] [AI_UNKNOWN] لا يوجد أي مفتاح API مضبوط بالـ Pool
[7/15/2026, 17:25:14] [ERROR] [AI_HANDLE] فشل الرد على 226924999782614: لا يوجد أي مفتاح API مضبوط بالـ Pool
[7/15/2026, 17:26:03] [ERROR] [AI_UNKNOWN] لا يوجد أي مفتاح API مضبوط بالـ Pool
[7/15/2026, 17:26:03] [ERROR] [AI_HANDLE] فشل الرد على 226924999782614: لا يوجد أي مفتاح API مضبوط بالـ Pool
[7/15/2026, 17:26:05] [ERROR] [AI_UNKNOWN] لا يوجد أي مفتاح API مضبوط بالـ Pool
[7/15/2026, 17:26:05] [ERROR] [AI_HANDLE] فشل الرد على 226924999782614: لا يوجد أي مفتاح API مضبوط بالـ Pool
[7/15/2026, 17:26:08] [ERROR] [AI_UNKNOWN] لا يوجد أي مفتاح API مضبوط بالـ Pool
[7/15/2026, 17:26:08] [ERROR] [AI_HANDLE] فشل الرد على 226924999782614: لا يوجد أي مفتاح API مضبوط بالـ Pool
[7/15/2026, 17:26:19] [ERROR] [AI_UNKNOWN] لا يوجد أي مفتاح API مضبوط بالـ Pool
[7/15/2026, 17:26:19] [ERROR] [AI_HANDLE] فشل الرد على 226924999782614: لا يوجد أي مفتاح API مضبوط بالـ Pool
[7/15/2026, 17:26:26] [ERROR] [AI_UNKNOWN] لا يوجد أي مفتاح API مضبوط بالـ Pool
[7/15/2026, 17:26:26] [ERROR] [AI_HANDLE] فشل الرد على 226924999782614: لا يوجد أي مفتاح API مضبوط بالـ Pool
[7/15/2026, 17:26:31] [ERROR] [AI_UNKNOWN] لا يوجد أي مفتاح API مضبوط بالـ Pool
[7/15/2026, 17:26:31] [ERROR] [AI_HANDLE] فشل الرد على 226924999782614: لا يوجد أي مفتاح API مضبوط بالـ Pool
[7/15/2026, 17:26:36] [ERROR] [AI_UNKNOWN] لا يوجد أي مفتاح API مضبوط بالـ Pool
[7/15/2026, 17:26:36] [ERROR] [AI_HANDLE] فشل الرد على 226924999782614: لا يوجد أي مفتاح API مضبوط بالـ Pool
[7/15/2026, 17:27:33] [ERROR] [AI_UNKNOWN] لا يوجد أي مفتاح API مضبوط بالـ Pool
[7/15/2026, 17:27:33] [ERROR] [AI_HANDLE] فشل الرد على 226924999782614: لا يوجد أي مفتاح API مضبوط بالـ Pool
[7/15/2026, 17:27:37] [ERROR] [AI_UNKNOWN] لا يوجد أي مفتاح API مضبوط بالـ Pool
[7/15/2026, 17:27:37] [ERROR] [AI_HANDLE] فشل الرد على 226924999782614: لا يوجد أي مفتاح API مضبوط بالـ Pool
[7/15/2026, 17:27:43] [ERROR] [AI_UNKNOWN] لا يوجد أي مفتاح API مضبوط بالـ Pool
[7/15/2026, 17:27:43] [ERROR] [AI_HANDLE] فشل الرد على 226924999782614: لا يوجد أي مفتاح API مضبوط بالـ Pool
[7/15/2026, 17:27:44] [ERROR] [AI_UNKNOWN] لا يوجد أي مفتاح API مضبوط بالـ Pool
[7/15/2026, 17:27:44] [ERROR] [AI_HANDLE] فشل الرد على 226924999782614: لا يوجد أي مفتاح API مضبوط بالـ Pool
[7/15/2026, 17:27:49] [ERROR] [AI_UNKNOWN] لا يوجد أي مفتاح API مضبوط بالـ Pool
[7/15/2026, 17:27:49] [ERROR] [AI_HANDLE] فشل الرد على 226924999782614: لا يوجد أي مفتاح API مضبوط بالـ Pool
[7/15/2026, 17:27:59] [ERROR] [AI_UNKNOWN] لا يوجد أي مفتاح API مضبوط بالـ Pool
[7/15/2026, 17:27:59] [ERROR] [AI_HANDLE] فشل الرد على 226924999782614: لا يوجد أي مفتاح API مضبوط بالـ Pool
[7/15/2026, 17:28:08] [ERROR] [AI_UNKNOWN] لا يوجد أي مفتاح API مضبوط بالـ Pool
[7/15/2026, 17:28:08] [ERROR] [AI_HANDLE] فشل الرد على 226924999782614: لا يوجد أي مفتاح API مضبوط بالـ Pool
[7/15/2026, 17:28:21] [ERROR] [AI_UNKNOWN] لا يوجد أي مفتاح API مضبوط بالـ Pool
[7/15/2026, 17:28:21] [ERROR] [AI_HANDLE] فشل الرد على 226924999782614: لا يوجد أي مفتاح API مضبوط بالـ Pool
[7/15/2026, 17:28:38] [ERROR] [AI_UNKNOWN] لا يوجد أي مفتاح API مضبوط بالـ Pool
[7/15/2026, 17:28:38] [ERROR] [AI_HANDLE] فشل الرد على 226924999782614: لا يوجد أي مفتاح API مضبوط بالـ Pool
[7/15/2026, 17:28:54] [ERROR] [AI_UNKNOWN] لا يوجد أي مفتاح API مضبوط بالـ Pool
[7/15/2026, 17:28:54] [ERROR] [AI_HANDLE] فشل الرد على 4471715303558: لا يوجد أي مفتاح API مضبوط بالـ Pool
[7/15/2026, 17:29:04] [ERROR] [AI_UNKNOWN] لا يوجد أي مفتاح API مضبوط بالـ Pool
[7/15/2026, 17:29:04] [ERROR] [AI_HANDLE] فشل الرد على 226924999782614: لا يوجد أي مفتاح API مضبوط بالـ Pool
[7/15/2026, 17:29:27] [ERROR] [AI_UNKNOWN] لا يوجد أي مفتاح API مضبوط بالـ Pool
[7/15/2026, 17:29:27] [ERROR] [AI_HANDLE] فشل الرد على 226924999782614: لا يوجد أي مفتاح API مضبوط بالـ Pool
[7/15/2026, 17:29:53] [ERROR] [AI_UNKNOWN] لا يوجد أي مفتاح API مضبوط بالـ Pool
[7/15/2026, 17:29:53] [ERROR] [AI_HANDLE] فشل الرد على 4471715303558: لا يوجد أي مفتاح API مضبوط بالـ Pool
[7/15/2026, 17:30:37] [ERROR] [AI_UNKNOWN] لا يوجد أي مفتاح API مضبوط بالـ Pool
[7/15/2026, 17:30:37] [ERROR] [AI_HANDLE] فشل الرد على 4471715303558: لا يوجد أي مفتاح API مضبوط بالـ Pool
[7/15/2026, 17:30:43] [ERROR] [AI_UNKNOWN] لا يوجد أي مفتاح API مضبوط بالـ Pool
[7/15/2026, 17:30:43] [ERROR] [AI_HANDLE] فشل الرد على 226924999782614: لا يوجد أي مفتاح API مضبوط بالـ Pool
[7/15/2026, 17:30:47] [ERROR] [AI_UNKNOWN] لا يوجد أي مفتاح API مضبوط بالـ Pool
[7/15/2026, 17:30:47] [ERROR] [AI_HANDLE] فشل الرد على 226924999782614: لا يوجد أي مفتاح API مضبوط بالـ Pool
[7/15/2026, 17:30:49] [ERROR] [AI_UNKNOWN] لا يوجد أي مفتاح API مضبوط بالـ Pool
[7/15/2026, 17:30:49] [ERROR] [AI_HANDLE] فشل الرد على 4471715303558: لا يوجد أي مفتاح API مضبوط بالـ Pool
[7/15/2026, 17:30:57] [ERROR] [AI_UNKNOWN] لا يوجد أي مفتاح API مضبوط بالـ Pool
[7/15/2026, 17:30:57] [ERROR] [AI_HANDLE] فشل الرد على 226924999782614: لا يوجد أي مفتاح API مضبوط بالـ Pool
[7/15/2026, 17:30:59] [ERROR] [AI_UNKNOWN] لا يوجد أي مفتاح API مضبوط بالـ Pool
[7/15/2026, 17:30:59] [ERROR] [AI_HANDLE] فشل الرد على 226924999782614: لا يوجد أي مفتاح API مضبوط بالـ Pool
[7/15/2026, 17:31:10] [ERROR] [AI_UNKNOWN] لا يوجد أي مفتاح API مضبوط بالـ Pool
[7/15/2026, 17:31:10] [ERROR] [AI_HANDLE] فشل الرد على 226924999782614: لا يوجد أي مفتاح API مضبوط بالـ Pool
[7/15/2026, 17:31:18] [ERROR] [AI_UNKNOWN] لا يوجد أي مفتاح API مضبوط بالـ Pool
[7/15/2026, 17:31:18] [ERROR] [AI_HANDLE] فشل الرد على 226924999782614: لا يوجد أي مفتاح API مضبوط بالـ Pool
[7/15/2026, 17:31:43] [ERROR] [AI_UNKNOWN] لا يوجد أي مفتاح API مضبوط بالـ Pool
[7/15/2026, 17:31:43] [ERROR] [AI_HANDLE] فشل الرد على 226924999782614: لا يوجد أي مفتاح API مضبوط بالـ Pool
[7/15/2026, 17:31:48] [ERROR] [AI_UNKNOWN] لا يوجد أي مفتاح API مضبوط بالـ Pool
[7/15/2026, 17:31:48] [ERROR] [AI_HANDLE] فشل الرد على 226924999782614: لا يوجد أي مفتاح API مضبوط بالـ Pool
[7/15/2026, 17:31:49] [ERROR] [AI_UNKNOWN] لا يوجد أي مفتاح API مضبوط بالـ Pool
[7/15/2026, 17:31:49] [ERROR] [AI_HANDLE] فشل الرد على 226924999782614: لا يوجد أي مفتاح API مضبوط بالـ Pool
[7/15/2026, 17:31:55] [ERROR] [AI_UNKNOWN] لا يوجد أي مفتاح API مضبوط بالـ Pool
[7/15/2026, 17:31:55] [ERROR] [AI_HANDLE] فشل الرد على 226924999782614: لا يوجد أي مفتاح API مضبوط بالـ Pool
[7/15/2026, 17:32:00] [ERROR] [AI_UNKNOWN] لا يوجد أي مفتاح API مضبوط بالـ Pool
[7/15/2026, 17:32:00] [ERROR] [AI_HANDLE] فشل الرد على 226924999782614: لا يوجد أي مفتاح API مضبوط بالـ Pool
[7/15/2026, 17:32:04] [ERROR] [AI_UNKNOWN] لا يوجد أي مفتاح API مضبوط بالـ Pool
[7/15/2026, 17:32:04] [ERROR] [AI_HANDLE] فشل الرد على 226924999782614: لا يوجد أي مفتاح API مضبوط بالـ Pool
[7/15/2026, 17:32:26] [ERROR] [AI_UNKNOWN] لا يوجد أي مفتاح API مضبوط بالـ Pool
[7/15/2026, 17:32:26] [ERROR] [AI_HANDLE] فشل الرد على 226924999782614: لا يوجد أي مفتاح API مضبوط بالـ Pool
[7/15/2026, 17:32:31] [ERROR] [AI_UNKNOWN] لا يوجد أي مفتاح API مضبوط بالـ Pool
[7/15/2026, 17:32:31] [ERROR] [AI_HANDLE] فشل الرد على 226924999782614: لا يوجد أي مفتاح API مضبوط بالـ Pool
[7/15/2026, 17:32:34] [ERROR] [AI_UNKNOWN] لا يوجد أي مفتاح API مضبوط بالـ Pool
[7/15/2026, 17:32:34] [ERROR] [AI_HANDLE] فشل الرد على 226924999782614: لا يوجد أي مفتاح API مضبوط بالـ Pool
[7/15/2026, 17:32:58] [ERROR] [AI_UNKNOWN] لا يوجد أي مفتاح API مضبوط بالـ Pool
[7/15/2026, 17:32:58] [ERROR] [AI_HANDLE] فشل الرد على 226924999782614: لا يوجد أي مفتاح API مضبوط بالـ Pool
[7/15/2026, 17:33:01] [ERROR] [AI_UNKNOWN] لا يوجد أي مفتاح API مضبوط بالـ Pool
[7/15/2026, 17:33:01] [ERROR] [AI_HANDLE] فشل الرد على 226924999782614: لا يوجد أي مفتاح API مضبوط بالـ Pool
[7/15/2026, 17:33:07] [ERROR] [AI_UNKNOWN] لا يوجد أي مفتاح API مضبوط بالـ Pool
[7/15/2026, 17:33:07] [ERROR] [AI_HANDLE] فشل الرد على 226924999782614: لا يوجد أي مفتاح API مضبوط بالـ Pool
[7/15/2026, 17:35:27] [ERROR] [AI_UNKNOWN] لا يوجد أي مفتاح API مضبوط بالـ Pool
[7/15/2026, 17:35:27] [ERROR] [AI_HANDLE] فشل الرد على 226924999782614: لا يوجد أي مفتاح API مضبوط بالـ Pool
[7/16/2026, 11:44:32] [WARN] [AI_CONFIG] GEMINI_API_KEYS/GEMINI_API_KEY غير موجود في .env — نظام الذكاء الاصطناعي لن يعمل بشكل صحيح.
[7/16/2026, 11:45:18] [ERROR] [AI_UNKNOWN] لا يوجد أي مفتاح API مضبوط بالـ Pool
[7/16/2026, 11:45:18] [ERROR] [AI_HANDLE] فشل الرد على 44608235024530: لا يوجد أي مفتاح API مضبوط بالـ Pool
[7/16/2026, 11:45:22] [ERROR] [AI_UNKNOWN] لا يوجد أي مفتاح API مضبوط بالـ Pool
[7/16/2026, 11:45:22] [ERROR] [AI_HANDLE] فشل الرد على 114203935383680: لا يوجد أي مفتاح API مضبوط بالـ Pool
[7/16/2026, 11:45:36] [ERROR] [AI_UNKNOWN] لا يوجد أي مفتاح API مضبوط بالـ Pool
[7/16/2026, 11:45:36] [ERROR] [AI_HANDLE] فشل الرد على 226924999782614: لا يوجد أي مفتاح API مضبوط بالـ Pool
[7/16/2026, 11:45:48] [ERROR] [AI_UNKNOWN] لا يوجد أي مفتاح API مضبوط بالـ Pool
[7/16/2026, 11:45:48] [ERROR] [AI_HANDLE] فشل الرد على 111119897243790: لا يوجد أي مفتاح API مضبوط بالـ Pool
[7/16/2026, 11:45:49] [ERROR] [AI_UNKNOWN] لا يوجد أي مفتاح API مضبوط بالـ Pool
[7/16/2026, 11:45:49] [ERROR] [AI_HANDLE] فشل الرد على 111119897243790: لا يوجد أي مفتاح API مضبوط بالـ Pool
[7/16/2026, 11:45:49] [ERROR] [AI_UNKNOWN] لا يوجد أي مفتاح API مضبوط بالـ Pool
[7/16/2026, 11:45:49] [ERROR] [AI_HANDLE] فشل الرد على 111119897243790: لا يوجد أي مفتاح API مضبوط بالـ Pool
[7/16/2026, 11:46:19] [ERROR] [AI_UNKNOWN] لا يوجد أي مفتاح API مضبوط بالـ Pool
[7/16/2026, 11:46:19] [ERROR] [AI_HANDLE] فشل الرد على 198122982608910: لا يوجد أي مفتاح API مضبوط بالـ Pool
[7/16/2026, 11:46:23] [ERROR] [AI_UNKNOWN] لا يوجد أي مفتاح API مضبوط بالـ Pool
[7/16/2026, 11:46:23] [ERROR] [AI_HANDLE] فشل الرد على 111119897243790: لا يوجد أي مفتاح API مضبوط بالـ Pool
[7/16/2026, 11:46:23] [ERROR] [AI_UNKNOWN] لا يوجد أي مفتاح API مضبوط بالـ Pool
[7/16/2026, 11:46:23] [ERROR] [AI_HANDLE] فشل الرد على 111119897243790: لا يوجد أي مفتاح API مضبوط بالـ Pool
[7/16/2026, 11:46:28] [ERROR] [AI_UNKNOWN] لا يوجد أي مفتاح API مضبوط بالـ Pool
[7/16/2026, 11:46:28] [ERROR] [AI_HANDLE] فشل الرد على 111119897243790: لا يوجد أي مفتاح API مضبوط بالـ Pool
[7/16/2026, 11:46:28] [ERROR] [AI_UNKNOWN] لا يوجد أي مفتاح API مضبوط بالـ Pool
[7/16/2026, 11:46:28] [ERROR] [AI_HANDLE] فشل الرد على 111119897243790: لا يوجد أي مفتاح API مضبوط بالـ Pool
[7/16/2026, 11:46:28] [ERROR] [AI_UNKNOWN] لا يوجد أي مفتاح API مضبوط بالـ Pool
[7/16/2026, 11:46:28] [ERROR] [AI_HANDLE] فشل الرد على 111119897243790: لا يوجد أي مفتاح API مضبوط بالـ Pool
[7/16/2026, 11:46:28] [ERROR] [AI_UNKNOWN] لا يوجد أي مفتاح API مضبوط بالـ Pool
[7/16/2026, 11:46:28] [ERROR] [AI_HANDLE] فشل الرد على 111119897243790: لا يوجد أي مفتاح API مضبوط بالـ Pool
[7/16/2026, 11:46:28] [ERROR] [AI_UNKNOWN] لا يوجد أي مفتاح API مضبوط بالـ Pool
[7/16/2026, 11:46:28] [ERROR] [AI_HANDLE] فشل الرد على 111119897243790: لا يوجد أي مفتاح API مضبوط بالـ Pool
[7/16/2026, 11:46:30] [ERROR] [AI_UNKNOWN] لا يوجد أي مفتاح API مضبوط بالـ Pool
[7/16/2026, 11:46:30] [ERROR] [AI_HANDLE] فشل الرد على 111119897243790: لا يوجد أي مفتاح API مضبوط بالـ Pool
[7/16/2026, 11:46:30] [ERROR] [AI_UNKNOWN] لا يوجد أي مفتاح API مضبوط بالـ Pool
[7/16/2026, 11:46:30] [ERROR] [AI_HANDLE] فشل الرد على 111119897243790: لا يوجد أي مفتاح API مضبوط بالـ Pool
[7/16/2026, 11:46:31] [ERROR] [AI_UNKNOWN] لا يوجد أي مفتاح API مضبوط بالـ Pool
[7/16/2026, 11:46:31] [ERROR] [AI_HANDLE] فشل الرد على 111119897243790: لا يوجد أي مفتاح API مضبوط بالـ Pool
[7/16/2026, 11:46:39] [ERROR] [AI_UNKNOWN] لا يوجد أي مفتاح API مضبوط بالـ Pool
[7/16/2026, 11:46:39] [ERROR] [AI_HANDLE] فشل الرد على 127939140132919: لا يوجد أي مفتاح API مضبوط بالـ Pool
[7/16/2026, 11:46:39] [ERROR] [AI_UNKNOWN] لا يوجد أي مفتاح API مضبوط بالـ Pool
[7/16/2026, 11:46:39] [ERROR] [AI_HANDLE] فشل الرد على 127939140132919: لا يوجد أي مفتاح API مضبوط بالـ Pool
[7/16/2026, 11:46:45] [ERROR] [AI_UNKNOWN] لا يوجد أي مفتاح API مضبوط بالـ Pool
[7/16/2026, 11:46:45] [ERROR] [AI_HANDLE] فشل الرد على 160765541626111: لا يوجد أي مفتاح API مضبوط بالـ Pool
[7/16/2026, 11:46:46] [ERROR] [AI_UNKNOWN] لا يوجد أي مفتاح API مضبوط بالـ Pool
[7/16/2026, 11:46:46] [ERROR] [AI_HANDLE] فشل الرد على 109694135848990: لا يوجد أي مفتاح API مضبوط بالـ Pool
[7/16/2026, 11:46:46] [ERROR] [AI_UNKNOWN] لا يوجد أي مفتاح API مضبوط بالـ Pool
[7/16/2026, 11:46:46] [ERROR] [AI_HANDLE] فشل الرد على 160765541626111: لا يوجد أي مفتاح API مضبوط بالـ Pool
[7/16/2026, 11:46:50] [ERROR] [AI_UNKNOWN] لا يوجد أي مفتاح API مضبوط بالـ Pool
[7/16/2026, 11:46:50] [ERROR] [AI_HANDLE] فشل الرد على 127939140132919: لا يوجد أي مفتاح API مضبوط بالـ Pool
[7/16/2026, 11:46:51] [ERROR] [AI_UNKNOWN] لا يوجد أي مفتاح API مضبوط بالـ Pool
[7/16/2026, 11:46:51] [ERROR] [AI_HANDLE] فشل الرد على 127939140132919: لا يوجد أي مفتاح API مضبوط بالـ Pool
[7/16/2026, 11:47:04] [ERROR] [AI_UNKNOWN] لا يوجد أي مفتاح API مضبوط بالـ Pool
[7/16/2026, 11:47:04] [ERROR] [AI_HANDLE] فشل الرد على 127939140132919: لا يوجد أي مفتاح API مضبوط بالـ Pool
[7/16/2026, 11:47:05] [ERROR] [AI_UNKNOWN] لا يوجد أي مفتاح API مضبوط بالـ Pool
[7/16/2026, 11:47:05] [ERROR] [AI_HANDLE] فشل الرد على 127939140132919: لا يوجد أي مفتاح API مضبوط بالـ Pool
[7/16/2026, 11:47:05] [ERROR] [AI_UNKNOWN] لا يوجد أي مفتاح API مضبوط بالـ Pool
[7/16/2026, 11:47:05] [ERROR] [AI_HANDLE] فشل الرد على 127939140132919: لا يوجد أي مفتاح API مضبوط بالـ Pool
[7/16/2026, 11:47:05] [ERROR] [AI_UNKNOWN] لا يوجد أي مفتاح API مضبوط بالـ Pool
[7/16/2026, 11:47:05] [ERROR] [AI_HANDLE] فشل الرد على 127939140132919: لا يوجد أي مفتاح API مضبوط بالـ Pool
[7/16/2026, 11:47:05] [ERROR] [AI_UNKNOWN] لا يوجد أي مفتاح API مضبوط بالـ Pool
[7/16/2026, 11:47:05] [ERROR] [AI_HANDLE] فشل الرد على 127939140132919: لا يوجد أي مفتاح API مضبوط بالـ Pool
[7/16/2026, 11:47:05] [ERROR] [AI_UNKNOWN] لا يوجد أي مفتاح API مضبوط بالـ Pool
[7/16/2026, 11:47:05] [ERROR] [AI_HANDLE] فشل الرد على 127939140132919: لا يوجد أي مفتاح API مضبوط بالـ Pool
[7/16/2026, 11:47:06] [ERROR] [AI_UNKNOWN] لا يوجد أي مفتاح API مضبوط بالـ Pool
[7/16/2026, 11:47:06] [ERROR] [AI_HANDLE] فشل الرد على 127939140132919: لا يوجد أي مفتاح API مضبوط بالـ Pool
[7/16/2026, 11:47:08] [ERROR] [AI_UNKNOWN] لا يوجد أي مفتاح API مضبوط بالـ Pool
[7/16/2026, 11:47:08] [ERROR] [AI_HANDLE] فشل الرد على 127939140132919: لا يوجد أي مفتاح API مضبوط بالـ Pool
[7/16/2026, 11:47:08] [ERROR] [AI_UNKNOWN] لا يوجد أي مفتاح API مضبوط بالـ Pool
[7/16/2026, 11:47:08] [ERROR] [AI_HANDLE] فشل الرد على 127939140132919: لا يوجد أي مفتاح API مضبوط بالـ Pool
[7/16/2026, 11:47:10] [ERROR] [AI_UNKNOWN] لا يوجد أي مفتاح API مضبوط بالـ Pool
[7/16/2026, 11:47:10] [ERROR] [AI_HANDLE] فشل الرد على 127939140132919: لا يوجد أي مفتاح API مضبوط بالـ Pool
[7/16/2026, 11:47:10] [ERROR] [AI_UNKNOWN] لا يوجد أي مفتاح API مضبوط بالـ Pool
[7/16/2026, 11:47:10] [ERROR] [AI_HANDLE] فشل الرد على 127939140132919: لا يوجد أي مفتاح API مضبوط بالـ Pool
[7/16/2026, 11:47:10] [ERROR] [AI_UNKNOWN] لا يوجد أي مفتاح API مضبوط بالـ Pool
[7/16/2026, 11:47:10] [ERROR] [AI_HANDLE] فشل الرد على 127939140132919: لا يوجد أي مفتاح API مضبوط بالـ Pool
[7/16/2026, 11:47:11] [ERROR] [AI_UNKNOWN] لا يوجد أي مفتاح API مضبوط بالـ Pool
[7/16/2026, 11:47:11] [ERROR] [AI_HANDLE] فشل الرد على 127939140132919: لا يوجد أي مفتاح API مضبوط بالـ Pool
[7/16/2026, 11:47:11] [ERROR] [AI_UNKNOWN] لا يوجد أي مفتاح API مضبوط بالـ Pool
[7/16/2026, 11:47:11] [ERROR] [AI_HANDLE] فشل الرد على 127939140132919: لا يوجد أي مفتاح API مضبوط بالـ Pool
[7/16/2026, 11:47:13] [ERROR] [AI_UNKNOWN] لا يوجد أي مفتاح API مضبوط بالـ Pool
[7/16/2026, 11:47:13] [ERROR] [AI_HANDLE] فشل الرد على 127939140132919: لا يوجد أي مفتاح API مضبوط بالـ Pool
[7/16/2026, 11:47:13] [ERROR] [AI_UNKNOWN] لا يوجد أي مفتاح API مضبوط بالـ Pool
[7/16/2026, 11:47:13] [ERROR] [AI_HANDLE] فشل الرد على 127939140132919: لا يوجد أي مفتاح API مضبوط بالـ Pool
[7/16/2026, 11:47:13] [ERROR] [AI_UNKNOWN] لا يوجد أي مفتاح API مضبوط بالـ Pool
[7/16/2026, 11:47:13] [ERROR] [AI_HANDLE] فشل الرد على 127939140132919: لا يوجد أي مفتاح API مضبوط بالـ Pool
[7/16/2026, 11:47:13] [ERROR] [AI_UNKNOWN] لا يوجد أي مفتاح API مضبوط بالـ Pool
[7/16/2026, 11:47:13] [ERROR] [AI_HANDLE] فشل الرد على 127939140132919: لا يوجد أي مفتاح API مضبوط بالـ Pool
[7/16/2026, 11:47:13] [ERROR] [AI_UNKNOWN] لا يوجد أي مفتاح API مضبوط بالـ Pool
[7/16/2026, 11:47:13] [ERROR] [AI_HANDLE] فشل الرد على 127939140132919: لا يوجد أي مفتاح API مضبوط بالـ Pool
[7/16/2026, 11:47:13] [ERROR] [AI_UNKNOWN] لا يوجد أي مفتاح API مضبوط بالـ Pool
[7/16/2026, 11:47:13] [ERROR] [AI_HANDLE] فشل الرد على 127939140132919: لا يوجد أي مفتاح API مضبوط بالـ Pool
[7/16/2026, 11:47:13] [ERROR] [AI_UNKNOWN] لا يوجد أي مفتاح API مضبوط بالـ Pool
[7/16/2026, 11:47:13] [ERROR] [AI_HANDLE] فشل الرد على 127939140132919: لا يوجد أي مفتاح API مضبوط بالـ Pool
[7/16/2026, 11:47:14] [ERROR] [AI_UNKNOWN] لا يوجد أي مفتاح API مضبوط بالـ Pool
[7/16/2026, 11:47:14] [ERROR] [AI_HANDLE] فشل الرد على 127939140132919: لا يوجد أي مفتاح API مضبوط بالـ Pool
[7/16/2026, 11:47:14] [ERROR] [AI_UNKNOWN] لا يوجد أي مفتاح API مضبوط بالـ Pool
[7/16/2026, 11:47:14] [ERROR] [AI_HANDLE] فشل الرد على 127939140132919: لا يوجد أي مفتاح API مضبوط بالـ Pool
[7/16/2026, 11:47:14] [ERROR] [AI_UNKNOWN] لا يوجد أي مفتاح API مضبوط بالـ Pool
[7/16/2026, 11:47:14] [ERROR] [AI_HANDLE] فشل الرد على 127939140132919: لا يوجد أي مفتاح API مضبوط بالـ Pool
[7/16/2026, 11:47:15] [ERROR] [AI_UNKNOWN] لا يوجد أي مفتاح API مضبوط بالـ Pool
[7/16/2026, 11:47:15] [ERROR] [AI_HANDLE] فشل الرد على 127939140132919: لا يوجد أي مفتاح API مضبوط بالـ Pool
[7/16/2026, 11:47:15] [ERROR] [AI_UNKNOWN] لا يوجد أي مفتاح API مضبوط بالـ Pool
[7/16/2026, 11:47:15] [ERROR] [AI_HANDLE] فشل الرد على 127939140132919: لا يوجد أي مفتاح API مضبوط بالـ Pool
[7/16/2026, 11:47:16] [ERROR] [AI_UNKNOWN] لا يوجد أي مفتاح API مضبوط بالـ Pool
[7/16/2026, 11:47:16] [ERROR] [AI_HANDLE] فشل الرد على 127939140132919: لا يوجد أي مفتاح API مضبوط بالـ Pool
[7/16/2026, 11:47:16] [ERROR] [AI_UNKNOWN] لا يوجد أي مفتاح API مضبوط بالـ Pool
[7/16/2026, 11:47:16] [ERROR] [AI_HANDLE] فشل الرد على 127939140132919: لا يوجد أي مفتاح API مضبوط بالـ Pool
[7/16/2026, 11:47:16] [ERROR] [AI_UNKNOWN] لا يوجد أي مفتاح API مضبوط بالـ Pool
[7/16/2026, 11:47:16] [ERROR] [AI_HANDLE] فشل الرد على 127939140132919: لا يوجد أي مفتاح API مضبوط بالـ Pool
[7/16/2026, 11:47:16] [ERROR] [AI_UNKNOWN] لا يوجد أي مفتاح API مضبوط بالـ Pool
[7/16/2026, 11:47:16] [ERROR] [AI_HANDLE] فشل الرد على 127939140132919: لا يوجد أي مفتاح API مضبوط بالـ Pool
[7/16/2026, 11:47:17] [ERROR] [AI_UNKNOWN] لا يوجد أي مفتاح API مضبوط بالـ Pool
[7/16/2026, 11:47:17] [ERROR] [AI_HANDLE] فشل الرد على 127939140132919: لا يوجد أي مفتاح API مضبوط بالـ Pool
[7/16/2026, 11:47:17] [ERROR] [AI_UNKNOWN] لا يوجد أي مفتاح API مضبوط بالـ Pool
[7/16/2026, 11:47:17] [ERROR] [AI_HANDLE] فشل الرد على 127939140132919: لا يوجد أي مفتاح API مضبوط بالـ Pool
[7/16/2026, 11:47:17] [ERROR] [AI_UNKNOWN] لا يوجد أي مفتاح API مضبوط بالـ Pool
[7/16/2026, 11:47:17] [ERROR] [AI_HANDLE] فشل الرد على 127939140132919: لا يوجد أي مفتاح API مضبوط بالـ Pool
[7/16/2026, 11:47:17] [ERROR] [AI_UNKNOWN] لا يوجد أي مفتاح API مضبوط بالـ Pool
[7/16/2026, 11:47:17] [ERROR] [AI_HANDLE] فشل الرد على 127939140132919: لا يوجد أي مفتاح API مضبوط بالـ Pool
[7/16/2026, 11:47:17] [ERROR] [AI_UNKNOWN] لا يوجد أي مفتاح API مضبوط بالـ Pool
[7/16/2026, 11:47:17] [ERROR] [AI_HANDLE] فشل الرد على 127939140132919: لا يوجد أي مفتاح API مضبوط بالـ Pool
[7/16/2026, 11:47:17] [ERROR] [AI_UNKNOWN] لا يوجد أي مفتاح API مضبوط بالـ Pool
[7/16/2026, 11:47:17] [ERROR] [AI_HANDLE] فشل الرد على 127939140132919: لا يوجد أي مفتاح API مضبوط بالـ Pool
[7/16/2026, 11:47:17] [ERROR] [AI_UNKNOWN] لا يوجد أي مفتاح API مضبوط بالـ Pool
[7/16/2026, 11:47:17] [ERROR] [AI_HANDLE] فشل الرد على 127939140132919: لا يوجد أي مفتاح API مضبوط بالـ Pool
[7/16/2026, 11:47:18] [ERROR] [AI_UNKNOWN] لا يوجد أي مفتاح API مضبوط بالـ Pool
[7/16/2026, 11:47:18] [ERROR] [AI_HANDLE] فشل الرد على 127939140132919: لا يوجد أي مفتاح API مضبوط بالـ Pool
[7/16/2026, 11:47:18] [ERROR] [AI_UNKNOWN] لا يوجد أي مفتاح API مضبوط بالـ Pool
[7/16/2026, 11:47:18] [ERROR] [AI_HANDLE] فشل الرد على 127939140132919: لا يوجد أي مفتاح API مضبوط بالـ Pool
[7/16/2026, 11:47:18] [ERROR] [AI_UNKNOWN] لا يوجد أي مفتاح API مضبوط بالـ Pool
[7/16/2026, 11:47:18] [ERROR] [AI_HANDLE] فشل الرد على 127939140132919: لا يوجد أي مفتاح API مضبوط بالـ Pool
[7/16/2026, 11:47:18] [ERROR] [AI_UNKNOWN] لا يوجد أي مفتاح API مضبوط بالـ Pool
[7/16/2026, 11:47:18] [ERROR] [AI_HANDLE] فشل الرد على 127939140132919: لا يوجد أي مفتاح API مضبوط بالـ Pool
[7/16/2026, 11:47:18] [ERROR] [AI_UNKNOWN] لا يوجد أي مفتاح API مضبوط بالـ Pool
[7/16/2026, 11:47:18] [ERROR] [AI_HANDLE] فشل الرد على 127939140132919: لا يوجد أي مفتاح API مضبوط بالـ Pool
[7/16/2026, 11:47:18] [ERROR] [AI_UNKNOWN] لا يوجد أي مفتاح API مضبوط بالـ Pool
[7/16/2026, 11:47:18] [ERROR] [AI_HANDLE] فشل الرد على 127939140132919: لا يوجد أي مفتاح API مضبوط بالـ Pool
[7/16/2026, 11:47:18] [ERROR] [AI_UNKNOWN] لا يوجد أي مفتاح API مضبوط بالـ Pool
[7/16/2026, 11:47:18] [ERROR] [AI_HANDLE] فشل الرد على 127939140132919: لا يوجد أي مفتاح API مضبوط بالـ Pool
[7/16/2026, 11:47:18] [ERROR] [AI_UNKNOWN] لا يوجد أي مفتاح API مضبوط بالـ Pool
[7/16/2026, 11:47:18] [ERROR] [AI_HANDLE] فشل الرد على 127939140132919: لا يوجد أي مفتاح API مضبوط بالـ Pool
[7/16/2026, 11:47:19] [ERROR] [AI_UNKNOWN] لا يوجد أي مفتاح API مضبوط بالـ Pool
[7/16/2026, 11:47:19] [ERROR] [AI_HANDLE] فشل الرد على 127939140132919: لا يوجد أي مفتاح API مضبوط بالـ Pool
[7/16/2026, 11:47:19] [ERROR] [AI_UNKNOWN] لا يوجد أي مفتاح API مضبوط بالـ Pool
[7/16/2026, 11:47:19] [ERROR] [AI_HANDLE] فشل الرد على 127939140132919: لا يوجد أي مفتاح API مضبوط بالـ Pool
[7/16/2026, 11:47:19] [ERROR] [AI_UNKNOWN] لا يوجد أي مفتاح API مضبوط بالـ Pool
[7/16/2026, 11:47:19] [ERROR] [AI_HANDLE] فشل الرد على 127939140132919: لا يوجد أي مفتاح API مضبوط بالـ Pool
[7/16/2026, 11:47:19] [ERROR] [AI_UNKNOWN] لا يوجد أي مفتاح API مضبوط بالـ Pool
[7/16/2026, 11:47:19] [ERROR] [AI_HANDLE] فشل الرد على 127939140132919: لا يوجد أي مفتاح API مضبوط بالـ Pool
[7/16/2026, 11:47:19] [ERROR] [AI_UNKNOWN] لا يوجد أي مفتاح API مضبوط بالـ Pool
[7/16/2026, 11:47:19] [ERROR] [AI_HANDLE] فشل الرد على 127939140132919: لا يوجد أي مفتاح API مضبوط بالـ Pool
[7/16/2026, 11:47:19] [ERROR] [AI_UNKNOWN] لا يوجد أي مفتاح API مضبوط بالـ Pool
[7/16/2026, 11:47:19] [ERROR] [AI_HANDLE] فشل الرد على 127939140132919: لا يوجد أي مفتاح API مضبوط بالـ Pool
[7/16/2026, 11:47:19] [ERROR] [AI_UNKNOWN] لا يوجد أي مفتاح API مضبوط بالـ Pool
[7/16/2026, 11:47:19] [ERROR] [AI_HANDLE] فشل الرد على 127939140132919: لا يوجد أي مفتاح API مضبوط بالـ Pool
[7/16/2026, 11:47:19] [ERROR] [AI_UNKNOWN] لا يوجد أي مفتاح API مضبوط بالـ Pool
[7/16/2026, 11:47:19] [ERROR] [AI_HANDLE] فشل الرد على 127939140132919: لا يوجد أي مفتاح API مضبوط بالـ Pool
[7/16/2026, 11:47:19] [ERROR] [AI_UNKNOWN] لا يوجد أي مفتاح API مضبوط بالـ Pool
[7/16/2026, 11:47:19] [ERROR] [AI_HANDLE] فشل الرد على 127939140132919: لا يوجد أي مفتاح API مضبوط بالـ Pool
[7/16/2026, 11:47:19] [ERROR] [AI_UNKNOWN] لا يوجد أي مفتاح API مضبوط بالـ Pool
[7/16/2026, 11:47:19] [ERROR] [AI_HANDLE] فشل الرد على 127939140132919: لا يوجد أي مفتاح API مضبوط بالـ Pool
[7/16/2026, 11:47:20] [ERROR] [AI_UNKNOWN] لا يوجد أي مفتاح API مضبوط بالـ Pool
[7/16/2026, 11:47:20] [ERROR] [AI_HANDLE] فشل الرد على 127939140132919: لا يوجد أي مفتاح API مضبوط بالـ Pool
[7/16/2026, 11:47:20] [ERROR] [AI_UNKNOWN] لا يوجد أي مفتاح API مضبوط بالـ Pool
[7/16/2026, 11:47:20] [ERROR] [AI_HANDLE] فشل الرد على 127939140132919: لا يوجد أي مفتاح API مضبوط بالـ Pool
[7/16/2026, 11:47:20] [ERROR] [AI_UNKNOWN] لا يوجد أي مفتاح API مضبوط بالـ Pool
[7/16/2026, 11:47:20] [ERROR] [AI_HANDLE] فشل الرد على 127939140132919: لا يوجد أي مفتاح API مضبوط بالـ Pool
[7/16/2026, 11:47:20] [ERROR] [AI_UNKNOWN] لا يوجد أي مفتاح API مضبوط بالـ Pool
[7/16/2026, 11:47:20] [ERROR] [AI_HANDLE] فشل الرد على 127939140132919: لا يوجد أي مفتاح API مضبوط بالـ Pool
[7/16/2026, 11:47:20] [ERROR] [AI_UNKNOWN] لا يوجد أي مفتاح API مضبوط بالـ Pool
[7/16/2026, 11:47:20] [ERROR] [AI_HANDLE] فشل الرد على 127939140132919: لا يوجد أي مفتاح API مضبوط بالـ Pool
[7/16/2026, 11:47:20] [ERROR] [AI_UNKNOWN] لا يوجد أي مفتاح API مضبوط بالـ Pool
[7/16/2026, 11:47:20] [ERROR] [AI_HANDLE] فشل الرد على 127939140132919: لا يوجد أي مفتاح API مضبوط بالـ Pool
[7/16/2026, 11:47:21] [ERROR] [AI_UNKNOWN] لا يوجد أي مفتاح API مضبوط بالـ Pool
[7/16/2026, 11:47:21] [ERROR] [AI_HANDLE] فشل الرد على 127939140132919: لا يوجد أي مفتاح API مضبوط بالـ Pool
[7/16/2026, 11:47:25] [ERROR] [AI_UNKNOWN] لا يوجد أي مفتاح API مضبوط بالـ Pool
[7/16/2026, 11:47:25] [ERROR] [AI_HANDLE] فشل الرد على 127939140132919: لا يوجد أي مفتاح API مضبوط بالـ Pool
[7/16/2026, 11:47:26] [ERROR] [AI_UNKNOWN] لا يوجد أي مفتاح API مضبوط بالـ Pool
[7/16/2026, 11:47:26] [ERROR] [AI_HANDLE] فشل الرد على 127939140132919: لا يوجد أي مفتاح API مضبوط بالـ Pool
[7/16/2026, 11:47:26] [ERROR] [AI_UNKNOWN] لا يوجد أي مفتاح API مضبوط بالـ Pool
[7/16/2026, 11:47:26] [ERROR] [AI_HANDLE] فشل الرد على 127939140132919: لا يوجد أي مفتاح API مضبوط بالـ Pool
[7/16/2026, 11:47:27] [ERROR] [AI_UNKNOWN] لا يوجد أي مفتاح API مضبوط بالـ Pool
[7/16/2026, 11:47:27] [ERROR] [AI_HANDLE] فشل الرد على 127939140132919: لا يوجد أي مفتاح API مضبوط بالـ Pool
[7/16/2026, 11:47:27] [ERROR] [AI_UNKNOWN] لا يوجد أي مفتاح API مضبوط بالـ Pool
[7/16/2026, 11:47:27] [ERROR] [AI_HANDLE] فشل الرد على 127939140132919: لا يوجد أي مفتاح API مضبوط بالـ Pool
[7/16/2026, 11:47:29] [ERROR] [AI_UNKNOWN] لا يوجد أي مفتاح API مضبوط بالـ Pool
[7/16/2026, 11:47:29] [ERROR] [AI_HANDLE] فشل الرد على 236425853292574: لا يوجد أي مفتاح API مضبوط بالـ Pool
[7/16/2026, 11:47:31] [ERROR] [AI_UNKNOWN] لا يوجد أي مفتاح API مضبوط بالـ Pool
[7/16/2026, 11:47:31] [ERROR] [AI_HANDLE] فشل الرد على 236425853292574: لا يوجد أي مفتاح API مضبوط بالـ Pool
[7/16/2026, 11:47:32] [ERROR] [AI_UNKNOWN] لا يوجد أي مفتاح API مضبوط بالـ Pool
[7/16/2026, 11:47:32] [ERROR] [AI_HANDLE] فشل الرد على 97341407268963: لا يوجد أي مفتاح API مضبوط بالـ Pool
[7/16/2026, 11:47:33] [ERROR] [AI_UNKNOWN] لا يوجد أي مفتاح API مضبوط بالـ Pool
[7/16/2026, 11:47:33] [ERROR] [AI_HANDLE] فشل الرد على 97341407268963: لا يوجد أي مفتاح API مضبوط بالـ Pool
[7/16/2026, 11:47:34] [ERROR] [AI_UNKNOWN] لا يوجد أي مفتاح API مضبوط بالـ Pool
[7/16/2026, 11:47:34] [ERROR] [AI_HANDLE] فشل الرد على 97341407268963: لا يوجد أي مفتاح API مضبوط بالـ Pool
[7/16/2026, 11:47:35] [ERROR] [AI_UNKNOWN] لا يوجد أي مفتاح API مضبوط بالـ Pool
[7/16/2026, 11:47:35] [ERROR] [AI_HANDLE] فشل الرد على 97341407268963: لا يوجد أي مفتاح API مضبوط بالـ Pool
[7/16/2026, 11:47:35] [ERROR] [AI_UNKNOWN] لا يوجد أي مفتاح API مضبوط بالـ Pool
[7/16/2026, 11:47:35] [ERROR] [AI_HANDLE] فشل الرد على 97341407268963: لا يوجد أي مفتاح API مضبوط بالـ Pool
[7/16/2026, 11:47:35] [ERROR] [AI_UNKNOWN] لا يوجد أي مفتاح API مضبوط بالـ Pool
[7/16/2026, 11:47:35] [ERROR] [AI_HANDLE] فشل الرد على 97341407268963: لا يوجد أي مفتاح API مضبوط بالـ Pool
[7/16/2026, 11:47:36] [ERROR] [AI_UNKNOWN] لا يوجد أي مفتاح API مضبوط بالـ Pool
[7/16/2026, 11:47:36] [ERROR] [AI_HANDLE] فشل الرد على 97341407268963: لا يوجد أي مفتاح API مضبوط بالـ Pool
[7/16/2026, 11:47:41] [ERROR] [AI_UNKNOWN] لا يوجد أي مفتاح API مضبوط بالـ Pool
[7/16/2026, 11:47:41] [ERROR] [AI_HANDLE] فشل الرد على 127939140132919: لا يوجد أي مفتاح API مضبوط بالـ Pool
[7/16/2026, 11:47:48] [ERROR] [AI_UNKNOWN] لا يوجد أي مفتاح API مضبوط بالـ Pool
[7/16/2026, 11:47:48] [ERROR] [AI_HANDLE] فشل الرد على 123884707782834: لا يوجد أي مفتاح API مضبوط بالـ Pool
[7/16/2026, 11:47:48] [ERROR] [AI_UNKNOWN] لا يوجد أي مفتاح API مضبوط بالـ Pool
[7/16/2026, 11:47:48] [ERROR] [AI_HANDLE] فشل الرد على 123884707782834: لا يوجد أي مفتاح API مضبوط بالـ Pool
[7/16/2026, 11:47:50] [ERROR] [AI_UNKNOWN] لا يوجد أي مفتاح API مضبوط بالـ Pool
[7/16/2026, 11:47:50] [ERROR] [AI_HANDLE] فشل الرد على 15746038034584: لا يوجد أي مفتاح API مضبوط بالـ Pool
[7/16/2026, 11:47:51] [ERROR] [AI_UNKNOWN] لا يوجد أي مفتاح API مضبوط بالـ Pool
[7/16/2026, 11:47:51] [ERROR] [AI_HANDLE] فشل الرد على 205999935865067: لا يوجد أي مفتاح API مضبوط بالـ Pool
[7/16/2026, 11:47:51] [ERROR] [AI_UNKNOWN] لا يوجد أي مفتاح API مضبوط بالـ Pool
[7/16/2026, 11:47:51] [ERROR] [AI_HANDLE] فشل الرد على 97827090903182: لا يوجد أي مفتاح API مضبوط بالـ Pool
[7/16/2026, 11:47:52] [ERROR] [AI_UNKNOWN] لا يوجد أي مفتاح API مضبوط بالـ Pool
[7/16/2026, 11:47:52] [ERROR] [AI_HANDLE] فشل الرد على 97827090903182: لا يوجد أي مفتاح API مضبوط بالـ Pool
[7/16/2026, 11:47:55] [ERROR] [AI_UNKNOWN] لا يوجد أي مفتاح API مضبوط بالـ Pool
[7/16/2026, 11:47:55] [ERROR] [AI_HANDLE] فشل الرد على 26409988845722: لا يوجد أي مفتاح API مضبوط بالـ Pool
[7/16/2026, 11:48:04] [ERROR] [AI_UNKNOWN] لا يوجد أي مفتاح API مضبوط بالـ Pool
[7/16/2026, 11:48:04] [ERROR] [AI_HANDLE] فشل الرد على 123884707782834: لا يوجد أي مفتاح API مضبوط بالـ Pool
[7/16/2026, 11:48:04] [ERROR] [AI_UNKNOWN] لا يوجد أي مفتاح API مضبوط بالـ Pool
[7/16/2026, 11:48:04] [ERROR] [AI_HANDLE] فشل الرد على 123884707782834: لا يوجد أي مفتاح API مضبوط بالـ Pool
[7/16/2026, 11:48:04] [ERROR] [AI_UNKNOWN] لا يوجد أي مفتاح API مضبوط بالـ Pool
[7/16/2026, 11:48:04] [ERROR] [AI_HANDLE] فشل الرد على 123884707782834: لا يوجد أي مفتاح API مضبوط بالـ Pool
[7/16/2026, 11:48:05] [ERROR] [AI_UNKNOWN] لا يوجد أي مفتاح API مضبوط بالـ Pool
[7/16/2026, 11:48:05] [ERROR] [AI_HANDLE] فشل الرد على 123884707782834: لا يوجد أي مفتاح API مضبوط بالـ Pool
[7/16/2026, 11:48:05] [ERROR] [AI_UNKNOWN] لا يوجد أي مفتاح API مضبوط بالـ Pool
[7/16/2026, 11:48:05] [ERROR] [AI_HANDLE] فشل الرد على 123884707782834: لا يوجد أي مفتاح API مضبوط بالـ Pool
[7/16/2026, 11:48:05] [ERROR] [AI_UNKNOWN] لا يوجد أي مفتاح API مضبوط بالـ Pool
[7/16/2026, 11:48:05] [ERROR] [AI_HANDLE] فشل الرد على 123884707782834: لا يوجد أي مفتاح API مضبوط بالـ Pool
[7/16/2026, 11:48:05] [ERROR] [AI_UNKNOWN] لا يوجد أي مفتاح API مضبوط بالـ Pool
[7/16/2026, 11:48:05] [ERROR] [AI_HANDLE] فشل الرد على 123884707782834: لا يوجد أي مفتاح API مضبوط بالـ Pool
[7/16/2026, 11:48:05] [ERROR] [AI_UNKNOWN] لا يوجد أي مفتاح API مضبوط بالـ Pool
[7/16/2026, 11:48:05] [ERROR] [AI_HANDLE] فشل الرد على 123884707782834: لا يوجد أي مفتاح API مضبوط بالـ Pool
[7/16/2026, 11:48:05] [ERROR] [AI_UNKNOWN] لا يوجد أي مفتاح API مضبوط بالـ Pool
[7/16/2026, 11:48:05] [ERROR] [AI_HANDLE] فشل الرد على 123884707782834: لا يوجد أي مفتاح API مضبوط بالـ Pool
[7/16/2026, 11:48:06] [ERROR] [AI_UNKNOWN] لا يوجد أي مفتاح API مضبوط بالـ Pool
[7/16/2026, 11:48:06] [ERROR] [AI_HANDLE] فشل الرد على 123884707782834: لا يوجد أي مفتاح API مضبوط بالـ Pool
[7/16/2026, 11:48:06] [ERROR] [AI_UNKNOWN] لا يوجد أي مفتاح API مضبوط بالـ Pool
[7/16/2026, 11:48:06] [ERROR] [AI_HANDLE] فشل الرد على 123884707782834: لا يوجد أي مفتاح API مضبوط بالـ Pool
[7/16/2026, 11:48:06] [ERROR] [AI_UNKNOWN] لا يوجد أي مفتاح API مضبوط بالـ Pool
[7/16/2026, 11:48:06] [ERROR] [AI_HANDLE] فشل الرد على 123884707782834: لا يوجد أي مفتاح API مضبوط بالـ Pool
[7/16/2026, 11:48:06] [ERROR] [AI_UNKNOWN] لا يوجد أي مفتاح API مضبوط بالـ Pool
[7/16/2026, 11:48:06] [ERROR] [AI_HANDLE] فشل الرد على 123884707782834: لا يوجد أي مفتاح API مضبوط بالـ Pool
[7/16/2026, 11:48:06] [ERROR] [AI_UNKNOWN] لا يوجد أي مفتاح API مضبوط بالـ Pool
[7/16/2026, 11:48:06] [ERROR] [AI_HANDLE] فشل الرد على 123884707782834: لا يوجد أي مفتاح API مضبوط بالـ Pool
[7/16/2026, 11:48:06] [ERROR] [AI_UNKNOWN] لا يوجد أي مفتاح API مضبوط بالـ Pool
[7/16/2026, 11:48:06] [ERROR] [AI_HANDLE] فشل الرد على 123884707782834: لا يوجد أي مفتاح API مضبوط بالـ Pool
[7/16/2026, 11:48:06] [ERROR] [AI_UNKNOWN] لا يوجد أي مفتاح API مضبوط بالـ Pool
[7/16/2026, 11:48:06] [ERROR] [AI_HANDLE] فشل الرد على 123884707782834: لا يوجد أي مفتاح API مضبوط بالـ Pool
[7/16/2026, 11:48:07] [ERROR] [AI_UNKNOWN] لا يوجد أي مفتاح API مضبوط بالـ Pool
[7/16/2026, 11:48:07] [ERROR] [AI_HANDLE] فشل الرد على 123884707782834: لا يوجد أي مفتاح API مضبوط بالـ Pool
[7/16/2026, 11:48:07] [ERROR] [AI_UNKNOWN] لا يوجد أي مفتاح API مضبوط بالـ Pool
[7/16/2026, 11:48:07] [ERROR] [AI_HANDLE] فشل الرد على 123884707782834: لا يوجد أي مفتاح API مضبوط بالـ Pool
[7/16/2026, 11:48:07] [ERROR] [AI_UNKNOWN] لا يوجد أي مفتاح API مضبوط بالـ Pool
[7/16/2026, 11:48:07] [ERROR] [AI_HANDLE] فشل الرد على 123884707782834: لا يوجد أي مفتاح API مضبوط بالـ Pool
[7/16/2026, 11:48:07] [ERROR] [AI_UNKNOWN] لا يوجد أي مفتاح API مضبوط بالـ Pool
[7/16/2026, 11:48:07] [ERROR] [AI_HANDLE] فشل الرد على 123884707782834: لا يوجد أي مفتاح API مضبوط بالـ Pool
[7/16/2026, 11:48:08] [ERROR] [AI_UNKNOWN] لا يوجد أي مفتاح API مضبوط بالـ Pool
[7/16/2026, 11:48:08] [ERROR] [AI_HANDLE] فشل الرد على 123884707782834: لا يوجد أي مفتاح API مضبوط بالـ Pool
[7/16/2026, 11:48:08] [ERROR] [AI_UNKNOWN] لا يوجد أي مفتاح API مضبوط بالـ Pool
[7/16/2026, 11:48:08] [ERROR] [AI_HANDLE] فشل الرد على 123884707782834: لا يوجد أي مفتاح API مضبوط بالـ Pool
[7/16/2026, 11:48:08] [ERROR] [AI_UNKNOWN] لا يوجد أي مفتاح API مضبوط بالـ Pool
[7/16/2026, 11:48:08] [ERROR] [AI_HANDLE] فشل الرد على 123884707782834: لا يوجد أي مفتاح API مضبوط بالـ Pool
[7/16/2026, 11:48:09] [ERROR] [AI_UNKNOWN] لا يوجد أي مفتاح API مضبوط بالـ Pool
[7/16/2026, 11:48:09] [ERROR] [AI_HANDLE] فشل الرد على 123884707782834: لا يوجد أي مفتاح API مضبوط بالـ Pool
[7/16/2026, 11:48:09] [ERROR] [AI_UNKNOWN] لا يوجد أي مفتاح API مضبوط بالـ Pool
[7/16/2026, 11:48:09] [ERROR] [AI_HANDLE] فشل الرد على 123884707782834: لا يوجد أي مفتاح API مضبوط بالـ Pool
[7/16/2026, 11:48:09] [ERROR] [AI_UNKNOWN] لا يوجد أي مفتاح API مضبوط بالـ Pool
[7/16/2026, 11:48:09] [ERROR] [AI_HANDLE] فشل الرد على 123884707782834: لا يوجد أي مفتاح API مضبوط بالـ Pool
[7/16/2026, 11:48:09] [ERROR] [AI_UNKNOWN] لا يوجد أي مفتاح API مضبوط بالـ Pool
[7/16/2026, 11:48:09] [ERROR] [AI_HANDLE] فشل الرد على 123884707782834: لا يوجد أي مفتاح API مضبوط بالـ Pool
[7/16/2026, 11:48:09] [ERROR] [AI_UNKNOWN] لا يوجد أي مفتاح API مضبوط بالـ Pool
[7/16/2026, 11:48:09] [ERROR] [AI_HANDLE] فشل الرد على 123884707782834: لا يوجد أي مفتاح API مضبوط بالـ Pool
[7/16/2026, 11:48:09] [ERROR] [AI_UNKNOWN] لا يوجد أي مفتاح API مضبوط بالـ Pool
[7/16/2026, 11:48:09] [ERROR] [AI_HANDLE] فشل الرد على 123884707782834: لا يوجد أي مفتاح API مضبوط بالـ Pool
[7/16/2026, 11:48:09] [ERROR] [AI_UNKNOWN] لا يوجد أي مفتاح API مضبوط بالـ Pool
[7/16/2026, 11:48:09] [ERROR] [AI_HANDLE] فشل الرد على 123884707782834: لا يوجد أي مفتاح API مضبوط بالـ Pool
[7/16/2026, 11:48:10] [ERROR] [AI_UNKNOWN] لا يوجد أي مفتاح API مضبوط بالـ Pool
[7/16/2026, 11:48:10] [ERROR] [AI_HANDLE] فشل الرد على 123884707782834: لا يوجد أي مفتاح API مضبوط بالـ Pool
[7/16/2026, 11:48:10] [ERROR] [AI_UNKNOWN] لا يوجد أي مفتاح API مضبوط بالـ Pool
[7/16/2026, 11:48:10] [ERROR] [AI_HANDLE] فشل الرد على 123884707782834: لا يوجد أي مفتاح API مضبوط بالـ Pool
[7/16/2026, 11:48:10] [ERROR] [AI_UNKNOWN] لا يوجد أي مفتاح API مضبوط بالـ Pool
[7/16/2026, 11:48:10] [ERROR] [AI_HANDLE] فشل الرد على 123884707782834: لا يوجد أي مفتاح API مضبوط بالـ Pool
[7/16/2026, 11:48:10] [ERROR] [AI_UNKNOWN] لا يوجد أي مفتاح API مضبوط بالـ Pool
[7/16/2026, 11:48:10] [ERROR] [AI_HANDLE] فشل الرد على 123884707782834: لا يوجد أي مفتاح API مضبوط بالـ Pool
[7/16/2026, 11:48:10] [ERROR] [AI_UNKNOWN] لا يوجد أي مفتاح API مضبوط بالـ Pool
[7/16/2026, 11:48:10] [ERROR] [AI_HANDLE] فشل الرد على 123884707782834: لا يوجد أي مفتاح API مضبوط بالـ Pool
[7/16/2026, 11:48:10] [ERROR] [AI_UNKNOWN] لا يوجد أي مفتاح API مضبوط بالـ Pool
[7/16/2026, 11:48:10] [ERROR] [AI_HANDLE] فشل الرد على 123884707782834: لا يوجد أي مفتاح API مضبوط بالـ Pool
[7/16/2026, 11:48:10] [ERROR] [AI_UNKNOWN] لا يوجد أي مفتاح API مضبوط بالـ Pool
[7/16/2026, 11:48:10] [ERROR] [AI_HANDLE] فشل الرد على 123884707782834: لا يوجد أي مفتاح API مضبوط بالـ Pool
[7/16/2026, 11:48:10] [ERROR] [AI_UNKNOWN] لا يوجد أي مفتاح API مضبوط بالـ Pool
[7/16/2026, 11:48:10] [ERROR] [AI_HANDLE] فشل الرد على 123884707782834: لا يوجد أي مفتاح API مضبوط بالـ Pool
[7/16/2026, 11:48:11] [ERROR] [AI_UNKNOWN] لا يوجد أي مفتاح API مضبوط بالـ Pool
[7/16/2026, 11:48:11] [ERROR] [AI_HANDLE] فشل الرد على 123884707782834: لا يوجد أي مفتاح API مضبوط بالـ Pool
[7/16/2026, 11:48:11] [ERROR] [AI_UNKNOWN] لا يوجد أي مفتاح API مضبوط بالـ Pool
[7/16/2026, 11:48:11] [ERROR] [AI_HANDLE] فشل الرد على 123884707782834: لا يوجد أي مفتاح API مضبوط بالـ Pool
[7/16/2026, 11:48:11] [ERROR] [AI_UNKNOWN] لا يوجد أي مفتاح API مضبوط بالـ Pool
[7/16/2026, 11:48:11] [ERROR] [AI_HANDLE] فشل الرد على 123884707782834: لا يوجد أي مفتاح API مضبوط بالـ Pool
[7/16/2026, 11:48:11] [ERROR] [AI_UNKNOWN] لا يوجد أي مفتاح API مضبوط بالـ Pool
[7/16/2026, 11:48:11] [ERROR] [AI_HANDLE] فشل الرد على 123884707782834: لا يوجد أي مفتاح API مضبوط بالـ Pool
[7/16/2026, 11:48:11] [ERROR] [AI_UNKNOWN] لا يوجد أي مفتاح API مضبوط بالـ Pool
[7/16/2026, 11:48:11] [ERROR] [AI_HANDLE] فشل الرد على 123884707782834: لا يوجد أي مفتاح API مضبوط بالـ Pool
[7/16/2026, 11:48:11] [ERROR] [AI_UNKNOWN] لا يوجد أي مفتاح API مضبوط بالـ Pool
[7/16/2026, 11:48:11] [ERROR] [AI_HANDLE] فشل الرد على 123884707782834: لا يوجد أي مفتاح API مضبوط بالـ Pool
[7/16/2026, 11:48:12] [ERROR] [AI_UNKNOWN] لا يوجد أي مفتاح API مضبوط بالـ Pool
[7/16/2026, 11:48:12] [ERROR] [AI_HANDLE] فشل الرد على 123884707782834: لا يوجد أي مفتاح API مضبوط بالـ Pool
[7/16/2026, 11:48:12] [ERROR] [AI_UNKNOWN] لا يوجد أي مفتاح API مضبوط بالـ Pool
[7/16/2026, 11:48:12] [ERROR] [AI_HANDLE] فشل الرد على 123884707782834: لا يوجد أي مفتاح API مضبوط بالـ Pool
[7/16/2026, 11:48:12] [ERROR] [AI_UNKNOWN] لا يوجد أي مفتاح API مضبوط بالـ Pool
[7/16/2026, 11:48:12] [ERROR] [AI_HANDLE] فشل الرد على 123884707782834: لا يوجد أي مفتاح API مضبوط بالـ Pool
[7/16/2026, 11:48:12] [ERROR] [AI_UNKNOWN] لا يوجد أي مفتاح API مضبوط بالـ Pool
[7/16/2026, 11:48:12] [ERROR] [AI_HANDLE] فشل الرد على 123884707782834: لا يوجد أي مفتاح API مضبوط بالـ Pool
[7/16/2026, 11:48:12] [ERROR] [AI_UNKNOWN] لا يوجد أي مفتاح API مضبوط بالـ Pool
[7/16/2026, 11:48:12] [ERROR] [AI_HANDLE] فشل الرد على 123884707782834: لا يوجد أي مفتاح API مضبوط بالـ Pool
[7/16/2026, 11:48:12] [ERROR] [AI_UNKNOWN] لا يوجد أي مفتاح API مضبوط بالـ Pool
[7/16/2026, 11:48:12] [ERROR] [AI_HANDLE] فشل الرد على 123884707782834: لا يوجد أي مفتاح API مضبوط بالـ Pool
[7/16/2026, 11:48:12] [ERROR] [AI_UNKNOWN] لا يوجد أي مفتاح API مضبوط بالـ Pool
[7/16/2026, 11:48:12] [ERROR] [AI_HANDLE] فشل الرد على 123884707782834: لا يوجد أي مفتاح API مضبوط بالـ Pool
[7/16/2026, 11:48:12] [ERROR] [AI_UNKNOWN] لا يوجد أي مفتاح API مضبوط بالـ Pool
[7/16/2026, 11:48:12] [ERROR] [AI_HANDLE] فشل الرد على 123884707782834: لا يوجد أي مفتاح API مضبوط بالـ Pool
[7/16/2026, 11:48:13] [ERROR] [AI_UNKNOWN] لا يوجد أي مفتاح API مضبوط بالـ Pool
[7/16/2026, 11:48:13] [ERROR] [AI_HANDLE] فشل الرد على 123884707782834: لا يوجد أي مفتاح API مضبوط بالـ Pool
[7/16/2026, 11:48:13] [ERROR] [AI_UNKNOWN] لا يوجد أي مفتاح API مضبوط بالـ Pool
[7/16/2026, 11:48:13] [ERROR] [AI_HANDLE] فشل الرد على 123884707782834: لا يوجد أي مفتاح API مضبوط بالـ Pool
[7/16/2026, 11:48:13] [ERROR] [AI_UNKNOWN] لا يوجد أي مفتاح API مضبوط بالـ Pool
[7/16/2026, 11:48:13] [ERROR] [AI_HANDLE] فشل الرد على 123884707782834: لا يوجد أي مفتاح API مضبوط بالـ Pool
[7/16/2026, 11:48:13] [ERROR] [AI_UNKNOWN] لا يوجد أي مفتاح API مضبوط بالـ Pool
[7/16/2026, 11:48:13] [ERROR] [AI_HANDLE] فشل الرد على 123884707782834: لا يوجد أي مفتاح API مضبوط بالـ Pool
[7/16/2026, 11:48:13] [ERROR] [AI_UNKNOWN] لا يوجد أي مفتاح API مضبوط بالـ Pool
[7/16/2026, 11:48:13] [ERROR] [AI_HANDLE] فشل الرد على 123884707782834: لا يوجد أي مفتاح API مضبوط بالـ Pool
[7/16/2026, 11:48:13] [ERROR] [AI_UNKNOWN] لا يوجد أي مفتاح API مضبوط بالـ Pool
[7/16/2026, 11:48:13] [ERROR] [AI_HANDLE] فشل الرد على 26409988845722: لا يوجد أي مفتاح API مضبوط بالـ Pool
[7/16/2026, 11:48:14] [ERROR] [AI_UNKNOWN] لا يوجد أي مفتاح API مضبوط بالـ Pool
[7/16/2026, 11:48:14] [ERROR] [AI_HANDLE] فشل الرد على 123884707782834: لا يوجد أي مفتاح API مضبوط بالـ Pool
[7/16/2026, 11:48:14] [ERROR] [AI_UNKNOWN] لا يوجد أي مفتاح API مضبوط بالـ Pool
[7/16/2026, 11:48:14] [ERROR] [AI_HANDLE] فشل الرد على 123884707782834: لا يوجد أي مفتاح API مضبوط بالـ Pool
[7/16/2026, 11:48:14] [ERROR] [AI_UNKNOWN] لا يوجد أي مفتاح API مضبوط بالـ Pool
[7/16/2026, 11:48:14] [ERROR] [AI_HANDLE] فشل الرد على 123884707782834: لا يوجد أي مفتاح API مضبوط بالـ Pool
[7/16/2026, 11:48:15] [ERROR] [AI_UNKNOWN] لا يوجد أي مفتاح API مضبوط بالـ Pool
[7/16/2026, 11:48:15] [ERROR] [AI_HANDLE] فشل الرد على 123884707782834: لا يوجد أي مفتاح API مضبوط بالـ Pool
[7/16/2026, 11:48:15] [ERROR] [AI_UNKNOWN] لا يوجد أي مفتاح API مضبوط بالـ Pool
[7/16/2026, 11:48:15] [ERROR] [AI_HANDLE] فشل الرد على 123884707782834: لا يوجد أي مفتاح API مضبوط بالـ Pool
[7/16/2026, 11:48:15] [ERROR] [AI_UNKNOWN] لا يوجد أي مفتاح API مضبوط بالـ Pool
[7/16/2026, 11:48:15] [ERROR] [AI_HANDLE] فشل الرد على 123884707782834: لا يوجد أي مفتاح API مضبوط بالـ Pool
[7/16/2026, 11:48:15] [ERROR] [AI_UNKNOWN] لا يوجد أي مفتاح API مضبوط بالـ Pool
[7/16/2026, 11:48:15] [ERROR] [AI_HANDLE] فشل الرد على 123884707782834: لا يوجد أي مفتاح API مضبوط بالـ Pool
[7/16/2026, 11:48:15] [ERROR] [AI_UNKNOWN] لا يوجد أي مفتاح API مضبوط بالـ Pool
[7/16/2026, 11:48:15] [ERROR] [AI_HANDLE] فشل الرد على 123884707782834: لا يوجد أي مفتاح API مضبوط بالـ Pool
[7/16/2026, 11:48:15] [ERROR] [AI_UNKNOWN] لا يوجد أي مفتاح API مضبوط بالـ Pool
[7/16/2026, 11:48:15] [ERROR] [AI_HANDLE] فشل الرد على 123884707782834: لا يوجد أي مفتاح API مضبوط بالـ Pool
[7/16/2026, 11:48:16] [ERROR] [AI_UNKNOWN] لا يوجد أي مفتاح API مضبوط بالـ Pool
[7/16/2026, 11:48:16] [ERROR] [AI_HANDLE] فشل الرد على 123884707782834: لا يوجد أي مفتاح API مضبوط بالـ Pool
[7/16/2026, 11:48:16] [ERROR] [AI_UNKNOWN] لا يوجد أي مفتاح API مضبوط بالـ Pool
[7/16/2026, 11:48:16] [ERROR] [AI_HANDLE] فشل الرد على 123884707782834: لا يوجد أي مفتاح API مضبوط بالـ Pool
[7/16/2026, 11:48:17] [ERROR] [AI_UNKNOWN] لا يوجد أي مفتاح API مضبوط بالـ Pool
[7/16/2026, 11:48:17] [ERROR] [AI_HANDLE] فشل الرد على 123884707782834: لا يوجد أي مفتاح API مضبوط بالـ Pool
[7/16/2026, 11:48:17] [ERROR] [AI_UNKNOWN] لا يوجد أي مفتاح API مضبوط بالـ Pool
[7/16/2026, 11:48:17] [ERROR] [AI_HANDLE] فشل الرد على 123884707782834: لا يوجد أي مفتاح API مضبوط بالـ Pool
[7/16/2026, 11:48:17] [ERROR] [AI_UNKNOWN] لا يوجد أي مفتاح API مضبوط بالـ Pool
[7/16/2026, 11:48:17] [ERROR] [AI_HANDLE] فشل الرد على 123884707782834: لا يوجد أي مفتاح API مضبوط بالـ Pool
[7/16/2026, 11:48:17] [ERROR] [AI_UNKNOWN] لا يوجد أي مفتاح API مضبوط بالـ Pool
[7/16/2026, 11:48:17] [ERROR] [AI_HANDLE] فشل الرد على 123884707782834: لا يوجد أي مفتاح API مضبوط بالـ Pool
[7/16/2026, 11:48:18] [ERROR] [AI_UNKNOWN] لا يوجد أي مفتاح API مضبوط بالـ Pool
[7/16/2026, 11:48:18] [ERROR] [AI_HANDLE] فشل الرد على 123884707782834: لا يوجد أي مفتاح API مضبوط بالـ Pool
[7/16/2026, 11:48:18] [ERROR] [AI_UNKNOWN] لا يوجد أي مفتاح API مضبوط بالـ Pool
[7/16/2026, 11:48:18] [ERROR] [AI_HANDLE] فشل الرد على 123884707782834: لا يوجد أي مفتاح API مضبوط بالـ Pool
[7/16/2026, 11:48:18] [ERROR] [AI_UNKNOWN] لا يوجد أي مفتاح API مضبوط بالـ Pool
[7/16/2026, 11:48:18] [ERROR] [AI_HANDLE] فشل الرد على 123884707782834: لا يوجد أي مفتاح API مضبوط بالـ Pool
[7/16/2026, 11:48:18] [ERROR] [AI_UNKNOWN] لا يوجد أي مفتاح API مضبوط بالـ Pool
[7/16/2026, 11:48:18] [ERROR] [AI_HANDLE] فشل الرد على 123884707782834: لا يوجد أي مفتاح API مضبوط بالـ Pool
[7/16/2026, 11:48:18] [ERROR] [AI_UNKNOWN] لا يوجد أي مفتاح API مضبوط بالـ Pool
[7/16/2026, 11:48:18] [ERROR] [AI_HANDLE] فشل الرد على 123884707782834: لا يوجد أي مفتاح API مضبوط بالـ Pool
[7/16/2026, 11:48:18] [ERROR] [AI_UNKNOWN] لا يوجد أي مفتاح API مضبوط بالـ Pool
[7/16/2026, 11:48:18] [ERROR] [AI_HANDLE] فشل الرد على 123884707782834: لا يوجد أي مفتاح API مضبوط بالـ Pool
[7/16/2026, 11:48:31] [ERROR] [AI_UNKNOWN] لا يوجد أي مفتاح API مضبوط بالـ Pool
[7/16/2026, 11:48:31] [ERROR] [AI_HANDLE] فشل الرد على 127939140132919: لا يوجد أي مفتاح API مضبوط بالـ Pool
[7/16/2026, 11:48:31] [ERROR] [AI_UNKNOWN] لا يوجد أي مفتاح API مضبوط بالـ Pool
[7/16/2026, 11:48:31] [ERROR] [AI_HANDLE] فشل الرد على 127939140132919: لا يوجد أي مفتاح API مضبوط بالـ Pool
[7/16/2026, 11:48:31] [ERROR] [AI_UNKNOWN] لا يوجد أي مفتاح API مضبوط بالـ Pool
[7/16/2026, 11:48:31] [ERROR] [AI_HANDLE] فشل الرد على 127939140132919: لا يوجد أي مفتاح API مضبوط بالـ Pool
[7/16/2026, 11:48:31] [ERROR] [AI_UNKNOWN] لا يوجد أي مفتاح API مضبوط بالـ Pool
[7/16/2026, 11:48:31] [ERROR] [AI_HANDLE] فشل الرد على 127939140132919: لا يوجد أي مفتاح API مضبوط بالـ Pool
[7/16/2026, 11:48:32] [ERROR] [AI_UNKNOWN] لا يوجد أي مفتاح API مضبوط بالـ Pool
[7/16/2026, 11:48:32] [ERROR] [AI_HANDLE] فشل الرد على 127939140132919: لا يوجد أي مفتاح API مضبوط بالـ Pool
[7/16/2026, 11:48:32] [ERROR] [AI_UNKNOWN] لا يوجد أي مفتاح API مضبوط بالـ Pool
[7/16/2026, 11:48:32] [ERROR] [AI_HANDLE] فشل الرد على 26409988845722: لا يوجد أي مفتاح API مضبوط بالـ Pool
[7/16/2026, 11:48:32] [ERROR] [AI_UNKNOWN] لا يوجد أي مفتاح API مضبوط بالـ Pool
[7/16/2026, 11:48:32] [ERROR] [AI_HANDLE] فشل الرد على 26409988845722: لا يوجد أي مفتاح API مضبوط بالـ Pool
[7/16/2026, 11:48:50] [ERROR] [AI_UNKNOWN] لا يوجد أي مفتاح API مضبوط بالـ Pool
[7/16/2026, 11:48:50] [ERROR] [AI_HANDLE] فشل الرد على 198122982608910: لا يوجد أي مفتاح API مضبوط بالـ Pool
[7/16/2026, 11:48:51] [ERROR] [AI_UNKNOWN] لا يوجد أي مفتاح API مضبوط بالـ Pool
[7/16/2026, 11:48:51] [ERROR] [AI_HANDLE] فشل الرد على 198122982608910: لا يوجد أي مفتاح API مضبوط بالـ Pool
[7/16/2026, 11:49:17] [ERROR] [AI_UNKNOWN] لا يوجد أي مفتاح API مضبوط بالـ Pool
[7/16/2026, 11:49:17] [ERROR] [AI_HANDLE] فشل الرد على 193552734773367: لا يوجد أي مفتاح API مضبوط بالـ Pool
[7/16/2026, 11:49:21] [ERROR] [AI_UNKNOWN] لا يوجد أي مفتاح API مضبوط بالـ Pool
[7/16/2026, 11:49:21] [ERROR] [AI_HANDLE] فشل الرد على 250590202458293: لا يوجد أي مفتاح API مضبوط بالـ Pool
[7/16/2026, 11:49:21] [ERROR] [AI_UNKNOWN] لا يوجد أي مفتاح API مضبوط بالـ Pool
[7/16/2026, 11:49:21] [ERROR] [AI_HANDLE] فشل الرد على 250590202458293: لا يوجد أي مفتاح API مضبوط بالـ Pool
[7/16/2026, 11:49:21] [ERROR] [AI_UNKNOWN] لا يوجد أي مفتاح API مضبوط بالـ Pool
[7/16/2026, 11:49:21] [ERROR] [AI_HANDLE] فشل الرد على 250590202458293: لا يوجد أي مفتاح API مضبوط بالـ Pool
[7/16/2026, 11:49:21] [ERROR] [AI_UNKNOWN] لا يوجد أي مفتاح API مضبوط بالـ Pool
[7/16/2026, 11:49:21] [ERROR] [AI_HANDLE] فشل الرد على 250590202458293: لا يوجد أي مفتاح API مضبوط بالـ Pool
[7/16/2026, 11:49:48] [ERROR] [AI_UNKNOWN] لا يوجد أي مفتاح API مضبوط بالـ Pool
[7/16/2026, 11:49:48] [ERROR] [AI_HANDLE] فشل الرد على 97341407268963: لا يوجد أي مفتاح API مضبوط بالـ Pool
[7/16/2026, 11:49:49] [ERROR] [AI_UNKNOWN] لا يوجد أي مفتاح API مضبوط بالـ Pool
[7/16/2026, 11:49:49] [ERROR] [AI_HANDLE] فشل الرد على 97341407268963: لا يوجد أي مفتاح API مضبوط بالـ Pool
[7/16/2026, 11:49:52] [ERROR] [AI_UNKNOWN] لا يوجد أي مفتاح API مضبوط بالـ Pool
[7/16/2026, 11:49:52] [ERROR] [AI_HANDLE] فشل الرد على 97341407268963: لا يوجد أي مفتاح API مضبوط بالـ Pool
[7/16/2026, 11:50:01] [ERROR] [AI_UNKNOWN] لا يوجد أي مفتاح API مضبوط بالـ Pool
[7/16/2026, 11:50:01] [ERROR] [AI_HANDLE] فشل الرد على 226924999782614: لا يوجد أي مفتاح API مضبوط بالـ Pool
[7/16/2026, 11:50:01] [ERROR] [AI_UNKNOWN] لا يوجد أي مفتاح API مضبوط بالـ Pool
[7/16/2026, 11:50:01] [ERROR] [AI_HANDLE] فشل الرد على 226924999782614: لا يوجد أي مفتاح API مضبوط بالـ Pool
[7/16/2026, 11:50:30] [ERROR] [AI_UNKNOWN] لا يوجد أي مفتاح API مضبوط بالـ Pool
[7/16/2026, 11:50:30] [ERROR] [AI_HANDLE] فشل الرد على 8388608053369: لا يوجد أي مفتاح API مضبوط بالـ Pool
[7/16/2026, 11:50:30] [ERROR] [AI_UNKNOWN] لا يوجد أي مفتاح API مضبوط بالـ Pool
[7/16/2026, 11:50:30] [ERROR] [AI_HANDLE] فشل الرد على 8388608053369: لا يوجد أي مفتاح API مضبوط بالـ Pool
[7/16/2026, 11:50:30] [ERROR] [AI_UNKNOWN] لا يوجد أي مفتاح API مضبوط بالـ Pool
[7/16/2026, 11:50:30] [ERROR] [AI_HANDLE] فشل الرد على 8388608053369: لا يوجد أي مفتاح API مضبوط بالـ Pool
[7/16/2026, 11:50:30] [ERROR] [AI_UNKNOWN] لا يوجد أي مفتاح API مضبوط بالـ Pool
[7/16/2026, 11:50:30] [ERROR] [AI_HANDLE] فشل الرد على 8388608053369: لا يوجد أي مفتاح API مضبوط بالـ Pool
[7/16/2026, 11:50:30] [ERROR] [AI_UNKNOWN] لا يوجد أي مفتاح API مضبوط بالـ Pool
[7/16/2026, 11:50:30] [ERROR] [AI_HANDLE] فشل الرد على 8388608053369: لا يوجد أي مفتاح API مضبوط بالـ Pool
[7/16/2026, 11:50:31] [ERROR] [AI_UNKNOWN] لا يوجد أي مفتاح API مضبوط بالـ Pool
[7/16/2026, 11:50:31] [ERROR] [AI_HANDLE] فشل الرد على 8388608053369: لا يوجد أي مفتاح API مضبوط بالـ Pool
[7/16/2026, 11:50:31] [ERROR] [AI_UNKNOWN] لا يوجد أي مفتاح API مضبوط بالـ Pool
[7/16/2026, 11:50:31] [ERROR] [AI_HANDLE] فشل الرد على 8388608053369: لا يوجد أي مفتاح API مضبوط بالـ Pool
[7/16/2026, 11:50:31] [ERROR] [AI_UNKNOWN] لا يوجد أي مفتاح API مضبوط بالـ Pool
[7/16/2026, 11:50:31] [ERROR] [AI_HANDLE] فشل الرد على 8388608053369: لا يوجد أي مفتاح API مضبوط بالـ Pool
[7/16/2026, 11:50:31] [ERROR] [AI_UNKNOWN] لا يوجد أي مفتاح API مضبوط بالـ Pool
[7/16/2026, 11:50:31] [ERROR] [AI_HANDLE] فشل الرد على 8388608053369: لا يوجد أي مفتاح API مضبوط بالـ Pool
[7/16/2026, 11:50:31] [ERROR] [AI_UNKNOWN] لا يوجد أي مفتاح API مضبوط بالـ Pool
[7/16/2026, 11:50:31] [ERROR] [AI_HANDLE] فشل الرد على 8388608053369: لا يوجد أي مفتاح API مضبوط بالـ Pool
[7/16/2026, 11:50:31] [ERROR] [AI_UNKNOWN] لا يوجد أي مفتاح API مضبوط بالـ Pool
[7/16/2026, 11:50:31] [ERROR] [AI_HANDLE] فشل الرد على 8388608053369: لا يوجد أي مفتاح API مضبوط بالـ Pool
[7/16/2026, 11:50:31] [ERROR] [AI_UNKNOWN] لا يوجد أي مفتاح API مضبوط بالـ Pool
[7/16/2026, 11:50:31] [ERROR] [AI_HANDLE] فشل الرد على 8388608053369: لا يوجد أي مفتاح API مضبوط بالـ Pool
[7/16/2026, 11:52:18] [WARN] [AI_CONFIG] GEMINI_API_KEYS/GEMINI_API_KEY غير موجود في .env — نظام الذكاء الاصطناعي لن يعمل بشكل صحيح.
[7/16/2026, 11:52:33] [ERROR] [AI_UNKNOWN] لا يوجد أي مفتاح API مضبوط بالـ Pool
[7/16/2026, 11:52:33] [ERROR] [AI_HANDLE] فشل الرد على 8388608053369: لا يوجد أي مفتاح API مضبوط بالـ Pool
[7/16/2026, 11:52:33] [ERROR] [AI_UNKNOWN] لا يوجد أي مفتاح API مضبوط بالـ Pool
[7/16/2026, 11:52:33] [ERROR] [AI_HANDLE] فشل الرد على 8388608053369: لا يوجد أي مفتاح API مضبوط بالـ Pool
[7/16/2026, 11:52:33] [ERROR] [AI_UNKNOWN] لا يوجد أي مفتاح API مضبوط بالـ Pool
[7/16/2026, 11:52:33] [ERROR] [AI_HANDLE] فشل الرد على 8388608053369: لا يوجد أي مفتاح API مضبوط بالـ Pool
[7/16/2026, 11:52:33] [ERROR] [AI_UNKNOWN] لا يوجد أي مفتاح API مضبوط بالـ Pool
[7/16/2026, 11:52:33] [ERROR] [AI_HANDLE] فشل الرد على 8388608053369: لا يوجد أي مفتاح API مضبوط بالـ Pool
[7/16/2026, 11:52:33] [ERROR] [AI_UNKNOWN] لا يوجد أي مفتاح API مضبوط بالـ Pool
[7/16/2026, 11:52:33] [ERROR] [AI_HANDLE] فشل الرد على 8388608053369: لا يوجد أي مفتاح API مضبوط بالـ Pool
[7/16/2026, 11:52:33] [ERROR] [AI_UNKNOWN] لا يوجد أي مفتاح API مضبوط بالـ Pool
[7/16/2026, 11:52:33] [ERROR] [AI_HANDLE] فشل الرد على 8388608053369: لا يوجد أي مفتاح API مضبوط بالـ Pool
[7/16/2026, 11:58:17] [WARN] [AI_CONFIG] GEMINI_API_KEYS/GEMINI_API_KEY غير موجود في .env — نظام الذكاء الاصطناعي لن يعمل بشكل صحيح.
[7/16/2026, 17:25:08] [WARN] [AI_CONFIG] GEMINI_API_KEYS/GEMINI_API_KEY غير موجود في .env — نظام الذكاء الاصطناعي لن يعمل بشكل صحيح.
[7/16/2026, 17:26:02] [ERROR] [AI_UNKNOWN] لا يوجد أي مفتاح API مضبوط بالـ Pool
[7/16/2026, 17:26:02] [ERROR] [AI_HANDLE] فشل الرد على 26409988845722: لا يوجد أي مفتاح API مضبوط بالـ Pool
[7/16/2026, 17:26:30] [ERROR] [AI_UNKNOWN] لا يوجد أي مفتاح API مضبوط بالـ Pool
[7/16/2026, 17:26:30] [ERROR] [AI_HANDLE] فشل الرد على 250590202458293: لا يوجد أي مفتاح API مضبوط بالـ Pool
[7/16/2026, 17:26:32] [ERROR] [AI_UNKNOWN] لا يوجد أي مفتاح API مضبوط بالـ Pool
[7/16/2026, 17:26:32] [ERROR] [AI_HANDLE] فشل الرد على 250590202458293: لا يوجد أي مفتاح API مضبوط بالـ Pool
[7/16/2026, 17:26:35] [ERROR] [AI_UNKNOWN] لا يوجد أي مفتاح API مضبوط بالـ Pool
[7/16/2026, 17:26:35] [ERROR] [AI_HANDLE] فشل الرد على 26409988845722: لا يوجد أي مفتاح API مضبوط بالـ Pool
[7/16/2026, 17:26:37] [ERROR] [AI_UNKNOWN] لا يوجد أي مفتاح API مضبوط بالـ Pool
[7/16/2026, 17:26:37] [ERROR] [AI_HANDLE] فشل الرد على 250590202458293: لا يوجد أي مفتاح API مضبوط بالـ Pool
[7/16/2026, 17:26:42] [ERROR] [AI_UNKNOWN] لا يوجد أي مفتاح API مضبوط بالـ Pool
[7/16/2026, 17:26:42] [ERROR] [AI_HANDLE] فشل الرد على 250590202458293: لا يوجد أي مفتاح API مضبوط بالـ Pool
[7/16/2026, 17:27:01] [ERROR] [AI_UNKNOWN] لا يوجد أي مفتاح API مضبوط بالـ Pool
[7/16/2026, 17:27:01] [ERROR] [AI_HANDLE] فشل الرد على 250590202458293: لا يوجد أي مفتاح API مضبوط بالـ Pool
[7/16/2026, 17:27:02] [ERROR] [AI_UNKNOWN] لا يوجد أي مفتاح API مضبوط بالـ Pool
[7/16/2026, 17:27:02] [ERROR] [AI_HANDLE] فشل الرد على 250590202458293: لا يوجد أي مفتاح API مضبوط بالـ Pool
[7/16/2026, 17:27:10] [ERROR] [AI_UNKNOWN] لا يوجد أي مفتاح API مضبوط بالـ Pool
[7/16/2026, 17:27:10] [ERROR] [AI_HANDLE] فشل الرد على 250590202458293: لا يوجد أي مفتاح API مضبوط بالـ Pool
[7/16/2026, 17:27:10] [ERROR] [AI_UNKNOWN] لا يوجد أي مفتاح API مضبوط بالـ Pool
[7/16/2026, 17:27:10] [ERROR] [AI_HANDLE] فشل الرد على 250590202458293: لا يوجد أي مفتاح API مضبوط بالـ Pool
[7/16/2026, 17:27:10] [ERROR] [AI_UNKNOWN] لا يوجد أي مفتاح API مضبوط بالـ Pool
[7/16/2026, 17:27:10] [ERROR] [AI_HANDLE] فشل الرد على 250590202458293: لا يوجد أي مفتاح API مضبوط بالـ Pool
[7/16/2026, 17:27:10] [ERROR] [AI_UNKNOWN] لا يوجد أي مفتاح API مضبوط بالـ Pool
[7/16/2026, 17:27:10] [ERROR] [AI_HANDLE] فشل الرد على 250590202458293: لا يوجد أي مفتاح API مضبوط بالـ Pool
[7/16/2026, 17:27:10] [ERROR] [AI_UNKNOWN] لا يوجد أي مفتاح API مضبوط بالـ Pool
[7/16/2026, 17:27:10] [ERROR] [AI_HANDLE] فشل الرد على 250590202458293: لا يوجد أي مفتاح API مضبوط بالـ Pool
[7/16/2026, 17:27:10] [ERROR] [AI_UNKNOWN] لا يوجد أي مفتاح API مضبوط بالـ Pool
[7/16/2026, 17:27:10] [ERROR] [AI_HANDLE] فشل الرد على 250590202458293: لا يوجد أي مفتاح API مضبوط بالـ Pool
[7/16/2026, 17:27:11] [ERROR] [AI_UNKNOWN] لا يوجد أي مفتاح API مضبوط بالـ Pool
[7/16/2026, 17:27:11] [ERROR] [AI_HANDLE] فشل الرد على 250590202458293: لا يوجد أي مفتاح API مضبوط بالـ Pool
[7/16/2026, 17:27:11] [ERROR] [AI_UNKNOWN] لا يوجد أي مفتاح API مضبوط بالـ Pool
[7/16/2026, 17:27:11] [ERROR] [AI_HANDLE] فشل الرد على 250590202458293: لا يوجد أي مفتاح API مضبوط بالـ Pool
[7/16/2026, 17:27:11] [ERROR] [AI_UNKNOWN] لا يوجد أي مفتاح API مضبوط بالـ Pool
[7/16/2026, 17:27:11] [ERROR] [AI_HANDLE] فشل الرد على 250590202458293: لا يوجد أي مفتاح API مضبوط بالـ Pool
[7/16/2026, 17:28:20] [ERROR] [AI_UNKNOWN] لا يوجد أي مفتاح API مضبوط بالـ Pool
[7/16/2026, 17:28:20] [ERROR] [AI_HANDLE] فشل الرد على 165785871884440: لا يوجد أي مفتاح API مضبوط بالـ Pool
[7/16/2026, 17:28:20] [ERROR] [AI_UNKNOWN] لا يوجد أي مفتاح API مضبوط بالـ Pool
[7/16/2026, 17:28:20] [ERROR] [AI_HANDLE] فشل الرد على 165785871884440: لا يوجد أي مفتاح API مضبوط بالـ Pool
[7/16/2026, 17:28:23] [ERROR] [AI_UNKNOWN] لا يوجد أي مفتاح API مضبوط بالـ Pool
[7/16/2026, 17:28:23] [ERROR] [AI_HANDLE] فشل الرد على 165785871884440: لا يوجد أي مفتاح API مضبوط بالـ Pool
[7/16/2026, 17:34:06] [ERROR] [AI_UNKNOWN] لا يوجد أي مفتاح API مضبوط بالـ Pool
[7/16/2026, 17:34:06] [ERROR] [AI_HANDLE] فشل الرد على 250590202458293: لا يوجد أي مفتاح API مضبوط بالـ Pool
[7/16/2026, 17:34:23] [ERROR] [AI_UNKNOWN] لا يوجد أي مفتاح API مضبوط بالـ Pool
[7/16/2026, 17:34:23] [ERROR] [AI_HANDLE] فشل الرد على 250590202458293: لا يوجد أي مفتاح API مضبوط بالـ Pool
[7/16/2026, 17:34:35] [ERROR] [AI_UNKNOWN] لا يوجد أي مفتاح API مضبوط بالـ Pool
[7/16/2026, 17:34:35] [ERROR] [AI_HANDLE] فشل الرد على 250590202458293: لا يوجد أي مفتاح API مضبوط بالـ Pool
[7/16/2026, 17:34:45] [ERROR] [AI_UNKNOWN] لا يوجد أي مفتاح API مضبوط بالـ Pool
[7/16/2026, 17:34:45] [ERROR] [AI_HANDLE] فشل الرد على 250590202458293: لا يوجد أي مفتاح API مضبوط بالـ Pool
[7/16/2026, 18:34:44] [ERROR] [AI_UNKNOWN] لا يوجد أي مفتاح API مضبوط بالـ Pool
[7/16/2026, 18:34:44] [ERROR] [AI_HANDLE] فشل الرد على 23975296008196: لا يوجد أي مفتاح API مضبوط بالـ Pool
[7/16/2026, 18:41:01] [ERROR] [AI_UNKNOWN] لا يوجد أي مفتاح API مضبوط بالـ Pool
[7/16/2026, 18:41:01] [ERROR] [AI_HANDLE] فشل الرد على 160765541626111: لا يوجد أي مفتاح API مضبوط بالـ Pool
[7/16/2026, 18:41:08] [ERROR] [AI_UNKNOWN] لا يوجد أي مفتاح API مضبوط بالـ Pool
[7/16/2026, 18:41:08] [ERROR] [AI_HANDLE] فشل الرد على 160765541626111: لا يوجد أي مفتاح API مضبوط بالـ Pool
[7/16/2026, 19:04:33] [ERROR] [AI_UNKNOWN] لا يوجد أي مفتاح API مضبوط بالـ Pool
[7/16/2026, 19:04:33] [ERROR] [AI_HANDLE] فشل الرد على 215736895176905: لا يوجد أي مفتاح API مضبوط بالـ Pool
[7/16/2026, 19:32:47] [ERROR] [AI_UNKNOWN] لا يوجد أي مفتاح API مضبوط بالـ Pool
[7/16/2026, 19:32:47] [ERROR] [AI_HANDLE] فشل الرد على 223768232390792: لا يوجد أي مفتاح API مضبوط بالـ Pool
[7/16/2026, 19:50:38] [ERROR] [AI_UNKNOWN] لا يوجد أي مفتاح API مضبوط بالـ Pool
[7/16/2026, 19:50:38] [ERROR] [AI_HANDLE] فشل الرد على 26409988845722: لا يوجد أي مفتاح API مضبوط بالـ Pool
[7/16/2026, 19:50:42] [ERROR] [AI_UNKNOWN] لا يوجد أي مفتاح API مضبوط بالـ Pool
[7/16/2026, 19:50:42] [ERROR] [AI_HANDLE] فشل الرد على 26409988845722: لا يوجد أي مفتاح API مضبوط بالـ Pool
[7/16/2026, 19:51:26] [ERROR] [AI_UNKNOWN] لا يوجد أي مفتاح API مضبوط بالـ Pool
[7/16/2026, 19:51:26] [ERROR] [AI_HANDLE] فشل الرد على 26409988845722: لا يوجد أي مفتاح API مضبوط بالـ Pool
[7/16/2026, 19:51:42] [ERROR] [AI_UNKNOWN] لا يوجد أي مفتاح API مضبوط بالـ Pool
[7/16/2026, 19:51:42] [ERROR] [AI_HANDLE] فشل الرد على 26409988845722: لا يوجد أي مفتاح API مضبوط بالـ Pool
[7/16/2026, 19:53:52] [ERROR] [AI_UNKNOWN] لا يوجد أي مفتاح API مضبوط بالـ Pool
[7/16/2026, 19:53:52] [ERROR] [AI_HANDLE] فشل الرد على 26409988845722: لا يوجد أي مفتاح API مضبوط بالـ Pool
[7/16/2026, 19:57:39] [ERROR] [AI_UNKNOWN] لا يوجد أي مفتاح API مضبوط بالـ Pool
[7/16/2026, 19:57:39] [ERROR] [AI_HANDLE] فشل الرد على 26409988845722: لا يوجد أي مفتاح API مضبوط بالـ Pool
[7/16/2026, 19:58:05] [ERROR] [AI_UNKNOWN] لا يوجد أي مفتاح API مضبوط بالـ Pool
[7/16/2026, 19:58:05] [ERROR] [AI_HANDLE] فشل الرد على 26409988845722: لا يوجد أي مفتاح API مضبوط بالـ Pool
[7/16/2026, 19:58:10] [ERROR] [AI_UNKNOWN] لا يوجد أي مفتاح API مضبوط بالـ Pool
[7/16/2026, 19:58:10] [ERROR] [AI_HANDLE] فشل الرد على 26409988845722: لا يوجد أي مفتاح API مضبوط بالـ Pool
[7/16/2026, 19:58:13] [ERROR] [AI_UNKNOWN] لا يوجد أي مفتاح API مضبوط بالـ Pool
[7/16/2026, 19:58:13] [ERROR] [AI_HANDLE] فشل الرد على 26409988845722: لا يوجد أي مفتاح API مضبوط بالـ Pool
[7/16/2026, 20:02:13] [ERROR] [AI_UNKNOWN] لا يوجد أي مفتاح API مضبوط بالـ Pool
[7/16/2026, 20:02:13] [ERROR] [AI_HANDLE] فشل الرد على 26409988845722: لا يوجد أي مفتاح API مضبوط بالـ Pool
[7/16/2026, 20:02:16] [ERROR] [AI_UNKNOWN] لا يوجد أي مفتاح API مضبوط بالـ Pool
[7/16/2026, 20:02:16] [ERROR] [AI_HANDLE] فشل الرد على 26409988845722: لا يوجد أي مفتاح API مضبوط بالـ Pool
[7/16/2026, 20:04:15] [ERROR] [AI_UNKNOWN] لا يوجد أي مفتاح API مضبوط بالـ Pool
[7/16/2026, 20:04:15] [ERROR] [AI_HANDLE] فشل الرد على 26409988845722: لا يوجد أي مفتاح API مضبوط بالـ Pool
[7/16/2026, 20:04:15] [ERROR] [AI_UNKNOWN] لا يوجد أي مفتاح API مضبوط بالـ Pool
[7/16/2026, 20:04:15] [ERROR] [AI_HANDLE] فشل الرد على 26409988845722: لا يوجد أي مفتاح API مضبوط بالـ Pool
[7/16/2026, 20:04:20] [ERROR] [AI_UNKNOWN] لا يوجد أي مفتاح API مضبوط بالـ Pool
[7/16/2026, 20:04:20] [ERROR] [AI_HANDLE] فشل الرد على 26409988845722: لا يوجد أي مفتاح API مضبوط بالـ Pool
[7/16/2026, 20:04:23] [ERROR] [AI_UNKNOWN] لا يوجد أي مفتاح API مضبوط بالـ Pool
[7/16/2026, 20:04:23] [ERROR] [AI_HANDLE] فشل الرد على 26409988845722: لا يوجد أي مفتاح API مضبوط بالـ Pool
[7/16/2026, 20:04:27] [ERROR] [AI_UNKNOWN] لا يوجد أي مفتاح API مضبوط بالـ Pool
[7/16/2026, 20:04:27] [ERROR] [AI_HANDLE] فشل الرد على 26409988845722: لا يوجد أي مفتاح API مضبوط بالـ Pool
[7/16/2026, 20:05:02] [ERROR] [AI_UNKNOWN] لا يوجد أي مفتاح API مضبوط بالـ Pool
[7/16/2026, 20:05:02] [ERROR] [AI_HANDLE] فشل الرد على 26409988845722: لا يوجد أي مفتاح API مضبوط بالـ Pool
[7/16/2026, 20:05:11] [ERROR] [AI_UNKNOWN] لا يوجد أي مفتاح API مضبوط بالـ Pool
[7/16/2026, 20:05:11] [ERROR] [AI_HANDLE] فشل الرد على 26409988845722: لا يوجد أي مفتاح API مضبوط بالـ Pool
[7/16/2026, 20:05:35] [ERROR] [AI_UNKNOWN] لا يوجد أي مفتاح API مضبوط بالـ Pool
[7/16/2026, 20:05:35] [ERROR] [AI_HANDLE] فشل الرد على 26409988845722: لا يوجد أي مفتاح API مضبوط بالـ Pool
[7/16/2026, 20:05:44] [ERROR] [AI_UNKNOWN] لا يوجد أي مفتاح API مضبوط بالـ Pool
[7/16/2026, 20:05:44] [ERROR] [AI_HANDLE] فشل الرد على 26409988845722: لا يوجد أي مفتاح API مضبوط بالـ Pool
[7/16/2026, 20:05:49] [ERROR] [AI_UNKNOWN] لا يوجد أي مفتاح API مضبوط بالـ Pool
[7/16/2026, 20:05:49] [ERROR] [AI_HANDLE] فشل الرد على 26409988845722: لا يوجد أي مفتاح API مضبوط بالـ Pool
[7/16/2026, 20:06:01] [ERROR] [AI_UNKNOWN] لا يوجد أي مفتاح API مضبوط بالـ Pool
[7/16/2026, 20:06:01] [ERROR] [AI_HANDLE] فشل الرد على 26409988845722: لا يوجد أي مفتاح API مضبوط بالـ Pool
[7/16/2026, 20:06:19] [ERROR] [AI_UNKNOWN] لا يوجد أي مفتاح API مضبوط بالـ Pool
[7/16/2026, 20:06:19] [ERROR] [AI_HANDLE] فشل الرد على 26409988845722: لا يوجد أي مفتاح API مضبوط بالـ Pool
[7/16/2026, 20:06:24] [ERROR] [AI_UNKNOWN] لا يوجد أي مفتاح API مضبوط بالـ Pool
[7/16/2026, 20:06:24] [ERROR] [AI_HANDLE] فشل الرد على 26409988845722: لا يوجد أي مفتاح API مضبوط بالـ Pool
[7/16/2026, 20:07:44] [ERROR] [AI_UNKNOWN] لا يوجد أي مفتاح API مضبوط بالـ Pool
[7/16/2026, 20:07:44] [ERROR] [AI_HANDLE] فشل الرد على 250590202458293: لا يوجد أي مفتاح API مضبوط بالـ Pool
[7/16/2026, 20:07:53] [ERROR] [AI_UNKNOWN] لا يوجد أي مفتاح API مضبوط بالـ Pool
[7/16/2026, 20:07:53] [ERROR] [AI_HANDLE] فشل الرد على 250590202458293: لا يوجد أي مفتاح API مضبوط بالـ Pool
[7/16/2026, 20:08:01] [ERROR] [AI_UNKNOWN] لا يوجد أي مفتاح API مضبوط بالـ Pool
[7/16/2026, 20:08:01] [ERROR] [AI_HANDLE] فشل الرد على 26409988845722: لا يوجد أي مفتاح API مضبوط بالـ Pool
[7/16/2026, 20:08:06] [ERROR] [AI_UNKNOWN] لا يوجد أي مفتاح API مضبوط بالـ Pool
[7/16/2026, 20:08:06] [ERROR] [AI_HANDLE] فشل الرد على 26409988845722: لا يوجد أي مفتاح API مضبوط بالـ Pool
[7/16/2026, 20:08:09] [ERROR] [AI_UNKNOWN] لا يوجد أي مفتاح API مضبوط بالـ Pool
[7/16/2026, 20:08:09] [ERROR] [AI_HANDLE] فشل الرد على 26409988845722: لا يوجد أي مفتاح API مضبوط بالـ Pool
[7/16/2026, 20:08:16] [ERROR] [AI_UNKNOWN] لا يوجد أي مفتاح API مضبوط بالـ Pool
[7/16/2026, 20:08:16] [ERROR] [AI_HANDLE] فشل الرد على 250590202458293: لا يوجد أي مفتاح API مضبوط بالـ Pool
[7/16/2026, 20:08:23] [ERROR] [AI_UNKNOWN] لا يوجد أي مفتاح API مضبوط بالـ Pool
[7/16/2026, 20:08:23] [ERROR] [AI_HANDLE] فشل الرد على 250590202458293: لا يوجد أي مفتاح API مضبوط بالـ Pool
[7/16/2026, 20:08:52] [ERROR] [AI_UNKNOWN] لا يوجد أي مفتاح API مضبوط بالـ Pool
[7/16/2026, 20:08:52] [ERROR] [AI_HANDLE] فشل الرد على 26409988845722: لا يوجد أي مفتاح API مضبوط بالـ Pool
[7/16/2026, 20:08:58] [ERROR] [AI_UNKNOWN] لا يوجد أي مفتاح API مضبوط بالـ Pool
[7/16/2026, 20:08:58] [ERROR] [AI_HANDLE] فشل الرد على 26409988845722: لا يوجد أي مفتاح API مضبوط بالـ Pool
[7/16/2026, 20:09:11] [ERROR] [AI_UNKNOWN] لا يوجد أي مفتاح API مضبوط بالـ Pool
[7/16/2026, 20:09:11] [ERROR] [AI_HANDLE] فشل الرد على 26409988845722: لا يوجد أي مفتاح API مضبوط بالـ Pool
[7/16/2026, 20:09:12] [ERROR] [AI_UNKNOWN] لا يوجد أي مفتاح API مضبوط بالـ Pool
[7/16/2026, 20:09:12] [ERROR] [AI_HANDLE] فشل الرد على 250590202458293: لا يوجد أي مفتاح API مضبوط بالـ Pool
[7/16/2026, 20:09:14] [ERROR] [AI_UNKNOWN] لا يوجد أي مفتاح API مضبوط بالـ Pool
[7/16/2026, 20:09:14] [ERROR] [AI_HANDLE] فشل الرد على 26409988845722: لا يوجد أي مفتاح API مضبوط بالـ Pool
[7/16/2026, 20:09:25] [ERROR] [AI_UNKNOWN] لا يوجد أي مفتاح API مضبوط بالـ Pool
[7/16/2026, 20:09:25] [ERROR] [AI_HANDLE] فشل الرد على 26409988845722: لا يوجد أي مفتاح API مضبوط بالـ Pool
[7/16/2026, 20:09:45] [ERROR] [AI_UNKNOWN] لا يوجد أي مفتاح API مضبوط بالـ Pool
[7/16/2026, 20:09:45] [ERROR] [AI_HANDLE] فشل الرد على 26409988845722: لا يوجد أي مفتاح API مضبوط بالـ Pool
[7/16/2026, 20:09:48] [ERROR] [AI_UNKNOWN] لا يوجد أي مفتاح API مضبوط بالـ Pool
[7/16/2026, 20:09:48] [ERROR] [AI_HANDLE] فشل الرد على 26409988845722: لا يوجد أي مفتاح API مضبوط بالـ Pool
[7/16/2026, 20:09:56] [ERROR] [AI_UNKNOWN] لا يوجد أي مفتاح API مضبوط بالـ Pool
[7/16/2026, 20:09:56] [ERROR] [AI_HANDLE] فشل الرد على 26409988845722: لا يوجد أي مفتاح API مضبوط بالـ Pool
[7/16/2026, 20:10:40] [ERROR] [AI_UNKNOWN] لا يوجد أي مفتاح API مضبوط بالـ Pool
[7/16/2026, 20:10:40] [ERROR] [AI_HANDLE] فشل الرد على 26409988845722: لا يوجد أي مفتاح API مضبوط بالـ Pool
[7/16/2026, 20:10:41] [ERROR] [AI_UNKNOWN] لا يوجد أي مفتاح API مضبوط بالـ Pool
[7/16/2026, 20:10:41] [ERROR] [AI_HANDLE] فشل الرد على 26409988845722: لا يوجد أي مفتاح API مضبوط بالـ Pool
[7/16/2026, 20:23:20] [ERROR] [AI_UNKNOWN] لا يوجد أي مفتاح API مضبوط بالـ Pool
[7/16/2026, 20:23:20] [ERROR] [AI_HANDLE] فشل الرد على 250590202458293: لا يوجد أي مفتاح API مضبوط بالـ Pool
[7/16/2026, 20:59:42] [ERROR] [AI_UNKNOWN] لا يوجد أي مفتاح API مضبوط بالـ Pool
[7/16/2026, 20:59:42] [ERROR] [AI_HANDLE] فشل الرد على 10978473316407: لا يوجد أي مفتاح API مضبوط بالـ Pool
[7/16/2026, 21:00:12] [ERROR] [AI_UNKNOWN] لا يوجد أي مفتاح API مضبوط بالـ Pool
[7/16/2026, 21:00:12] [ERROR] [AI_HANDLE] فشل الرد على 10978473316407: لا يوجد أي مفتاح API مضبوط بالـ Pool
[7/16/2026, 21:00:30] [ERROR] [AI_UNKNOWN] لا يوجد أي مفتاح API مضبوط بالـ Pool
[7/16/2026, 21:00:30] [ERROR] [AI_HANDLE] فشل الرد على 10978473316407: لا يوجد أي مفتاح API مضبوط بالـ Pool
[7/16/2026, 21:03:03] [ERROR] [AI_UNKNOWN] لا يوجد أي مفتاح API مضبوط بالـ Pool
[7/16/2026, 21:03:03] [ERROR] [AI_HANDLE] فشل الرد على 10978473316407: لا يوجد أي مفتاح API مضبوط بالـ Pool
[7/16/2026, 21:03:24] [ERROR] [AI_UNKNOWN] لا يوجد أي مفتاح API مضبوط بالـ Pool
[7/16/2026, 21:03:24] [ERROR] [AI_HANDLE] فشل الرد على 57991000764627: لا يوجد أي مفتاح API مضبوط بالـ Pool
[7/16/2026, 21:04:45] [ERROR] [AI_UNKNOWN] لا يوجد أي مفتاح API مضبوط بالـ Pool
[7/16/2026, 21:04:45] [ERROR] [AI_HANDLE] فشل الرد على 10978473316407: لا يوجد أي مفتاح API مضبوط بالـ Pool
[7/16/2026, 21:05:25] [ERROR] [AI_UNKNOWN] لا يوجد أي مفتاح API مضبوط بالـ Pool
[7/16/2026, 21:05:25] [ERROR] [AI_HANDLE] فشل الرد على 57991000764627: لا يوجد أي مفتاح API مضبوط بالـ Pool
[7/16/2026, 21:05:27] [ERROR] [AI_UNKNOWN] لا يوجد أي مفتاح API مضبوط بالـ Pool
[7/16/2026, 21:05:27] [ERROR] [AI_HANDLE] فشل الرد على 57991000764627: لا يوجد أي مفتاح API مضبوط بالـ Pool
[7/16/2026, 21:05:32] [ERROR] [AI_UNKNOWN] لا يوجد أي مفتاح API مضبوط بالـ Pool
[7/16/2026, 21:05:32] [ERROR] [AI_HANDLE] فشل الرد على 57991000764627: لا يوجد أي مفتاح API مضبوط بالـ Pool
[7/16/2026, 21:06:46] [ERROR] [AI_UNKNOWN] لا يوجد أي مفتاح API مضبوط بالـ Pool
[7/16/2026, 21:06:46] [ERROR] [AI_HANDLE] فشل الرد على 10978473316407: لا يوجد أي مفتاح API مضبوط بالـ Pool
[7/16/2026, 21:08:31] [ERROR] [AI_UNKNOWN] لا يوجد أي مفتاح API مضبوط بالـ Pool
[7/16/2026, 21:08:31] [ERROR] [AI_HANDLE] فشل الرد على 57991000764627: لا يوجد أي مفتاح API مضبوط بالـ Pool
[7/16/2026, 21:27:21] [WARN] [AI_CONFIG] GEMINI_API_KEYS/GEMINI_API_KEY غير موجود في .env — نظام الذكاء الاصطناعي لن يعمل بشكل صحيح.
[7/17/2026, 08:46:16] [INFO] [AI_CONFIG] Groq مُعد: llama-3.3-70b-versatile
[7/17/2026, 08:46:16] [INFO] [AI_CONFIG] Gemini fallback: 7 مفتاح، حد 5 طلب/دقيقة.
[7/17/2026, 08:46:49] [INFO] [AI_REPLY] user=123884707782834 duration=889ms tokens=1585
[7/17/2026, 08:46:50] [INFO] [AI_REPLY] user=123884707782834 duration=449ms tokens=1613
[7/17/2026, 08:46:50] [INFO] [AI_REPLY] user=123884707782834 duration=250ms tokens=1684
[7/17/2026, 08:47:14] [INFO] [AI_CONFIG] Groq مُعد: llama-3.3-70b-versatile
[7/17/2026, 08:47:14] [INFO] [AI_CONFIG] Gemini fallback: 7 مفتاح، حد 5 طلب/دقيقة.
[7/17/2026, 09:03:34] [INFO] [AI_REPLY] user=104556969123980 duration=6446ms tokens=1583
[7/17/2026, 09:03:48] [INFO] [AI_REPLY] user=104556969123980 duration=2319ms tokens=1605
[7/17/2026, 09:04:05] [INFO] [AI_REPLY] user=104556969123980 duration=7433ms tokens=1669
[7/17/2026, 09:04:06] [INFO] [TRAINER] استخرج 1 معلومة لـ 104556969123980
[7/17/2026, 09:04:15] [INFO] [AI_REPLY] user=104556969123980 duration=609ms tokens=1685
[7/17/2026, 09:04:27] [INFO] [AI_REPLY] user=104556969123980 duration=1064ms tokens=1706
[7/17/2026, 09:04:37] [INFO] [AI_REPLY] user=104556969123980 duration=963ms tokens=1731
[7/17/2026, 09:04:41] [INFO] [AI_REPLY] user=104556969123980 duration=343ms tokens=1749
[7/17/2026, 09:04:47] [INFO] [AI_REPLY] user=104556969123980 duration=455ms tokens=1776
[7/17/2026, 09:04:57] [INFO] [AI_REPLY] user=104556969123980 duration=473ms tokens=1798
[7/17/2026, 09:05:03] [INFO] [AI_REPLY] user=104556969123980 duration=526ms tokens=1802
[7/17/2026, 09:05:10] [INFO] [AI_REPLY] user=104556969123980 duration=457ms tokens=1797
[7/17/2026, 09:05:14] [INFO] [AI_REPLY] user=104556969123980 duration=250ms tokens=1791
[7/17/2026, 09:05:20] [INFO] [AI_REPLY] user=104556969123980 duration=1083ms tokens=1788
[7/17/2026, 09:05:28] [INFO] [AI_REPLY] user=104556969123980 duration=561ms tokens=1786
[7/17/2026, 09:05:28] [INFO] [TRAINER] استخرج 1 معلومة لـ 104556969123980
[7/17/2026, 09:05:35] [INFO] [AI_REPLY] user=104556969123980 duration=855ms tokens=1787
[7/17/2026, 09:05:50] [INFO] [AI_REPLY] user=104556969123980 duration=1686ms tokens=1782
[7/17/2026, 09:06:03] [INFO] [AI_REPLY] user=104556969123980 duration=1455ms tokens=1771
[7/17/2026, 09:06:28] [WARN] [AI_FALLBACK] Groq فشل (Connection error.) — الانتقال لـ Gemini
[7/17/2026, 09:06:39] [WARN] [AI_KEY_ROTATE] مفتاح Gemini بلغ الحد (429) — تدوير. متاح: 6/7
[7/17/2026, 09:06:39] [ERROR] [AI_BOTH_FAILED] Gemini فشل أيضاً: You exceeded your current quota, please check your plan and billing details. For more information on this error, head to: https://ai.google.dev/gemini-api/docs/rate-limits. To monitor your current usage, head to: https://ai.dev/rate-limit. 
* Quota exceeded for metric: generativelanguage.googleapis.com/generate_content_free_tier_requests, limit: 0, model: gemini-2.0-flash
* Quota exceeded for metric: generativelanguage.googleapis.com/generate_content_free_tier_requests, limit: 0, model: gemini-2.0-flash
* Quota exceeded for metric: generativelanguage.googleapis.com/generate_content_free_tier_input_token_count, limit: 0, model: gemini-2.0-flash
Please retry in 21.077778582s.
[7/17/2026, 09:06:39] [WARN] [AI_RATE_LIMIT] Rate limit — محاولة 1/2
[7/17/2026, 09:06:44] [INFO] [AI_REPLY] user=104556969123980 duration=35878ms tokens=1766
[7/17/2026, 09:07:24] [INFO] [AI_REPLY] user=104556969123980 duration=13054ms tokens=1761
[7/17/2026, 09:07:31] [INFO] [AI_REPLY] user=104556969123980 duration=6727ms tokens=1762
[7/17/2026, 09:07:58] [INFO] [AI_REPLY] user=104556969123980 duration=17136ms tokens=1756
[7/17/2026, 09:08:03] [INFO] [TRAINER] استخرج 1 معلومة لـ 104556969123980
[7/17/2026, 09:08:28] [WARN] [AI_FALLBACK] Groq فشل (Connection error.) — الانتقال لـ Gemini
[7/17/2026, 09:08:31] [ERROR] [AI_BOTH_FAILED] Gemini فشل أيضاً: fetch failed
[7/17/2026, 09:08:31] [ERROR] [AI_HANDLE] فشل الرد على 104556969123980: fetch failed
[7/17/2026, 09:08:40] [WARN] [AI_FALLBACK] Groq فشل (Connection error.) — الانتقال لـ Gemini
[7/17/2026, 09:08:42] [WARN] [AI_KEY_ROTATE] مفتاح Gemini بلغ الحد (429) — تدوير. متاح: 6/7
[7/17/2026, 09:08:42] [ERROR] [AI_BOTH_FAILED] Gemini فشل أيضاً: You exceeded your current quota, please check your plan and billing details. For more information on this error, head to: https://ai.google.dev/gemini-api/docs/rate-limits. To monitor your current usage, head to: https://ai.dev/rate-limit. 
* Quota exceeded for metric: generativelanguage.googleapis.com/generate_content_free_tier_input_token_count, limit: 0, model: gemini-2.0-flash
* Quota exceeded for metric: generativelanguage.googleapis.com/generate_content_free_tier_requests, limit: 0, model: gemini-2.0-flash
* Quota exceeded for metric: generativelanguage.googleapis.com/generate_content_free_tier_requests, limit: 0, model: gemini-2.0-flash
Please retry in 17.291667196s.
[7/17/2026, 09:08:42] [WARN] [AI_RATE_LIMIT] Rate limit — محاولة 1/2
[7/17/2026, 09:09:12] [INFO] [AI_REPLY] user=104556969123980 duration=38679ms tokens=1771
[7/17/2026, 09:09:15] [INFO] [AI_REPLY] user=104556969123980 duration=3486ms tokens=1767
[7/17/2026, 09:09:19] [INFO] [AI_REPLY] user=104556969123980 duration=3328ms tokens=1776
[7/17/2026, 09:09:23] [INFO] [AI_REPLY] user=104556969123980 duration=4697ms tokens=1775
[7/17/2026, 09:09:24] [INFO] [AI_REPLY] user=104556969123980 duration=309ms tokens=1797
[7/17/2026, 09:09:57] [INFO] [AI_REPLY] user=104556969123980 duration=2186ms tokens=1795
[7/17/2026, 09:10:08] [INFO] [AI_REPLY] user=104556969123980 duration=487ms tokens=1794
[7/17/2026, 09:29:32] [WARN] [AI_CONFIG] GROQ_KEY غير موجود في .env — Groq لن يعمل.
[7/17/2026, 09:29:32] [WARN] [AI_CONFIG] GEMINI_API_KEYS غير موجود — Gemini fallback غير متاح.
[7/17/2026, 09:33:11] [WARN] [AI_CONFIG] GROQ_KEY غير موجود في .env — Groq لن يعمل.
[7/17/2026, 09:33:11] [WARN] [AI_CONFIG] GEMINI_API_KEYS غير موجود — Gemini fallback غير متاح.
[7/17/2026, 09:33:23] [WARN] [AI_FALLBACK] Groq فشل (Groq client غير مُهيأ — GROQ_KEY مفقود) — الانتقال لـ Gemini
[7/17/2026, 09:33:23] [ERROR] [AI_BOTH_FAILED] Gemini فشل أيضاً: Gemini غير متاح — لا توجد مفاتيح
[7/17/2026, 09:33:23] [ERROR] [AI_HANDLE] فشل الرد على 120727705546843: Gemini غير متاح — لا توجد مفاتيح
[7/17/2026, 09:33:23] [WARN] [AI_FALLBACK] Groq فشل (Groq client غير مُهيأ — GROQ_KEY مفقود) — الانتقال لـ Gemini
[7/17/2026, 09:33:23] [ERROR] [AI_BOTH_FAILED] Gemini فشل أيضاً: Gemini غير متاح — لا توجد مفاتيح
[7/17/2026, 09:33:23] [ERROR] [AI_HANDLE] فشل الرد على 104556969123980: Gemini غير متاح — لا توجد مفاتيح
[7/17/2026, 09:33:47] [WARN] [AI_FALLBACK] Groq فشل (Groq client غير مُهيأ — GROQ_KEY مفقود) — الانتقال لـ Gemini
[7/17/2026, 09:33:47] [ERROR] [AI_BOTH_FAILED] Gemini فشل أيضاً: Gemini غير متاح — لا توجد مفاتيح
[7/17/2026, 09:33:47] [ERROR] [AI_HANDLE] فشل الرد على 104556969123980: Gemini غير متاح — لا توجد مفاتيح
[7/17/2026, 09:34:06] [WARN] [AI_FALLBACK] Groq فشل (Groq client غير مُهيأ — GROQ_KEY مفقود) — الانتقال لـ Gemini
[7/17/2026, 09:34:06] [ERROR] [AI_BOTH_FAILED] Gemini فشل أيضاً: Gemini غير متاح — لا توجد مفاتيح
[7/17/2026, 09:34:06] [ERROR] [AI_HANDLE] فشل الرد على 104556969123980: Gemini غير متاح — لا توجد مفاتيح
[7/17/2026, 09:37:27] [WARN] [AI_FALLBACK] Groq فشل (Groq client غير مُهيأ — GROQ_KEY مفقود) — الانتقال لـ Gemini
[7/17/2026, 09:37:27] [ERROR] [AI_BOTH_FAILED] Gemini فشل أيضاً: Gemini غير متاح — لا توجد مفاتيح
[7/17/2026, 09:37:27] [ERROR] [AI_HANDLE] فشل الرد على 104556969123980: Gemini غير متاح — لا توجد مفاتيح
[7/17/2026, 09:41:13] [WARN] [AI_FALLBACK] Groq فشل (Groq client غير مُهيأ — GROQ_KEY مفقود) — الانتقال لـ Gemini
[7/17/2026, 09:41:13] [ERROR] [AI_BOTH_FAILED] Gemini فشل أيضاً: Gemini غير متاح — لا توجد مفاتيح
[7/17/2026, 09:41:13] [ERROR] [AI_HANDLE] فشل الرد على 104556969123980: Gemini غير متاح — لا توجد مفاتيح
[7/17/2026, 09:41:59] [WARN] [AI_FALLBACK] Groq فشل (Groq client غير مُهيأ — GROQ_KEY مفقود) — الانتقال لـ Gemini
[7/17/2026, 09:41:59] [ERROR] [AI_BOTH_FAILED] Gemini فشل أيضاً: Gemini غير متاح — لا توجد مفاتيح
[7/17/2026, 09:41:59] [ERROR] [AI_HANDLE] فشل الرد على 104556969123980: Gemini غير متاح — لا توجد مفاتيح
[7/17/2026, 09:42:33] [WARN] [AI_FALLBACK] Groq فشل (Groq client غير مُهيأ — GROQ_KEY مفقود) — الانتقال لـ Gemini
[7/17/2026, 09:42:33] [ERROR] [AI_BOTH_FAILED] Gemini فشل أيضاً: Gemini غير متاح — لا توجد مفاتيح
[7/17/2026, 09:42:33] [ERROR] [AI_HANDLE] فشل الرد على 104556969123980: Gemini غير متاح — لا توجد مفاتيح
[7/17/2026, 09:42:34] [WARN] [AI_CONFIG] GROQ_KEY غير موجود في .env — Groq لن يعمل.
[7/17/2026, 09:42:34] [WARN] [AI_CONFIG] GEMINI_API_KEYS غير موجود — Gemini fallback غير متاح.
[7/17/2026, 09:44:21] [WARN] [AI_CONFIG] GROQ_KEY غير موجود في .env — Groq لن يعمل.
[7/17/2026, 09:44:21] [WARN] [AI_CONFIG] GEMINI_API_KEYS غير موجود — Gemini fallback غير متاح.
[7/17/2026, 09:44:27] [WARN] [AI_FALLBACK] Groq فشل (Groq client غير مُهيأ — GROQ_KEY مفقود) — الانتقال لـ Gemini
[7/17/2026, 09:44:27] [ERROR] [AI_BOTH_FAILED] Gemini فشل أيضاً: Gemini غير متاح — لا توجد مفاتيح
[7/17/2026, 09:44:27] [ERROR] [AI_HANDLE] فشل الرد على 104556969123980: Gemini غير متاح — لا توجد مفاتيح
[7/17/2026, 09:44:44] [WARN] [AI_FALLBACK] Groq فشل (Groq client غير مُهيأ — GROQ_KEY مفقود) — الانتقال لـ Gemini
[7/17/2026, 09:44:44] [ERROR] [AI_BOTH_FAILED] Gemini فشل أيضاً: Gemini غير متاح — لا توجد مفاتيح
[7/17/2026, 09:44:44] [ERROR] [AI_HANDLE] فشل الرد على 104556969123980: Gemini غير متاح — لا توجد مفاتيح
[7/17/2026, 09:44:56] [WARN] [AI_FALLBACK] Groq فشل (Groq client غير مُهيأ — GROQ_KEY مفقود) — الانتقال لـ Gemini
[7/17/2026, 09:44:56] [ERROR] [AI_BOTH_FAILED] Gemini فشل أيضاً: Gemini غير متاح — لا توجد مفاتيح
[7/17/2026, 09:44:56] [ERROR] [AI_HANDLE] فشل الرد على 104556969123980: Gemini غير متاح — لا توجد مفاتيح
[7/17/2026, 09:47:38] [WARN] [AI_FALLBACK] Groq فشل (Groq client غير مُهيأ — GROQ_KEY مفقود) — الانتقال لـ Gemini
[7/17/2026, 09:47:38] [ERROR] [AI_BOTH_FAILED] Gemini فشل أيضاً: Gemini غير متاح — لا توجد مفاتيح
[7/17/2026, 09:47:38] [ERROR] [AI_HANDLE] فشل الرد على 104556969123980: Gemini غير متاح — لا توجد مفاتيح
[7/17/2026, 09:51:33] [WARN] [AI_CONFIG] GROQ_KEY غير موجود في .env — Groq لن يعمل.
[7/17/2026, 09:51:34] [WARN] [AI_CONFIG] GEMINI_API_KEYS غير موجود — Gemini fallback غير متاح.
[7/17/2026, 09:54:37] [WARN] [AI_FALLBACK] Groq فشل (Groq client غير مُهيأ — GROQ_KEY مفقود) — الانتقال لـ Gemini
[7/17/2026, 09:54:37] [ERROR] [AI_BOTH_FAILED] Gemini فشل أيضاً: Gemini غير متاح — لا توجد مفاتيح
[7/17/2026, 09:54:37] [ERROR] [AI_HANDLE] فشل الرد على 104556969123980: Gemini غير متاح — لا توجد مفاتيح
[7/17/2026, 09:55:33] [WARN] [AI_FALLBACK] Groq فشل (Groq client غير مُهيأ — GROQ_KEY مفقود) — الانتقال لـ Gemini
[7/17/2026, 09:55:33] [ERROR] [AI_BOTH_FAILED] Gemini فشل أيضاً: Gemini غير متاح — لا توجد مفاتيح
[7/17/2026, 09:55:33] [ERROR] [AI_HANDLE] فشل الرد على 104556969123980: Gemini غير متاح — لا توجد مفاتيح
[7/17/2026, 10:09:51] [WARN] [AI_CONFIG] GROQ_KEY غير موجود في .env — Groq لن يعمل.
[7/17/2026, 10:09:51] [WARN] [AI_CONFIG] GEMINI_API_KEYS غير موجود — Gemini fallback غير متاح.
[7/17/2026, 10:24:09] [WARN] [AI_CONFIG] GROQ_KEY غير موجود في .env — Groq لن يعمل.
[7/17/2026, 10:24:09] [WARN] [AI_CONFIG] GEMINI_API_KEYS غير موجود — Gemini fallback غير متاح.
[7/17/2026, 10:29:11] [WARN] [AI_CONFIG] GROQ_KEY غير موجود في .env — Groq لن يعمل.
[7/17/2026, 10:29:11] [WARN] [AI_CONFIG] GEMINI_API_KEYS غير موجود — Gemini fallback غير متاح.
[7/17/2026, 10:38:52] [WARN] [AI_CONFIG] GROQ_KEY غير موجود في .env — Groq لن يعمل.
[7/17/2026, 10:38:52] [WARN] [AI_CONFIG] GEMINI_API_KEYS غير موجود — Gemini fallback غير متاح.
[7/17/2026, 11:18:16] [WARN] [AI_CONFIG] GROQ_KEY غير موجود في .env — Groq لن يعمل.
[7/17/2026, 11:18:17] [WARN] [AI_CONFIG] GEMINI_API_KEYS غير موجود — Gemini fallback غير متاح.
[7/17/2026, 11:23:52] [WARN] [AI_CONFIG] GROQ_KEY غير موجود في .env — Groq لن يعمل.
[7/17/2026, 11:23:52] [WARN] [AI_CONFIG] GEMINI_API_KEYS غير موجود — Gemini fallback غير متاح.
[7/17/2026, 11:26:57] [WARN] [AI_CONFIG] GROQ_KEY غير موجود في .env — Groq لن يعمل.
[7/17/2026, 11:26:57] [WARN] [AI_CONFIG] GEMINI_API_KEYS غير موجود — Gemini fallback غير متاح.
[7/17/2026, 11:30:53] [WARN] [AI_FALLBACK] Groq فشل (Groq client غير مُهيأ — GROQ_KEY مفقود) — الانتقال لـ Gemini
[7/17/2026, 11:30:53] [ERROR] [AI_BOTH_FAILED] Gemini فشل أيضاً: Gemini غير متاح — لا توجد مفاتيح
[7/17/2026, 11:30:53] [ERROR] [AI_HANDLE] فشل الرد على status: Gemini غير متاح — لا توجد مفاتيح
[7/17/2026, 11:31:56] [WARN] [AI_CONFIG] GROQ_KEY غير موجود في .env — Groq لن يعمل.
[7/17/2026, 11:31:56] [WARN] [AI_CONFIG] GEMINI_API_KEYS غير موجود — Gemini fallback غير متاح.
[7/17/2026, 11:44:51] [WARN] [AI_FALLBACK] Groq فشل (Groq client غير مُهيأ — GROQ_KEY مفقود) — الانتقال لـ Gemini
[7/17/2026, 11:44:51] [ERROR] [AI_BOTH_FAILED] Gemini فشل أيضاً: Gemini غير متاح — لا توجد مفاتيح
[7/17/2026, 11:44:51] [ERROR] [AI_HANDLE] فشل الرد على status: Gemini غير متاح — لا توجد مفاتيح
[7/17/2026, 11:50:48] [WARN] [AI_CONFIG] GROQ_KEY غير موجود في .env — Groq لن يعمل.
[7/17/2026, 11:50:48] [WARN] [AI_CONFIG] GEMINI_API_KEYS غير موجود — Gemini fallback غير متاح.
[7/17/2026, 12:00:11] [WARN] [AI_FALLBACK] Groq فشل (Groq client غير مُهيأ — GROQ_KEY مفقود) — الانتقال لـ Gemini
[7/17/2026, 12:00:11] [ERROR] [AI_BOTH_FAILED] Gemini فشل أيضاً: Gemini غير متاح — لا توجد مفاتيح
[7/17/2026, 12:00:11] [ERROR] [AI_HANDLE] فشل الرد على 149736149536910: Gemini غير متاح — لا توجد مفاتيح
[7/17/2026, 12:00:44] [WARN] [AI_FALLBACK] Groq فشل (Groq client غير مُهيأ — GROQ_KEY مفقود) — الانتقال لـ Gemini
[7/17/2026, 12:00:44] [ERROR] [AI_BOTH_FAILED] Gemini فشل أيضاً: Gemini غير متاح — لا توجد مفاتيح
[7/17/2026, 12:00:44] [ERROR] [AI_HANDLE] فشل الرد على 13615096664143: Gemini غير متاح — لا توجد مفاتيح
[7/17/2026, 12:01:49] [INFO] [AI_CONFIG] Groq مُعد: llama-3.3-70b-versatile
[7/17/2026, 12:01:50] [INFO] [AI_CONFIG] Gemini fallback: 7 مفتاح، حد 5 طلب/دقيقة.
[7/17/2026, 12:52:54] [INFO] [AI_CONFIG] Groq مُعد: llama-3.3-70b-versatile
[7/17/2026, 12:52:54] [INFO] [AI_CONFIG] Gemini fallback: 7 مفتاح، حد 5 طلب/دقيقة.
[7/17/2026, 12:53:05] [INFO] [AI_REPLY] user=status duration=642ms tokens=1194
[7/17/2026, 12:53:06] [INFO] [AI_REPLY] user=104556969123980 duration=646ms tokens=1380
[7/17/2026, 12:53:06] [INFO] [AI_REPLY] user=172495080583230 duration=590ms tokens=1231
[7/17/2026, 13:12:15] [INFO] [AI_REPLY] user=172495080583230 duration=911ms tokens=1282
[7/17/2026, 13:48:29] [INFO] [AI_CONFIG] Groq مُعد: llama-3.3-70b-versatile
[7/17/2026, 13:48:29] [INFO] [AI_CONFIG] Gemini fallback: 7 مفتاح، حد 5 طلب/دقيقة.
[7/17/2026, 14:00:03] [INFO] [AI_CONFIG] Groq مُعد: llama-3.3-70b-versatile
[7/17/2026, 14:00:03] [INFO] [AI_CONFIG] Gemini fallback: 7 مفتاح، حد 5 طلب/دقيقة.
[7/17/2026, 14:07:46] [INFO] [AI_REPLY] user=132113529622621 duration=516ms tokens=1193
[7/17/2026, 14:08:12] [INFO] [AI_REPLY] user=132113529622621 duration=5683ms tokens=1255
[7/17/2026, 14:08:53] [INFO] [AI_REPLY] user=132113529622621 duration=5889ms tokens=1384
[7/17/2026, 14:09:32] [INFO] [AI_REPLY] user=132113529622621 duration=934ms tokens=1459
[7/19/2026, 08:08:41] [INFO] [AI_CONFIG] Groq مُعد: llama-3.3-70b-versatile
[7/19/2026, 08:08:41] [INFO] [AI_CONFIG] Gemini fallback: 7 مفتاح، حد 5 طلب/دقيقة.
[7/19/2026, 08:09:44] [INFO] [AI_CONFIG] Groq مُعد: llama-3.3-70b-versatile
[7/19/2026, 08:09:44] [INFO] [AI_CONFIG] Gemini fallback: 7 مفتاح، حد 5 طلب/دقيقة.
[7/19/2026, 08:18:41] [INFO] [AI_CONFIG] Groq مُعد: llama-3.3-70b-versatile
[7/19/2026, 08:18:41] [INFO] [AI_CONFIG] Gemini fallback: 7 مفتاح، حد 5 طلب/دقيقة.
[7/19/2026, 08:57:16] [INFO] [AI_CONFIG] Groq مُعد: llama-3.3-70b-versatile
[7/19/2026, 08:57:16] [INFO] [AI_CONFIG] Gemini fallback: 7 مفتاح، حد 5 طلب/دقيقة.
[7/19/2026, 23:08:25] [INFO] [AI_CONFIG] Groq مُعد: llama-3.3-70b-versatile
[7/19/2026, 23:08:25] [INFO] [AI_CONFIG] Gemini fallback: 7 مفتاح، حد 5 طلب/دقيقة.
[7/19/2026, 23:59:52] [INFO] [AI_CONFIG] Groq مُعد: llama-3.3-70b-versatile
[7/19/2026, 23:59:53] [INFO] [AI_CONFIG] Gemini fallback: 7 مفتاح، حد 5 طلب/دقيقة.
[7/20/2026, 01:15:20] [INFO] [AI_CONFIG] Groq مُعد: llama-3.3-70b-versatile
[7/20/2026, 01:15:20] [INFO] [AI_CONFIG] Gemini fallback: 7 مفتاح، حد 5 طلب/دقيقة.
[8/1/2026, 15:43:31] [INFO] [AI_CONFIG] Groq مُعد: llama-3.3-70b-versatile
[8/1/2026, 15:43:31] [INFO] [AI_CONFIG] Gemini fallback: 7 مفتاح، حد 5 طلب/دقيقة.
[8/1/2026, 15:43:42] [INFO] [AI_CONFIG] Groq مُعد: llama-3.3-70b-versatile
[8/1/2026, 15:43:42] [INFO] [AI_CONFIG] Gemini fallback: 7 مفتاح، حد 5 طلب/دقيقة.
[8/1/2026, 18:08:56] [INFO] [AI_CONFIG] Groq مُعد: llama-3.3-70b-versatile
[8/1/2026, 18:08:56] [INFO] [AI_CONFIG] Gemini fallback: 7 مفتاح، حد 5 طلب/دقيقة.
[8/2/2026, 07:43:46] [INFO] [AI_CONFIG] Groq مُعد: llama-3.3-70b-versatile
[8/2/2026, 07:43:46] [INFO] [AI_CONFIG] Gemini fallback: 7 مفتاح، حد 5 طلب/دقيقة.
[8/7/2026, 22:54:40] [INFO] [AI_CONFIG] Groq مُعد: llama-3.3-70b-versatile
[8/7/2026, 22:54:40] [INFO] [AI_CONFIG] Gemini fallback: 7 مفتاح، حد 5 طلب/دقيقة.
[8/7/2026, 22:54:49] [INFO] [AI_CONFIG] Groq مُعد: llama-3.3-70b-versatile
[8/7/2026, 22:54:49] [INFO] [AI_CONFIG] Gemini fallback: 7 مفتاح، حد 5 طلب/دقيقة.
[8/7/2026, 22:59:16] [INFO] [AI_CONFIG] Groq مُعد: llama-3.3-70b-versatile
[8/7/2026, 22:59:16] [INFO] [AI_CONFIG] Gemini fallback: 7 مفتاح، حد 5 طلب/دقيقة.
[8/7/2026, 22:59:45] [INFO] [AI_CONFIG] Groq مُعد: llama-3.3-70b-versatile
[8/7/2026, 22:59:46] [INFO] [AI_CONFIG] Gemini fallback: 7 مفتاح، حد 5 طلب/دقيقة.
[8/7/2026, 23:07:09] [INFO] [AI_CONFIG] Groq مُعد: llama-3.3-70b-versatile
[8/7/2026, 23:07:09] [INFO] [AI_CONFIG] Gemini fallback: 7 مفتاح، حد 5 طلب/دقيقة.
[8/7/2026, 23:09:32] [INFO] [AI_CONFIG] Groq مُعد: llama-3.3-70b-versatile
[8/7/2026, 23:09:32] [INFO] [AI_CONFIG] Gemini fallback: 7 مفتاح، حد 5 طلب/دقيقة.
[8/7/2026, 23:10:22] [INFO] [AI_CONFIG] Groq مُعد: llama-3.3-70b-versatile
[8/7/2026, 23:10:22] [INFO] [AI_CONFIG] Gemini fallback: 7 مفتاح، حد 5 طلب/دقيقة.
[8/7/2026, 23:16:04] [INFO] [AI_CONFIG] Groq مُعد: llama-3.3-70b-versatile
[8/7/2026, 23:16:04] [INFO] [AI_CONFIG] Gemini fallback: 7 مفتاح، حد 5 طلب/دقيقة.
[8/7/2026, 23:17:01] [INFO] [AI_CONFIG] Groq مُعد: llama-3.3-70b-versatile
[8/7/2026, 23:17:01] [INFO] [AI_CONFIG] Gemini fallback: 7 مفتاح، حد 5 طلب/دقيقة.
[8/7/2026, 23:22:49] [INFO] [AI_CONFIG] Groq مُعد: llama-3.3-70b-versatile
[8/7/2026, 23:22:49] [INFO] [AI_CONFIG] Gemini fallback: 7 مفتاح، حد 5 طلب/دقيقة.
[8/7/2026, 23:29:32] [INFO] [AI_CONFIG] Groq مُعد: llama-3.3-70b-versatile
[8/7/2026, 23:29:32] [INFO] [AI_CONFIG] Gemini fallback: 7 مفتاح، حد 5 طلب/دقيقة.
[8/7/2026, 23:32:45] [INFO] [AI_CONFIG] Groq مُعد: llama-3.3-70b-versatile
[8/7/2026, 23:32:45] [INFO] [AI_CONFIG] Gemini fallback: 7 مفتاح، حد 5 طلب/دقيقة.
[8/8/2026, 01:32:11] [INFO] [AI_CONFIG] Groq مُعد: llama-3.3-70b-versatile
[8/8/2026, 01:32:11] [INFO] [AI_CONFIG] Gemini fallback: 7 مفتاح، حد 5 طلب/دقيقة.
[8/8/2026, 11:27:46] [INFO] [AI_CONFIG] Groq مُعد: llama-3.3-70b-versatile
[8/8/2026, 11:27:46] [INFO] [AI_CONFIG] Gemini fallback: 7 مفتاح، حد 5 طلب/دقيقة.
[8/8/2026, 11:30:53] [INFO] [AI_CONFIG] Groq مُعد: llama-3.3-70b-versatile
[8/8/2026, 11:30:53] [INFO] [AI_CONFIG] Gemini fallback: 7 مفتاح، حد 5 طلب/دقيقة.
[8/8/2026, 11:44:58] [INFO] [AI_CONFIG] Groq مُعد: llama-3.3-70b-versatile
[8/8/2026, 11:44:58] [INFO] [AI_CONFIG] Gemini fallback: 7 مفتاح، حد 5 طلب/دقيقة.
[8/8/2026, 12:54:07] [INFO] [AI_CONFIG] Groq مُعد: llama-3.3-70b-versatile
[8/8/2026, 12:54:07] [INFO] [AI_CONFIG] Gemini fallback: 7 مفتاح، حد 5 طلب/دقيقة.
[8/8/2026, 13:35:42] [INFO] [AI_CONFIG] Groq مُعد: llama-3.3-70b-versatile
[8/8/2026, 13:35:42] [INFO] [AI_CONFIG] Gemini fallback: 7 مفتاح، حد 5 طلب/دقيقة.
[8/8/2026, 13:38:42] [INFO] [AI_CONFIG] Groq مُعد: llama-3.3-70b-versatile
[8/8/2026, 13:38:42] [INFO] [AI_CONFIG] Gemini fallback: 7 مفتاح، حد 5 طلب/دقيقة.
[8/8/2026, 14:23:21] [INFO] [AI_CONFIG] Groq مُعد: llama-3.3-70b-versatile
[8/8/2026, 14:23:22] [INFO] [AI_CONFIG] Gemini fallback: 7 مفتاح، حد 5 طلب/دقيقة.
[8/8/2026, 14:23:50] [INFO] [AI_CONFIG] Groq مُعد: llama-3.3-70b-versatile
[8/8/2026, 14:23:50] [INFO] [AI_CONFIG] Gemini fallback: 7 مفتاح، حد 5 طلب/دقيقة.
[8/8/2026, 14:25:17] [INFO] [AI_CONFIG] Groq مُعد: llama-3.3-70b-versatile
[8/8/2026, 14:25:17] [INFO] [AI_CONFIG] Gemini fallback: 7 مفتاح، حد 5 طلب/دقيقة.
[8/8/2026, 14:28:07] [INFO] [AI_CONFIG] Groq مُعد: llama-3.3-70b-versatile
[8/8/2026, 14:28:07] [INFO] [AI_CONFIG] Gemini fallback: 7 مفتاح، حد 5 طلب/دقيقة.
[8/8/2026, 14:47:34] [INFO] [AI_CONFIG] Groq مُعد: llama-3.3-70b-versatile
[8/8/2026, 14:47:35] [INFO] [AI_CONFIG] Gemini fallback: 7 مفتاح، حد 5 طلب/دقيقة.
[8/8/2026, 15:00:23] [INFO] [AI_CONFIG] Groq مُعد: llama-3.3-70b-versatile
[8/8/2026, 15:00:23] [INFO] [AI_CONFIG] Gemini fallback: 7 مفتاح، حد 5 طلب/دقيقة.
[8/8/2026, 15:12:14] [INFO] [AI_CONFIG] Groq مُعد: llama-3.3-70b-versatile
[8/8/2026, 15:12:14] [INFO] [AI_CONFIG] Gemini fallback: 7 مفتاح، حد 5 طلب/دقيقة.
[8/8/2026, 15:29:21] [INFO] [AI_CONFIG] Groq مُعد: llama-3.3-70b-versatile
[8/8/2026, 15:29:21] [INFO] [AI_CONFIG] Gemini fallback: 7 مفتاح، حد 5 طلب/دقيقة.
[8/8/2026, 15:48:21] [INFO] [AI_CONFIG] Groq مُعد: llama-3.3-70b-versatile
[8/8/2026, 15:48:21] [INFO] [AI_CONFIG] Gemini fallback: 7 مفتاح، حد 5 طلب/دقيقة.
[8/8/2026, 16:36:24] [INFO] [AI_CONFIG] Groq مُعد: llama-3.3-70b-versatile
[8/8/2026, 16:36:24] [INFO] [AI_CONFIG] Gemini fallback: 7 مفتاح، حد 5 طلب/دقيقة.
[8/8/2026, 17:36:22] [INFO] [AI_CONFIG] Groq مُعد: llama-3.3-70b-versatile
[8/8/2026, 17:36:22] [INFO] [AI_CONFIG] Gemini fallback: 7 مفتاح، حد 5 طلب/دقيقة.
[8/8/2026, 19:19:43] [INFO] [AI_CONFIG] Groq مُعد: llama-3.3-70b-versatile
[8/8/2026, 19:19:43] [INFO] [AI_CONFIG] Gemini fallback: 7 مفتاح، حد 5 طلب/دقيقة.
[8/8/2026, 19:24:21] [INFO] [AI_CONFIG] Groq مُعد: llama-3.3-70b-versatile
[8/8/2026, 19:24:22] [INFO] [AI_CONFIG] Gemini fallback: 7 مفتاح، حد 5 طلب/دقيقة.
[8/8/2026, 19:55:58] [INFO] [AI_CONFIG] Groq مُعد: llama-3.3-70b-versatile
[8/8/2026, 19:55:58] [INFO] [AI_CONFIG] Gemini fallback: 7 مفتاح، حد 5 طلب/دقيقة.
[8/8/2026, 20:11:57] [INFO] [AI_CONFIG] Groq مُعد: llama-3.3-70b-versatile
[8/8/2026, 20:11:57] [INFO] [AI_CONFIG] Gemini fallback: 7 مفتاح، حد 5 طلب/دقيقة.
[8/8/2026, 20:36:28] [INFO] [AI_CONFIG] Groq مُعد: llama-3.3-70b-versatile
[8/8/2026, 20:36:28] [INFO] [AI_CONFIG] Gemini fallback: 7 مفتاح، حد 5 طلب/دقيقة.
[8/8/2026, 20:40:14] [INFO] [AI_CONFIG] Groq مُعد: llama-3.3-70b-versatile
[8/8/2026, 20:40:14] [INFO] [AI_CONFIG] Gemini fallback: 7 مفتاح، حد 5 طلب/دقيقة.
[8/9/2026, 10:20:29] [INFO] [AI_CONFIG] Groq مُعد: llama-3.3-70b-versatile
[8/9/2026, 10:20:29] [INFO] [AI_CONFIG] Gemini fallback: 7 مفتاح، حد 5 طلب/دقيقة.
[8/9/2026, 15:53:51] [INFO] [AI_CONFIG] Groq مُعد: llama-3.3-70b-versatile
[8/9/2026, 15:53:51] [INFO] [AI_CONFIG] Gemini fallback: 7 مفتاح، حد 5 طلب/دقيقة.
[8/9/2026, 15:59:45] [INFO] [AI_CONFIG] Groq مُعد: llama-3.3-70b-versatile
[8/9/2026, 15:59:45] [INFO] [AI_CONFIG] Gemini fallback: 7 مفتاح، حد 5 طلب/دقيقة.
[8/9/2026, 19:17:29] [INFO] [AI_CONFIG] Groq مُعد: llama-3.3-70b-versatile
[8/9/2026, 19:17:29] [INFO] [AI_CONFIG] Gemini fallback: 7 مفتاح، حد 5 طلب/دقيقة.
[8/9/2026, 19:25:28] [INFO] [AI_CONFIG] Groq مُعد: llama-3.3-70b-versatile
[8/9/2026, 19:25:28] [INFO] [AI_CONFIG] Gemini fallback: 7 مفتاح، حد 5 طلب/دقيقة.
[8/9/2026, 19:25:41] [INFO] [AI_CONFIG] Groq مُعد: llama-3.3-70b-versatile
[8/9/2026, 19:25:41] [INFO] [AI_CONFIG] Gemini fallback: 7 مفتاح، حد 5 طلب/دقيقة.
                                                                                                                                                                                 [8/9/2026, 21:49:46] [INFO] [AI_CONFIG] Groq مُعد: llama-3.3-70b-versatile
[8/9/2026, 21:49:46] [INFO] [AI_CONFIG] Gemini fallback: 7 مفتاح، حد 5 طلب/دقيقة.
[8/10/2026, 00:38:49] [INFO] [AI_CONFIG] Groq مُعد: llama-3.3-70b-versatile
[8/10/2026, 00:38:49] [INFO] [AI_CONFIG] Gemini fallback: 7 مفتاح، حد 5 طلب/دقيقة.
[8/10/2026, 02:33:55] [INFO] [AI_CONFIG] Groq مُعد: llama-3.3-70b-versatile
[8/10/2026, 02:33:55] [INFO] [AI_CONFIG] Gemini fallback: 7 مفتاح، حد 5 طلب/دقيقة.
[8/10/2026, 02:55:57] [INFO] [AI_CONFIG] Groq مُعد: llama-3.3-70b-versatile
[8/10/2026, 02:55:57] [INFO] [AI_CONFIG] Gemini fallback: 7 مفتاح، حد 5 طلب/دقيقة.
[8/10/2026, 02:56:56] [INFO] [AI_CONFIG] Groq مُعد: llama-3.3-70b-versatile
[8/10/2026, 02:56:56] [INFO] [AI_CONFIG] Gemini fallback: 7 مفتاح، حد 5 طلب/دقيقة.
[8/10/2026, 03:40:57] [INFO] [AI_CONFIG] Groq مُعد: llama-3.3-70b-versatile
[8/10/2026, 03:40:57] [INFO] [AI_CONFIG] Gemini fallback: 7 مفتاح، حد 5 طلب/دقيقة.
[8/10/2026, 11:46:25] [INFO] [AI_CONFIG] Groq مُعد: llama-3.3-70b-versatile
[8/10/2026, 11:46:25] [INFO] [AI_CONFIG] Gemini fallback: 7 مفتاح، حد 5 طلب/دقيقة.
[8/10/2026, 12:02:29] [INFO] [AI_CONFIG] Groq مُعد: llama-3.3-70b-versatile
[8/10/2026, 12:02:30] [INFO] [AI_CONFIG] Gemini fallback: 7 مفتاح، حد 5 طلب/دقيقة.
[8/10/2026, 12:03:26] [INFO] [AI_CONFIG] Groq مُعد: llama-3.3-70b-versatile
[8/10/2026, 12:03:26] [INFO] [AI_CONFIG] Gemini fallback: 7 مفتاح، حد 5 طلب/دقيقة.
[8/10/2026, 12:04:40] [INFO] [AI_CONFIG] Groq مُعد: llama-3.3-70b-versatile
[8/10/2026, 12:04:40] [INFO] [AI_CONFIG] Gemini fallback: 7 مفتاح، حد 5 طلب/دقيقة.
[8/11/2026, 16:28:44] [INFO] [AI_CONFIG] Groq مُعد: llama-3.3-70b-versatile
[8/11/2026, 16:28:44] [INFO] [AI_CONFIG] Gemini fallback: 7 مفتاح، حد 5 طلب/دقيقة.
[8/11/2026, 16:29:00] [INFO] [AI_CONFIG] Groq مُعد: llama-3.3-70b-versatile
[8/11/2026, 16:29:00] [INFO] [AI_CONFIG] Gemini fallback: 7 مفتاح، حد 5 طلب/دقيقة.
[8/11/2026, 16:29:20] [INFO] [AI_CONFIG] Groq مُعد: llama-3.3-70b-versatile
[8/11/2026, 16:29:20] [INFO] [AI_CONFIG] Gemini fallback: 7 مفتاح، حد 5 طلب/دقيقة.
[8/11/2026, 16:29:33] [INFO] [AI_CONFIG] Groq مُعد: llama-3.3-70b-versatile
[8/11/2026, 16:29:33] [INFO] [AI_CONFIG] Gemini fallback: 7 مفتاح، حد 5 طلب/دقيقة.
[8/11/2026, 16:38:25] [INFO] [AI_CONFIG] Groq مُعد: llama-3.3-70b-versatile
[8/11/2026, 16:38:25] [INFO] [AI_CONFIG] Gemini fallback: 7 مفتاح، حد 5 طلب/دقيقة.
[8/11/2026, 16:41:18] [INFO] [AI_CONFIG] Groq مُعد: llama-3.3-70b-versatile
[8/11/2026, 16:41:19] [INFO] [AI_CONFIG] Gemini fallback: 7 مفتاح، حد 5 طلب/دقيقة.
[8/11/2026, 16:44:08] [INFO] [AI_CONFIG] Groq مُعد: llama-3.3-70b-versatile
[8/11/2026, 16:44:08] [INFO] [AI_CONFIG] Gemini fallback: 7 مفتاح، حد 5 طلب/دقيقة.
[8/11/2026, 16:44:46] [INFO] [AI_CONFIG] Groq مُعد: llama-3.3-70b-versatile
[8/11/2026, 16:44:46] [INFO] [AI_CONFIG] Gemini fallback: 7 مفتاح، حد 5 طلب/دقيقة.
[8/12/2026, 01:25:23] [INFO] [AI_CONFIG] Groq مُعد: llama-3.3-70b-versatile
[8/12/2026, 01:25:23] [INFO] [AI_CONFIG] Gemini fallback: 7 مفتاح، حد 5 طلب/دقيقة.
[8/12/2026, 17:33:13] [INFO] [AI_CONFIG] Groq مُعد: llama-3.3-70b-versatile
[8/12/2026, 17:33:13] [INFO] [AI_CONFIG] Gemini fallback: 7 مفتاح، حد 5 طلب/دقيقة.
[8/13/2026, 21:29:44] [INFO] [AI_CONFIG] Groq مُعد: llama-3.3-70b-versatile
[8/13/2026, 21:29:45] [INFO] [AI_CONFIG] Gemini fallback: 7 مفتاح، حد 5 طلب/دقيقة.
[8/13/2026, 21:30:06] [INFO] [AI_CONFIG] Groq مُعد: llama-3.3-70b-versatile
[8/13/2026, 21:30:06] [INFO] [AI_CONFIG] Gemini fallback: 7 مفتاح، حد 5 طلب/دقيقة.
[8/14/2026, 05:22:02] [INFO] [AI_CONFIG] Groq مُعد: llama-3.3-70b-versatile
[8/14/2026, 05:22:02] [INFO] [AI_CONFIG] Gemini fallback: 7 مفتاح، حد 5 طلب/دقيقة.
[8/15/2026, 09:25:42] [INFO] [AI_CONFIG] Groq مُعد: llama-3.3-70b-versatile
[8/15/2026, 09:25:42] [INFO] [AI_CONFIG] Gemini fallback: 7 مفتاح، حد 5 طلب/دقيقة.
[8/15/2026, 09:30:52] [INFO] [AI_CONFIG] Groq مُعد: llama-3.3-70b-versatile
[8/15/2026, 09:30:52] [INFO] [AI_CONFIG] Gemini fallback: 7 مفتاح، حد 5 طلب/دقيقة.
[8/15/2026, 09:37:34] [INFO] [AI_CONFIG] Groq مُعد: llama-3.3-70b-versatile
[8/15/2026, 09:37:34] [INFO] [AI_CONFIG] Gemini fallback: 7 مفتاح، حد 5 طلب/دقيقة.
[8/15/2026, 09:38:41] [INFO] [AI_CONFIG] Groq مُعد: llama-3.3-70b-versatile
[8/15/2026, 09:38:41] [INFO] [AI_CONFIG] Gemini fallback: 7 مفتاح، حد 5 طلب/دقيقة.
[8/15/2026, 09:52:20] [INFO] [AI_CONFIG] Groq مُعد: llama-3.3-70b-versatile
[8/15/2026, 09:52:20] [INFO] [AI_CONFIG] Gemini fallback: 7 مفتاح، حد 5 طلب/دقيقة.
[8/15/2026, 10:13:30] [INFO] [AI_CONFIG] Groq مُعد: llama-3.3-70b-versatile
[8/15/2026, 10:13:30] [INFO] [AI_CONFIG] Gemini fallback: 7 مفتاح، حد 5 طلب/دقيقة.
[8/15/2026, 10:18:49] [INFO] [AI_CONFIG] Groq مُعد: llama-3.3-70b-versatile
[8/15/2026, 10:18:49] [INFO] [AI_CONFIG] Gemini fallback: 7 مفتاح، حد 5 طلب/دقيقة.
[8/15/2026, 10:21:10] [INFO] [AI_CONFIG] Groq مُعد: llama-3.3-70b-versatile
[8/15/2026, 10:21:10] [INFO] [AI_CONFIG] Gemini fallback: 7 مفتاح، حد 5 طلب/دقيقة.
[8/15/2026, 10:32:21] [INFO] [AI_CONFIG] Groq مُعد: llama-3.3-70b-versatile
[8/15/2026, 10:32:21] [INFO] [AI_CONFIG] Gemini fallback: 7 مفتاح، حد 5 طلب/دقيقة.
[8/15/2026, 14:34:33] [INFO] [AI_CONFIG] Groq مُعد: llama-3.3-70b-versatile
[8/15/2026, 14:34:34] [INFO] [AI_CONFIG] Gemini fallback: 7 مفتاح، حد 5 طلب/دقيقة.
[8/15/2026, 19:27:11] [INFO] [AI_CONFIG] Groq مُعد: llama-3.3-70b-versatile
[8/15/2026, 19:27:11] [INFO] [AI_CONFIG] Gemini fallback: 7 مفتاح، حد 5 طلب/دقيقة.
[8/17/2026, 00:25:27] [INFO] [AI_CONFIG] Groq مُعد: llama-3.3-70b-versatile
[8/17/2026, 00:25:27] [INFO] [AI_CONFIG] Gemini fallback: 7 مفتاح، حد 5 طلب/دقيقة.
[8/17/2026, 00:26:04] [INFO] [AI_CONFIG] Groq مُعد: llama-3.3-70b-versatile
[8/17/2026, 00:26:04] [INFO] [AI_CONFIG] Gemini fallback: 7 مفتاح، حد 5 طلب/دقيقة.
[8/22/2026, 12:03:24] [INFO] [AI_CONFIG] Groq مُعد: llama-3.3-70b-versatile
[8/22/2026, 12:03:24] [INFO] [AI_CONFIG] Gemini fallback: 7 مفتاح، حد 5 طلب/دقيقة.
[8/22/2026, 12:03:32] [INFO] [AI_CONFIG] Groq مُعد: llama-3.3-70b-versatile
[8/22/2026, 12:03:32] [INFO] [AI_CONFIG] Gemini fallback: 7 مفتاح، حد 5 طلب/دقيقة.
[8/22/2026, 12:17:38] [INFO] [AI_CONFIG] Groq مُعد: llama-3.3-70b-versatile
[8/22/2026, 12:17:38] [INFO] [AI_CONFIG] Gemini fallback: 7 مفتاح، حد 5 طلب/دقيقة.
[8/22/2026, 20:10:20] [INFO] [AI_CONFIG] Groq مُعد: llama-3.3-70b-versatile
[8/22/2026, 20:10:20] [INFO] [AI_CONFIG] Gemini fallback: 7 مفتاح، حد 5 طلب/دقيقة.
[8/23/2026, 19:57:22] [INFO] [AI_CONFIG] Groq مُعد: llama-3.3-70b-versatile
[8/23/2026, 19:57:22] [INFO] [AI_CONFIG] Gemini fallback: 7 مفتاح، حد 5 طلب/دقيقة.
[8/24/2026, 13:54:44] [INFO] [AI_CONFIG] Groq مُعد: llama-3.3-70b-versatile
[8/24/2026, 13:54:44] [INFO] [AI_CONFIG] Gemini fallback: 7 مفتاح، حد 5 طلب/دقيقة.
[8/24/2026, 14:45:50] [INFO] [AI_CONFIG] Groq مُعد: llama-3.3-70b-versatile
[8/24/2026, 14:45:51] [INFO] [AI_CONFIG] Gemini fallback: 7 مفتاح، حد 5 طلب/دقيقة.
[8/24/2026, 16:07:35] [INFO] [AI_CONFIG] Groq مُعد: llama-3.3-70b-versatile
[8/24/2026, 16:07:35] [INFO] [AI_CONFIG] Gemini fallback: 7 مفتاح، حد 5 طلب/دقيقة.
[8/24/2026, 17:23:51] [INFO] [AI_CONFIG] Groq مُعد: llama-3.3-70b-versatile
[8/24/2026, 17:23:51] [INFO] [AI_CONFIG] Gemini fallback: 7 مفتاح، حد 5 طلب/دقيقة.
[8/24/2026, 17:35:14] [INFO] [AI_CONFIG] Groq مُعد: llama-3.3-70b-versatile
[8/24/2026, 17:35:14] [INFO] [AI_CONFIG] Gemini fallback: 7 مفتاح، حد 5 طلب/دقيقة.
[8/24/2026, 18:37:30] [INFO] [AI_CONFIG] Groq مُعد: llama-3.3-70b-versatile
[8/24/2026, 18:37:30] [INFO] [AI_CONFIG] Gemini fallback: 7 مفتاح، حد 5 طلب/دقيقة.
[8/24/2026, 18:39:02] [INFO] [AI_CONFIG] Groq مُعد: llama-3.3-70b-versatile
[8/24/2026, 18:39:02] [INFO] [AI_CONFIG] Gemini fallback: 7 مفتاح، حد 5 طلب/دقيقة.
[8/24/2026, 18:49:33] [INFO] [AI_CONFIG] Groq مُعد: llama-3.3-70b-versatile
[8/24/2026, 18:49:33] [INFO] [AI_CONFIG] Gemini fallback: 7 مفتاح، حد 5 طلب/دقيقة.
[8/24/2026, 18:56:02] [INFO] [AI_CONFIG] Groq مُعد: llama-3.3-70b-versatile
[8/24/2026, 18:56:02] [INFO] [AI_CONFIG] Gemini fallback: 7 مفتاح، حد 5 طلب/دقيقة.
[8/24/2026, 19:05:34] [INFO] [AI_CONFIG] Groq مُعد: llama-3.3-70b-versatile
[8/24/2026, 19:05:34] [INFO] [AI_CONFIG] Gemini fallback: 7 مفتاح، حد 5 طلب/دقيقة.
[8/24/2026, 19:07:10] [INFO] [AI_CONFIG] Groq مُعد: llama-3.3-70b-versatile
[8/24/2026, 19:07:10] [INFO] [AI_CONFIG] Gemini fallback: 7 مفتاح، حد 5 طلب/دقيقة.
[8/24/2026, 19:08:51] [INFO] [AI_CONFIG] Groq مُعد: llama-3.3-70b-versatile
[8/24/2026, 19:08:51] [INFO] [AI_CONFIG] Gemini fallback: 7 مفتاح، حد 5 طلب/دقيقة.
[8/24/2026, 19:12:11] [INFO] [AI_CONFIG] Groq مُعد: llama-3.3-70b-versatile
[8/24/2026, 19:12:11] [INFO] [AI_CONFIG] Gemini fallback: 7 مفتاح، حد 5 طلب/دقيقة.
[8/24/2026, 20:54:42] [INFO] [AI_CONFIG] Groq مُعد: llama-3.3-70b-versatile
[8/24/2026, 20:54:42] [INFO] [AI_CONFIG] Gemini fallback: 7 مفتاح، حد 5 طلب/دقيقة.
[8/24/2026, 22:49:04] [INFO] [AI_CONFIG] Groq مُعد: llama-3.3-70b-versatile
[8/24/2026, 22:49:04] [INFO] [AI_CONFIG] Gemini fallback: 7 مفتاح، حد 5 طلب/دقيقة.
[8/25/2026, 12:30:14] [INFO] [AI_CONFIG] Groq مُعد: llama-3.3-70b-versatile
[8/25/2026, 12:30:14] [INFO] [AI_CONFIG] Gemini fallback: 7 مفتاح، حد 5 طلب/دقيقة.
[8/25/2026, 13:56:43] [INFO] [AI_CONFIG] Groq مُعد: llama-3.3-70b-versatile
[8/25/2026, 13:56:43] [INFO] [AI_CONFIG] Gemini fallback: 7 مفتاح، حد 5 طلب/دقيقة.
[8/25/2026, 18:00:34] [INFO] [AI_CONFIG] Groq مُعد: llama-3.3-70b-versatile
[8/25/2026, 18:00:34] [INFO] [AI_CONFIG] Gemini fallback: 7 مفتاح، حد 5 طلب/دقيقة.
[8/25/2026, 18:53:29] [INFO] [AI_CONFIG] Groq مُعد: llama-3.3-70b-versatile
[8/25/2026, 18:53:29] [INFO] [AI_CONFIG] Gemini fallback: 7 مفتاح، حد 5 طلب/دقيقة.
[8/25/2026, 19:38:55] [INFO] [AI_CONFIG] Groq مُعد: llama-3.3-70b-versatile
[8/25/2026, 19:38:55] [INFO] [AI_CONFIG] Gemini fallback: 7 مفتاح، حد 5 طلب/دقيقة.
[8/26/2026, 12:55:25] [INFO] [AI_CONFIG] Groq مُعد: llama-3.3-70b-versatile
[8/26/2026, 12:55:25] [INFO] [AI_CONFIG] Gemini fallback: 7 مفتاح، حد 5 طلب/دقيقة.
[8/27/2026, 13:40:24] [INFO] [AI_CONFIG] Groq مُعد: llama-3.3-70b-versatile
[8/27/2026, 13:40:24] [INFO] [AI_CONFIG] Gemini fallback: 7 مفتاح، حد 5 طلب/دقيقة.
[8/27/2026, 17:33:24] [INFO] [AI_CONFIG] Groq مُعد: llama-3.3-70b-versatile
[8/27/2026, 17:33:24] [INFO] [AI_CONFIG] Gemini fallback: 7 مفتاح، حد 5 طلب/دقيقة.
[8/27/2026, 17:34:17] [INFO] [AI_CONFIG] Groq مُعد: llama-3.3-70b-versatile
[8/27/2026, 17:34:17] [INFO] [AI_CONFIG] Gemini fallback: 7 مفتاح، حد 5 طلب/دقيقة.
[8/27/2026, 17:36:23] [INFO] [AI_CONFIG] Groq مُعد: llama-3.3-70b-versatile
[8/27/2026, 17:36:23] [INFO] [AI_CONFIG] Gemini fallback: 7 مفتاح، حد 5 طلب/دقيقة.
[8/27/2026, 17:39:10] [INFO] [AI_CONFIG] Groq مُعد: llama-3.3-70b-versatile
[8/27/2026, 17:39:10] [INFO] [AI_CONFIG] Gemini fallback: 7 مفتاح، حد 5 طلب/دقيقة.
[8/27/2026, 18:35:19] [INFO] [AI_CONFIG] Groq مُعد: llama-3.3-70b-versatile
[8/27/2026, 18:35:19] [INFO] [AI_CONFIG] Gemini fallback: 7 مفتاح، حد 5 طلب/دقيقة.
[8/27/2026, 20:23:41] [INFO] [AI_CONFIG] Groq مُعد: llama-3.3-70b-versatile
[8/27/2026, 20:23:41] [INFO] [AI_CONFIG] Gemini fallback: 7 مفتاح، حد 5 طلب/دقيقة.
[8/28/2026, 02:27:40] [INFO] [AI_CONFIG] Groq مُعد: llama-3.3-70b-versatile
[8/28/2026, 02:27:40] [INFO] [AI_CONFIG] Gemini fallback: 7 مفتاح، حد 5 طلب/دقيقة.
[8/28/2026, 19:08:25] [INFO] [AI_CONFIG] Groq مُعد: llama-3.3-70b-versatile
[8/28/2026, 19:08:25] [INFO] [AI_CONFIG] Gemini fallback: 7 مفتاح، حد 5 طلب/دقيقة.
[8/29/2026, 02:27:29] [INFO] [AI_CONFIG] Groq مُعد: llama-3.3-70b-versatile
[8/29/2026, 02:27:30] [INFO] [AI_CONFIG] Gemini fallback: 7 مفتاح، حد 5 طلب/دقيقة.
[8/29/2026, 03:21:59] [INFO] [AI_CONFIG] Groq مُعد: llama-3.3-70b-versatile
[8/29/2026, 03:22:00] [INFO] [AI_CONFIG] Gemini fallback: 7 مفتاح، حد 5 طلب/دقيقة.
[8/29/2026, 19:24:25] [INFO] [AI_CONFIG] Groq مُعد: llama-3.3-70b-versatile
[8/29/2026, 19:24:25] [INFO] [AI_CONFIG] Gemini fallback: 7 مفتاح، حد 5 طلب/دقيقة.
[8/29/2026, 20:14:03] [INFO] [AI_CONFIG] Groq مُعد: llama-3.3-70b-versatile
[8/29/2026, 20:14:03] [INFO] [AI_CONFIG] Gemini fallback: 7 مفتاح، حد 5 طلب/دقيقة.
[9/1/2026, 17:07:28] [INFO] [AI_CONFIG] Groq مُعد: llama-3.3-70b-versatile
[9/1/2026, 17:07:28] [INFO] [AI_CONFIG] Gemini fallback: 7 مفتاح، حد 5 طلب/دقيقة.
[9/2/2026, 12:45:36] [INFO] [AI_CONFIG] Groq مُعد: llama-3.3-70b-versatile
[9/2/2026, 12:45:36] [INFO] [AI_CONFIG] Gemini fallback: 7 مفتاح، حد 5 طلب/دقيقة.
[9/2/2026, 12:46:11] [INFO] [AI_CONFIG] Groq مُعد: llama-3.3-70b-versatile
[9/2/2026, 12:46:11] [INFO] [AI_CONFIG] Gemini fallback: 7 مفتاح، حد 5 طلب/دقيقة.
[9/2/2026, 12:46:27] [INFO] [AI_CONFIG] Groq مُعد: llama-3.3-70b-versatile
[9/2/2026, 12:46:27] [INFO] [AI_CONFIG] Gemini fallback: 7 مفتاح، حد 5 طلب/دقيقة.
[9/2/2026, 14:14:07] [INFO] [AI_CONFIG] Groq مُعد: llama-3.3-70b-versatile
[9/2/2026, 14:14:07] [INFO] [AI_CONFIG] Gemini fallback: 7 مفتاح، حد 5 طلب/دقيقة.
[9/2/2026, 22:47:47] [INFO] [AI_CONFIG] Groq مُعد: llama-3.3-70b-versatile
[9/2/2026, 22:47:47] [INFO] [AI_CONFIG] Gemini fallback: 7 مفتاح، حد 5 طلب/دقيقة.
[9/2/2026, 22:59:10] [INFO] [AI_CONFIG] Groq مُعد: llama-3.3-70b-versatile
[9/2/2026, 22:59:10] [INFO] [AI_CONFIG] Gemini fallback: 7 مفتاح، حد 5 طلب/دقيقة.
[9/2/2026, 23:03:31] [INFO] [AI_CONFIG] Groq مُعد: llama-3.3-70b-versatile
[9/2/2026, 23:03:31] [INFO] [AI_CONFIG] Gemini fallback: 7 مفتاح، حد 5 طلب/دقيقة.
[9/2/2026, 23:25:55] [INFO] [AI_CONFIG] Groq مُعد: llama-3.3-70b-versatile
[9/2/2026, 23:25:55] [INFO] [AI_CONFIG] Gemini fallback: 7 مفتاح، حد 5 طلب/دقيقة.
[9/2/2026, 23:26:19] [INFO] [AI_CONFIG] Groq مُعد: llama-3.3-70b-versatile
[9/2/2026, 23:26:19] [INFO] [AI_CONFIG] Gemini fallback: 7 مفتاح، حد 5 طلب/دقيقة.
[9/3/2026, 19:19:36] [INFO] [AI_CONFIG] Groq مُعد: llama-3.3-70b-versatile
[9/3/2026, 19:19:36] [INFO] [AI_CONFIG] Gemini fallback: 7 مفتاح، حد 5 طلب/دقيقة.
[9/3/2026, 19:21:48] [INFO] [AI_CONFIG] Groq مُعد: llama-3.3-70b-versatile
[9/3/2026, 19:21:48] [INFO] [AI_CONFIG] Gemini fallback: 7 مفتاح، حد 5 طلب/دقيقة.
[9/3/2026, 19:25:19] [INFO] [AI_CONFIG] Groq مُعد: llama-3.3-70b-versatile
[9/3/2026, 19:25:19] [INFO] [AI_CONFIG] Gemini fallback: 7 مفتاح، حد 5 طلب/دقيقة.
[9/4/2026, 17:39:57] [INFO] [AI_CONFIG] Groq مُعد: llama-3.3-70b-versatile
[9/4/2026, 17:39:57] [INFO] [AI_CONFIG] Gemini fallback: 7 مفتاح، حد 5 طلب/دقيقة.
[9/6/2026, 08:46:33] [INFO] [AI_CONFIG] Groq مُعد: llama-3.3-70b-versatile
[9/6/2026, 08:46:33] [INFO] [AI_CONFIG] Gemini fallback: 7 مفتاح، حد 5 طلب/دقيقة.
[9/6/2026, 08:48:09] [INFO] [AI_CONFIG] Groq مُعد: llama-3.3-70b-versatile
[9/6/2026, 08:48:09] [INFO] [AI_CONFIG] Gemini fallback: 7 مفتاح، حد 5 طلب/دقيقة.
[9/7/2026, 13:53:37] [INFO] [AI_CONFIG] Groq مُعد: llama-3.3-70b-versatile
[9/7/2026, 13:53:37] [INFO] [AI_CONFIG] Gemini fallback: 7 مفتاح، حد 5 طلب/دقيقة.
[9/7/2026, 13:59:21] [INFO] [AI_CONFIG] Groq مُعد: llama-3.3-70b-versatile
[9/7/2026, 13:59:21] [INFO] [AI_CONFIG] Gemini fallback: 7 مفتاح، حد 5 طلب/دقيقة.
[9/7/2026, 16:29:24] [INFO] [AI_CONFIG] Groq مُعد: llama-3.3-70b-versatile
[9/7/2026, 16:29:24] [INFO] [AI_CONFIG] Gemini fallback: 7 مفتاح، حد 5 طلب/دقيقة.
[9/7/2026, 16:32:15] [INFO] [AI_CONFIG] Groq مُعد: llama-3.3-70b-versatile
[9/7/2026, 16:32:15] [INFO] [AI_CONFIG] Gemini fallback: 7 مفتاح، حد 5 طلب/دقيقة.
[9/7/2026, 20:37:14] [INFO] [AI_CONFIG] Groq مُعد: llama-3.3-70b-versatile
[9/7/2026, 20:37:15] [INFO] [AI_CONFIG] Gemini fallback: 7 مفتاح، حد 5 طلب/دقيقة.
[9/7/2026, 20:44:40] [INFO] [AI_CONFIG] Groq مُعد: llama-3.3-70b-versatile
[9/7/2026, 20:44:40] [INFO] [AI_CONFIG] Gemini fallback: 7 مفتاح، حد 5 طلب/دقيقة.
[9/8/2026, 17:13:37] [INFO] [AI_CONFIG] Groq مُعد: llama-3.3-70b-versatile
[9/8/2026, 17:13:38] [INFO] [AI_CONFIG] Gemini fallback: 7 مفتاح، حد 5 طلب/دقيقة.
[9/8/2026, 17:13:50] [INFO] [AI_CONFIG] Groq مُعد: llama-3.3-70b-versatile
[9/8/2026, 17:13:50] [INFO] [AI_CONFIG] Gemini fallback: 7 مفتاح، حد 5 طلب/دقيقة.
[9/8/2026, 17:29:37] [INFO] [AI_CONFIG] Groq مُعد: llama-3.3-70b-versatile
[9/8/2026, 17:29:37] [INFO] [AI_CONFIG] Gemini fallback: 7 مفتاح، حد 5 طلب/دقيقة.
[9/10/2026, 18:23:44] [INFO] [AI_CONFIG] Groq مُعد: llama-3.3-70b-versatile
[9/10/2026, 18:23:44] [INFO] [AI_CONFIG] Gemini fallback: 7 مفتاح، حد 5 طلب/دقيقة.
[9/11/2026, 02:25:44] [INFO] [AI_CONFIG] Groq مُعد: llama-3.3-70b-versatile
[9/11/2026, 02:25:44] [INFO] [AI_CONFIG] Gemini fallback: 7 مفتاح، حد 5 طلب/دقيقة.
[9/11/2026, 02:35:24] [INFO] [AI_CONFIG] Groq مُعد: llama-3.3-70b-versatile
[9/11/2026, 02:35:24] [INFO] [AI_CONFIG] Gemini fallback: 7 مفتاح، حد 5 طلب/دقيقة.
[9/11/2026, 02:45:32] [INFO] [AI_CONFIG] Groq مُعد: llama-3.3-70b-versatile
[9/11/2026, 02:45:32] [INFO] [AI_CONFIG] Gemini fallback: 7 مفتاح، حد 5 طلب/دقيقة.
[9/11/2026, 02:51:57] [INFO] [AI_CONFIG] Groq مُعد: llama-3.3-70b-versatile
[9/11/2026, 02:51:57] [INFO] [AI_CONFIG] Gemini fallback: 7 مفتاح، حد 5 طلب/دقيقة.
[9/11/2026, 02:55:23] [INFO] [AI_CONFIG] Groq مُعد: llama-3.3-70b-versatile
[9/11/2026, 02:55:23] [INFO] [AI_CONFIG] Gemini fallback: 7 مفتاح، حد 5 طلب/دقيقة.
[9/11/2026, 12:01:59] [INFO] [AI_CONFIG] Groq مُعد: llama-3.3-70b-versatile
[9/11/2026, 12:02:00] [INFO] [AI_CONFIG] Gemini fallback: 7 مفتاح، حد 5 طلب/دقيقة.
[9/11/2026, 13:47:54] [INFO] [AI_CONFIG] Groq مُعد: llama-3.3-70b-versatile
[9/11/2026, 13:47:54] [INFO] [AI_CONFIG] Gemini fallback: 7 مفتاح، حد 5 طلب/دقيقة.
[9/11/2026, 16:09:12] [INFO] [AI_CONFIG] Groq مُعد: llama-3.3-70b-versatile
[9/11/2026, 16:09:12] [INFO] [AI_CONFIG] Gemini fallback: 7 مفتاح، حد 5 طلب/دقيقة.
[9/11/2026, 20:32:39] [INFO] [AI_CONFIG] Groq مُعد: llama-3.3-70b-versatile
[9/11/2026, 20:32:39] [INFO] [AI_CONFIG] Gemini fallback: 7 مفتاح، حد 5 طلب/دقيقة.
[9/12/2026, 18:03:06] [INFO] [AI_CONFIG] Groq مُعد: llama-3.3-70b-versatile
[9/12/2026, 18:03:06] [INFO] [AI_CONFIG] Gemini fallback: 7 مفتاح، حد 5 طلب/دقيقة.
[9/12/2026, 18:03:23] [INFO] [AI_CONFIG] Groq مُعد: llama-3.3-70b-versatile
[9/12/2026, 18:03:23] [INFO] [AI_CONFIG] Gemini fallback: 7 مفتاح، حد 5 طلب/دقيقة.
[9/12/2026, 19:51:54] [INFO] [AI_CONFIG] Groq مُعد: llama-3.3-70b-versatile
[9/12/2026, 19:51:54] [INFO] [AI_CONFIG] Gemini fallback: 7 مفتاح، حد 5 طلب/دقيقة.
[9/12/2026, 20:03:00] [ERROR] [AI_HANDLE] فشل الرد على status: 401 Invalid API Key
[9/12/2026, 20:03:53] [ERROR] [AI_HANDLE] فشل الرد على 120363170942886188: 401 Invalid API Key
[9/12/2026, 20:05:31] [ERROR] [AI_HANDLE] فشل الرد على status: 401 Invalid API Key
[9/13/2026, 13:20:31] [INFO] [AI_CONFIG] Groq مُعد: llama-3.3-70b-versatile
[9/13/2026, 13:20:31] [INFO] [AI_CONFIG] Gemini fallback: 7 مفتاح، حد 5 طلب/دقيقة.
[9/13/2026, 20:23:30] [INFO] [AI_CONFIG] Groq مُعد: llama-3.3-70b-versatile
[9/13/2026, 20:23:30] [INFO] [AI_CONFIG] Gemini fallback: 7 مفتاح، حد 5 طلب/دقيقة.
[9/13/2026, 20:24:39] [ERROR] [AI_HANDLE] فشل الرد على 18958707122279: 401 Invalid API Key
[9/13/2026, 20:24:48] [ERROR] [AI_HANDLE] فشل الرد على 18958707122279: 401 Invalid API Key
[9/13/2026, 20:25:00] [ERROR] [AI_HANDLE] فشل الرد على 18958707122279: 401 Invalid API Key
[9/13/2026, 20:34:15] [ERROR] [AI_HANDLE] فشل الرد على status: 401 Invalid API Key
[9/13/2026, 20:36:40] [ERROR] [AI_HANDLE] فشل الرد على status: 401 Invalid API Key
[9/13/2026, 20:40:57] [ERROR] [AI_HANDLE] فشل الرد على 18958707122279: 401 Invalid API Key
[9/13/2026, 20:43:22] [ERROR] [AI_HANDLE] فشل الرد على 18958707122279: 401 Invalid API Key
[9/13/2026, 20:43:39] [ERROR] [AI_HANDLE] فشل الرد على 18958707122279: 401 Invalid API Key
[9/13/2026, 20:47:16] [ERROR] [AI_HANDLE] فشل الرد على 10978473316407: 401 Invalid API Key
[9/13/2026, 20:48:56] [ERROR] [AI_HANDLE] فشل الرد على 18958707122279: 401 Invalid API Key
[9/13/2026, 20:49:25] [ERROR] [AI_HANDLE] فشل الرد على 18958707122279: 401 Invalid API Key
[9/13/2026, 20:51:44] [ERROR] [AI_HANDLE] فشل الرد على 10978473316407: 401 Invalid API Key
[9/13/2026, 20:53:27] [ERROR] [AI_HANDLE] فشل الرد على 10978473316407: 401 Invalid API Key
[9/13/2026, 20:53:49] [ERROR] [AI_HANDLE] فشل الرد على 18958707122279: 401 Invalid API Key
[9/13/2026, 20:54:11] [ERROR] [AI_HANDLE] فشل الرد على 10978473316407: 401 Invalid API Key
[9/13/2026, 20:54:21] [ERROR] [AI_HANDLE] فشل الرد على status: 401 Invalid API Key
[9/13/2026, 20:54:50] [ERROR] [AI_HANDLE] فشل الرد على 10978473316407: 401 Invalid API Key
[9/13/2026, 20:58:53] [ERROR] [AI_HANDLE] فشل الرد على 10978473316407: 401 Invalid API Key
[9/13/2026, 20:59:25] [ERROR] [AI_HANDLE] فشل الرد على 18958707122279: 401 Invalid API Key
[9/13/2026, 20:59:31] [ERROR] [AI_HANDLE] فشل الرد على 18958707122279: 401 Invalid API Key
[9/13/2026, 21:00:40] [ERROR] [AI_HANDLE] فشل الرد على 10978473316407: 401 Invalid API Key
[9/13/2026, 21:01:41] [ERROR] [AI_HANDLE] فشل الرد على 10978473316407: 401 Invalid API Key
[9/18/2026, 13:17:11] [INFO] [AI_CONFIG] Groq مُعد: llama-3.3-70b-versatile
[9/18/2026, 13:17:11] [INFO] [AI_CONFIG] Gemini fallback: 7 مفتاح، حد 5 طلب/دقيقة.
[9/18/2026, 13:28:11] [ERROR] [AI_HANDLE] فشل الرد على status: 401 Invalid API Key
[9/18/2026, 13:30:01] [ERROR] [AI_HANDLE] فشل الرد على 120363174450111513: 401 Invalid API Key
[9/18/2026, 13:33:28] [ERROR] [AI_HANDLE] فشل الرد على status: 401 Invalid API Key
[9/18/2026, 13:39:10] [ERROR] [AI_HANDLE] فشل الرد على 120363170942886188: 401 Invalid API Key
[9/18/2026, 13:39:13] [ERROR] [AI_HANDLE] فشل الرد على status: 401 Invalid API Key
[9/18/2026, 13:39:59] [ERROR] [AI_HANDLE] فشل الرد على status: 401 Invalid API Key
[9/18/2026, 13:47:01] [ERROR] [AI_HANDLE] فشل الرد على 120363181354467218: 401 Invalid API Key
[9/18/2026, 13:47:17] [ERROR] [AI_HANDLE] فشل الرد على status: 401 Invalid API Key
[9/18/2026, 13:53:42] [ERROR] [AI_HANDLE] فشل الرد على status: 401 Invalid API Key
[9/18/2026, 13:54:59] [ERROR] [AI_HANDLE] فشل الرد على status: 401 Invalid API Key
[9/18/2026, 13:55:41] [ERROR] [AI_HANDLE] فشل الرد على status: 401 Invalid API Key
[9/18/2026, 14:01:10] [ERROR] [AI_HANDLE] فشل الرد على 120363169274631787: 401 Invalid API Key
[9/18/2026, 14:01:33] [ERROR] [AI_HANDLE] فشل الرد على 120363174450111513: 401 Invalid API Key
[9/18/2026, 14:02:59] [ERROR] [AI_HANDLE] فشل الرد على 120363170942886188: 401 Invalid API Key
[9/18/2026, 14:06:42] [ERROR] [AI_HANDLE] فشل الرد على status: 401 Invalid API Key
[9/18/2026, 14:07:15] [ERROR] [AI_HANDLE] فشل الرد على 120363198133579220: 401 Invalid API Key
[9/18/2026, 14:12:20] [ERROR] [AI_HANDLE] فشل الرد على status: 401 Invalid API Key
[9/18/2026, 14:16:21] [ERROR] [AI_HANDLE] فشل الرد على status: 401 Invalid API Key
[9/18/2026, 14:17:27] [ERROR] [AI_HANDLE] فشل الرد على 240360060108948: 401 Invalid API Key
[9/18/2026, 14:22:29] [ERROR] [AI_HANDLE] فشل الرد على status: 401 Invalid API Key
[9/18/2026, 14:24:54] [INFO] [AI_CONFIG] Groq مُعد: llama-3.3-70b-versatile
[9/18/2026, 14:24:54] [INFO] [AI_CONFIG] Gemini fallback: 7 مفتاح، حد 5 طلب/دقيقة.
[9/18/2026, 14:26:12] [INFO] [AI_CONFIG] Groq مُعد: llama-3.3-70b-versatile
[9/18/2026, 14:26:12] [INFO] [AI_CONFIG] Gemini fallback: 7 مفتاح، حد 5 طلب/دقيقة.
[9/18/2026, 14:35:41] [INFO] [AI_CONFIG] Groq مُعد: llama-3.3-70b-versatile
[9/18/2026, 14:35:41] [INFO] [AI_CONFIG] Gemini fallback: 7 مفتاح، حد 5 طلب/دقيقة.
[9/18/2026, 14:44:14] [ERROR] [AI_HANDLE] فشل الرد على 120363181354467218: 401 Invalid API Key
[9/18/2026, 14:44:33] [ERROR] [AI_HANDLE] فشل الرد على status: 401 Invalid API Key
[9/18/2026, 14:48:27] [ERROR] [AI_HANDLE] فشل الرد على 120363170942886188: 401 Invalid API Key
[9/18/2026, 14:51:13] [ERROR] [AI_HANDLE] فشل الرد على status: 401 Invalid API Key
[9/18/2026, 15:00:01] [ERROR] [AI_HANDLE] فشل الرد على status: 401 Invalid API Key
[9/18/2026, 15:04:24] [ERROR] [AI_HANDLE] فشل الرد على 120363181354467218: 401 Invalid API Key
[9/18/2026, 15:07:16] [ERROR] [AI_HANDLE] فشل الرد على 240360060108948: 401 Invalid API Key
[9/18/2026, 15:07:23] [ERROR] [AI_HANDLE] فشل الرد على 240360060108948: 401 Invalid API Key
[9/18/2026, 15:09:54] [ERROR] [AI_HANDLE] فشل الرد على 240360060108948: 401 Invalid API Key
[9/18/2026, 15:10:12] [ERROR] [AI_HANDLE] فشل الرد على 240360060108948: 401 Invalid API Key
[9/18/2026, 15:10:24] [ERROR] [AI_HANDLE] فشل الرد على 240360060108948: 401 Invalid API Key
[9/18/2026, 15:10:28] [ERROR] [AI_HANDLE] فشل الرد على 240360060108948: 401 Invalid API Key
[9/18/2026, 15:14:44] [ERROR] [AI_HANDLE] فشل الرد على status: 401 Invalid API Key
[9/18/2026, 15:22:12] [ERROR] [AI_HANDLE] فشل الرد على status: 401 Invalid API Key
[9/18/2026, 15:26:50] [ERROR] [AI_HANDLE] فشل الرد على 120363424115520619: 401 Invalid API Key
[9/18/2026, 15:27:02] [ERROR] [AI_HANDLE] فشل الرد على status: 401 Invalid API Key
[9/18/2026, 15:32:04] [ERROR] [AI_HANDLE] فشل الرد على status: 401 Invalid API Key
[9/18/2026, 15:35:32] [ERROR] [AI_HANDLE] فشل الرد على 120363181354467218: 401 Invalid API Key
[9/18/2026, 15:36:30] [ERROR] [AI_HANDLE] فشل الرد على 120363424115520619: 401 Invalid API Key
[9/18/2026, 15:36:50] [ERROR] [AI_HANDLE] فشل الرد على status: 401 Invalid API Key
[9/18/2026, 15:42:51] [ERROR] [AI_HANDLE] فشل الرد على 120363170942886188: 401 Invalid API Key
[9/18/2026, 15:43:11] [ERROR] [AI_HANDLE] فشل الرد على status: 401 Invalid API Key
[9/18/2026, 15:45:46] [ERROR] [AI_HANDLE] فشل الرد على status: 401 Invalid API Key
[9/18/2026, 15:48:57] [ERROR] [AI_HANDLE] فشل الرد على status: 401 Invalid API Key
[9/18/2026, 15:53:27] [ERROR] [AI_HANDLE] فشل الرد على status: 401 Invalid API Key
[9/18/2026, 15:57:01] [ERROR] [AI_HANDLE] فشل الرد على status: 401 Invalid API Key
[9/18/2026, 16:03:34] [ERROR] [AI_HANDLE] فشل الرد على status: 401 Invalid API Key
[9/18/2026, 16:07:45] [ERROR] [AI_HANDLE] فشل الرد على status: 401 Invalid API Key
[9/18/2026, 16:11:41] [ERROR] [AI_HANDLE] فشل الرد على status: 401 Invalid API Key
[9/18/2026, 16:13:28] [ERROR] [AI_HANDLE] فشل الرد على status: 401 Invalid API Key
[9/18/2026, 16:56:18] [INFO] [AI_CONFIG] Groq مُعد: llama-3.3-70b-versatile
[9/18/2026, 16:56:18] [INFO] [AI_CONFIG] Gemini fallback: 7 مفتاح، حد 5 طلب/دقيقة.
[9/18/2026, 16:57:17] [ERROR] [AI_HANDLE] فشل الرد على status: 401 Invalid API Key
[9/18/2026, 16:57:25] [ERROR] [AI_HANDLE] فشل الرد على status: 401 Invalid API Key
[9/18/2026, 16:58:22] [ERROR] [AI_HANDLE] فشل الرد على status: 401 Invalid API Key
[9/18/2026, 16:58:30] [ERROR] [AI_HANDLE] فشل الرد على status: 401 Invalid API Key
[9/18/2026, 16:58:42] [ERROR] [AI_HANDLE] فشل الرد على status: 401 Invalid API Key
[9/18/2026, 16:58:45] [ERROR] [AI_HANDLE] فشل الرد على status: 401 Invalid API Key
[9/18/2026, 16:58:51] [ERROR] [AI_HANDLE] فشل الرد على status: 401 Invalid API Key
[9/18/2026, 17:02:09] [ERROR] [AI_HANDLE] فشل الرد على status: 401 Invalid API Key
[9/18/2026, 17:05:34] [ERROR] [AI_HANDLE] فشل الرد على 120363170942886188: 401 Invalid API Key
[9/18/2026, 17:08:56] [ERROR] [AI_HANDLE] فشل الرد على status: 401 Invalid API Key
[9/18/2026, 17:14:14] [ERROR] [AI_HANDLE] فشل الرد على 120363174450111513: 401 Invalid API Key
[9/18/2026, 17:16:54] [ERROR] [AI_HANDLE] فشل الرد على status: 401 Invalid API Key
[9/18/2026, 17:21:25] [ERROR] [AI_HANDLE] فشل الرد على status: 401 Invalid API Key
[9/18/2026, 17:29:02] [ERROR] [AI_HANDLE] فشل الرد على 120363181354467218: 401 Invalid API Key
[9/18/2026, 18:09:05] [INFO] [AI_CONFIG] Groq مُعد: llama-3.3-70b-versatile
[9/18/2026, 18:09:05] [INFO] [AI_CONFIG] Gemini fallback: 7 مفتاح، حد 5 طلب/دقيقة.
[9/18/2026, 18:09:52] [ERROR] [AI_HANDLE] فشل الرد على status: 401 Invalid API Key
[9/18/2026, 18:10:00] [ERROR] [AI_HANDLE] فشل الرد على status: 401 Invalid API Key
[9/18/2026, 18:10:05] [ERROR] [AI_HANDLE] فشل الرد على status: 401 Invalid API Key
[9/18/2026, 18:10:28] [ERROR] [AI_HANDLE] فشل الرد على status: 401 Invalid API Key
[9/18/2026, 18:12:30] [ERROR] [AI_HANDLE] فشل الرد على 117012776935525: 401 Invalid API Key
[9/18/2026, 18:14:39] [ERROR] [AI_HANDLE] فشل الرد على 120363424115520619: 401 Invalid API Key
[9/18/2026, 18:14:57] [ERROR] [AI_HANDLE] فشل الرد على status: 401 Invalid API Key
[9/18/2026, 18:15:42] [ERROR] [AI_HANDLE] فشل الرد على 279903639462106: 401 Invalid API Key
[9/18/2026, 18:17:45] [ERROR] [AI_HANDLE] فشل الرد على status: 401 Invalid API Key
[9/18/2026, 18:19:47] [ERROR] [AI_HANDLE] فشل الرد على 18958707122279: 401 Invalid API Key
[9/18/2026, 18:21:53] [ERROR] [AI_HANDLE] فشل الرد على status: 401 Invalid API Key
[9/18/2026, 18:26:23] [ERROR] [AI_HANDLE] فشل الرد على 120363169274631787: 401 Invalid API Key
[9/18/2026, 18:29:12] [ERROR] [AI_HANDLE] فشل الرد على 120363170942886188: 401 Invalid API Key
[9/18/2026, 18:31:19] [ERROR] [AI_HANDLE] فشل الرد على 96997944074240: 401 Invalid API Key
[9/18/2026, 18:31:38] [ERROR] [AI_HANDLE] فشل الرد على status: 401 Invalid API Key
[9/18/2026, 18:35:04] [ERROR] [AI_HANDLE] فشل الرد على 33505643917441: 401 Invalid API Key
[9/18/2026, 18:35:43] [ERROR] [AI_HANDLE] فشل الرد على 49908107231467: 401 Invalid API Key
[9/18/2026, 18:37:30] [ERROR] [AI_HANDLE] فشل الرد على 120363181354467218: 401 Invalid API Key
[9/18/2026, 18:42:01] [ERROR] [AI_HANDLE] فشل الرد على status: 401 Invalid API Key
[9/18/2026, 18:42:59] [ERROR] [AI_HANDLE] فشل الرد على 120363181354467218: 401 Invalid API Key
[9/18/2026, 18:43:05] [ERROR] [AI_HANDLE] فشل الرد على status: 401 Invalid API Key
[9/18/2026, 18:44:41] [ERROR] [AI_HANDLE] فشل الرد على 121148276736102: 401 Invalid API Key
[9/18/2026, 18:44:49] [ERROR] [AI_HANDLE] فشل الرد على status: 401 Invalid API Key
[9/18/2026, 18:44:52] [ERROR] [AI_HANDLE] فشل الرد على 121148276736102: 401 Invalid API Key
[9/18/2026, 18:46:58] [ERROR] [AI_HANDLE] فشل الرد على 121148276736102: 401 Invalid API Key
[9/18/2026, 18:47:43] [ERROR] [AI_HANDLE] فشل الرد على status: 401 Invalid API Key
[9/18/2026, 18:51:42] [ERROR] [AI_HANDLE] فشل الرد على status: 401 Invalid API Key
[9/18/2026, 18:54:18] [ERROR] [AI_HANDLE] فشل الرد على 120363170942886188: 401 Invalid API Key
[9/18/2026, 20:10:24] [INFO] [AI_CONFIG] Groq مُعد: llama-3.3-70b-versatile
[9/18/2026, 20:10:24] [INFO] [AI_CONFIG] Gemini fallback: 7 مفتاح، حد 5 طلب/دقيقة.
[9/18/2026, 20:10:57] [ERROR] [AI_HANDLE] فشل الرد على 104763580485742: 401 Invalid API Key
[9/18/2026, 20:10:57] [ERROR] [AI_HANDLE] فشل الرد على 97341407268963: 401 Invalid API Key
[9/18/2026, 20:10:57] [ERROR] [AI_HANDLE] فشل الرد على 18958707122279: 401 Invalid API Key
[9/18/2026, 20:10:57] [ERROR] [AI_HANDLE] فشل الرد على 94648966074553: 401 Invalid API Key
[9/18/2026, 20:10:57] [ERROR] [AI_HANDLE] فشل الرد على status: 401 Invalid API Key
[9/18/2026, 20:10:58] [ERROR] [AI_HANDLE] فشل الرد على 10403098673366: 401 Invalid API Key
[9/18/2026, 20:11:16] [ERROR] [AI_HANDLE] فشل الرد على 18958707122279: 401 Invalid API Key
[9/18/2026, 20:11:17] [ERROR] [AI_HANDLE] فشل الرد على 120363170942886188: 401 Invalid API Key
[9/18/2026, 20:11:18] [ERROR] [AI_HANDLE] فشل الرد على status: 401 Invalid API Key
[9/18/2026, 20:11:27] [ERROR] [AI_HANDLE] فشل الرد على status: 401 Invalid API Key
[9/18/2026, 20:11:32] [ERROR] [AI_HANDLE] فشل الرد على 240544575963333: 401 Invalid API Key
[9/18/2026, 20:11:33] [ERROR] [AI_HANDLE] فشل الرد على status: 401 Invalid API Key
[9/18/2026, 20:11:46] [ERROR] [AI_HANDLE] فشل الرد على 24683848138797: 401 Invalid API Key
[9/18/2026, 20:11:55] [ERROR] [AI_HANDLE] فشل الرد على 143048835133545: 401 Invalid API Key
[9/18/2026, 20:11:56] [ERROR] [AI_HANDLE] فشل الرد على 97341407268963: 401 Invalid API Key
[9/18/2026, 20:11:57] [ERROR] [AI_HANDLE] فشل الرد على status: 401 Invalid API Key
[9/18/2026, 20:12:03] [ERROR] [AI_HANDLE] فشل الرد على 97251598823676: 401 Invalid API Key
[9/18/2026, 20:12:07] [ERROR] [AI_HANDLE] فشل الرد على 97341407268963: 401 Invalid API Key
[9/18/2026, 20:12:10] [ERROR] [AI_HANDLE] فشل الرد على 18958707122279: 401 Invalid API Key
[9/18/2026, 20:12:11] [ERROR] [AI_HANDLE] فشل الرد على status: 401 Invalid API Key
[9/18/2026, 20:12:24] [ERROR] [AI_HANDLE] فشل الرد على status: 401 Invalid API Key
[9/18/2026, 20:13:00] [ERROR] [AI_HANDLE] فشل الرد على 18958707122279: 401 Invalid API Key
[9/18/2026, 20:13:07] [INFO] [AI_CONFIG] Groq مُعد: llama-3.3-70b-versatile
[9/18/2026, 20:13:07] [INFO] [AI_CONFIG] Gemini fallback: 7 مفتاح، حد 5 طلب/دقيقة.
[9/18/2026, 20:16:18] [ERROR] [AI_HANDLE] فشل الرد على status: 401 Invalid API Key
[9/18/2026, 20:19:11] [ERROR] [AI_HANDLE] فشل الرد على 97341407268963: 401 Invalid API Key
[9/18/2026, 20:21:52] [ERROR] [AI_HANDLE] فشل الرد على 10978473316407: 401 Invalid API Key
[9/18/2026, 20:22:35] [ERROR] [AI_HANDLE] فشل الرد على status: 401 Invalid API Key
[9/18/2026, 20:27:31] [ERROR] [AI_HANDLE] فشل الرد على 97341407268963: 401 Invalid API Key
[9/18/2026, 20:30:21] [ERROR] [AI_HANDLE] فشل الرد على 97341407268963: 401 Invalid API Key
[9/18/2026, 20:31:25] [ERROR] [AI_HANDLE] فشل الرد على 120363170942886188: 401 Invalid API Key
[9/18/2026, 20:37:40] [ERROR] [AI_HANDLE] فشل الرد على 120363170942886188: 401 Invalid API Key
[9/18/2026, 20:43:34] [ERROR] [AI_HANDLE] فشل الرد على 120363181354467218: 401 Invalid API Key
[9/18/2026, 20:44:54] [ERROR] [AI_HANDLE] فشل الرد على status: 401 Invalid API Key
[9/18/2026, 20:48:05] [ERROR] [AI_HANDLE] فشل الرد على 120363181354467218: 401 Invalid API Key
[9/18/2026, 20:51:29] [ERROR] [AI_HANDLE] فشل الرد على status: 401 Invalid API Key
[9/18/2026, 20:52:08] [ERROR] [AI_HANDLE] فشل الرد على 18958707122279: 401 Invalid API Key
[9/18/2026, 21:44:39] [INFO] [AI_CONFIG] Groq مُعد: llama-3.3-70b-versatile
[9/18/2026, 21:44:39] [INFO] [AI_CONFIG] Gemini fallback: 7 مفتاح، حد 5 طلب/دقيقة.
[9/18/2026, 21:45:11] [ERROR] [AI_HANDLE] فشل الرد على 10978473316407: 401 Invalid API Key
[9/18/2026, 21:45:11] [ERROR] [AI_HANDLE] فشل الرد على 32088455700620: 401 Invalid API Key
[9/18/2026, 21:45:11] [ERROR] [AI_HANDLE] فشل الرد على 10403098673366: 401 Invalid API Key
[9/18/2026, 21:45:14] [ERROR] [AI_HANDLE] فشل الرد على status: 401 Invalid API Key
[9/18/2026, 21:45:16] [ERROR] [AI_HANDLE] فشل الرد على 10978473316407: 401 Invalid API Key
[9/18/2026, 21:45:43] [ERROR] [AI_HANDLE] فشل الرد على 10978473316407: 401 Invalid API Key
[9/18/2026, 21:47:49] [INFO] [AI_CONFIG] Groq مُعد: llama-3.3-70b-versatile
[9/18/2026, 21:47:50] [INFO] [AI_CONFIG] Gemini fallback: 7 مفتاح، حد 5 طلب/دقيقة.
[9/18/2026, 21:50:38] [ERROR] [AI_HANDLE] فشل الرد على status: 401 Invalid API Key
[9/18/2026, 21:50:40] [ERROR] [AI_HANDLE] فشل الرد على 10978473316407: 401 Invalid API Key
[9/18/2026, 21:50:46] [ERROR] [AI_HANDLE] فشل الرد على status: 401 Invalid API Key
[9/18/2026, 21:50:50] [ERROR] [AI_HANDLE] فشل الرد على 10978473316407: 401 Invalid API Key
[9/18/2026, 21:51:00] [ERROR] [AI_HANDLE] فشل الرد على 18958707122279: 401 Invalid API Key
[9/18/2026, 21:51:04] [ERROR] [AI_HANDLE] فشل الرد على 18958707122279: 401 Invalid API Key
[9/18/2026, 21:51:05] [ERROR] [AI_HANDLE] فشل الرد على status: 401 Invalid API Key
[9/18/2026, 21:51:11] [ERROR] [AI_HANDLE] فشل الرد على status: 401 Invalid API Key
[9/18/2026, 21:51:12] [ERROR] [AI_HANDLE] فشل الرد على 18958707122279: 401 Invalid API Key
[9/18/2026, 21:51:16] [ERROR] [AI_HANDLE] فشل الرد على 18958707122279: 401 Invalid API Key
[9/18/2026, 21:51:45] [ERROR] [AI_HANDLE] فشل الرد على 10978473316407: 401 Invalid API Key
[9/18/2026, 21:51:53] [ERROR] [AI_HANDLE] فشل الرد على 10978473316407: 401 Invalid API Key
[9/18/2026, 21:51:58] [ERROR] [AI_HANDLE] فشل الرد على status: 401 Invalid API Key
[9/18/2026, 21:52:02] [ERROR] [AI_HANDLE] فشل الرد على 18958707122279: 401 Invalid API Key
[9/18/2026, 21:52:09] [ERROR] [AI_HANDLE] فشل الرد على 10978473316407: 401 Invalid API Key
[9/18/2026, 21:52:12] [ERROR] [AI_HANDLE] فشل الرد على status: 401 Invalid API Key
[9/18/2026, 21:52:15] [ERROR] [AI_HANDLE] فشل الرد على 18958707122279: 401 Invalid API Key
[9/18/2026, 21:53:19] [ERROR] [AI_HANDLE] فشل الرد على 10978473316407: 401 Invalid API Key
[9/18/2026, 21:53:20] [ERROR] [AI_HANDLE] فشل الرد على status: 401 Invalid API Key
[9/18/2026, 21:53:20] [ERROR] [AI_HANDLE] فشل الرد على 120363169975121665: 401 Invalid API Key
[9/18/2026, 21:53:21] [ERROR] [AI_HANDLE] فشل الرد على 120363181354467218: 401 Invalid API Key
[9/18/2026, 21:53:22] [ERROR] [AI_HANDLE] فشل الرد على 10978473316407: 401 Invalid API Key
[9/18/2026, 21:53:22] [ERROR] [AI_HANDLE] فشل الرد على 18958707122279: 401 Invalid API Key
[9/18/2026, 21:53:50] [ERROR] [AI_HANDLE] فشل الرد على 18958707122279: 401 Invalid API Key
[9/18/2026, 21:55:50] [ERROR] [AI_HANDLE] فشل الرد على 10978473316407: 401 Invalid API Key
[9/18/2026, 21:58:46] [ERROR] [AI_HANDLE] فشل الرد على 10978473316407: 401 Invalid API Key
[9/18/2026, 21:58:49] [ERROR] [AI_HANDLE] فشل الرد على 18958707122279: 401 Invalid API Key
[9/18/2026, 21:59:37] [ERROR] [AI_HANDLE] فشل الرد على 18958707122279: 401 Invalid API Key
[9/18/2026, 22:00:05] [ERROR] [AI_HANDLE] فشل الرد على 120363170942886188: 401 Invalid API Key
[9/18/2026, 22:00:56] [ERROR] [AI_HANDLE] فشل الرد على 18958707122279: 401 Invalid API Key
[9/18/2026, 22:01:58] [ERROR] [AI_HANDLE] فشل الرد على 10978473316407: 401 Invalid API Key
[9/18/2026, 22:02:15] [ERROR] [AI_HANDLE] فشل الرد على 18958707122279: 401 Invalid API Key
[9/18/2026, 22:02:18] [ERROR] [AI_HANDLE] فشل الرد على status: 401 Invalid API Key
[9/18/2026, 22:02:46] [ERROR] [AI_HANDLE] فشل الرد على 10978473316407: 401 Invalid API Key
[9/18/2026, 22:04:32] [ERROR] [AI_HANDLE] فشل الرد على 120363174450111513: 401 Invalid API Key
[9/18/2026, 22:06:08] [ERROR] [AI_HANDLE] فشل الرد على 10978473316407: 401 Invalid API Key
[9/18/2026, 22:07:22] [ERROR] [AI_HANDLE] فشل الرد على 10978473316407: 401 Invalid API Key
[9/18/2026, 22:08:16] [ERROR] [AI_HANDLE] فشل الرد على status: 401 Invalid API Key
[9/18/2026, 22:08:34] [ERROR] [AI_HANDLE] فشل الرد على 10978473316407: 401 Invalid API Key
[9/18/2026, 22:08:57] [ERROR] [AI_HANDLE] فشل الرد على 10978473316407: 401 Invalid API Key
[9/18/2026, 22:09:09] [ERROR] [AI_HANDLE] فشل الرد على 18958707122279: 401 Invalid API Key
[9/18/2026, 22:10:18] [ERROR] [AI_HANDLE] فشل الرد على 120363194295727136: 401 Invalid API Key
[9/18/2026, 22:10:30] [ERROR] [AI_HANDLE] فشل الرد على 18958707122279: 401 Invalid API Key
[9/18/2026, 22:10:42] [ERROR] [AI_HANDLE] فشل الرد على 18958707122279: 401 Invalid API Key
[9/18/2026, 22:12:50] [ERROR] [AI_HANDLE] فشل الرد على 18958707122279: 401 Invalid API Key
[9/18/2026, 22:16:05] [ERROR] [AI_HANDLE] فشل الرد على 18958707122279: 401 Invalid API Key
[9/18/2026, 22:17:28] [ERROR] [AI_HANDLE] فشل الرد على 10978473316407: 401 Invalid API Key
[9/18/2026, 22:17:53] [ERROR] [AI_HANDLE] فشل الرد على 18958707122279: 401 Invalid API Key
[9/18/2026, 22:18:55] [ERROR] [AI_HANDLE] فشل الرد على 10978473316407: 401 Invalid API Key
[9/18/2026, 22:19:46] [ERROR] [AI_HANDLE] فشل الرد على 10978473316407: 401 Invalid API Key
[9/18/2026, 22:19:46] [ERROR] [AI_HANDLE] فشل الرد على 18958707122279: 401 Invalid API Key
[9/18/2026, 22:20:33] [ERROR] [AI_HANDLE] فشل الرد على status: 401 Invalid API Key
[9/18/2026, 22:23:05] [ERROR] [AI_HANDLE] فشل الرد على 10978473316407: 401 Invalid API Key
[9/18/2026, 22:23:57] [ERROR] [AI_HANDLE] فشل الرد على 10978473316407: 401 Invalid API Key
[9/18/2026, 22:24:42] [ERROR] [AI_HANDLE] فشل الرد على status: 401 Invalid API Key
[9/18/2026, 22:25:09] [ERROR] [AI_HANDLE] فشل الرد على 18958707122279: 401 Invalid API Key
[9/18/2026, 22:25:14] [ERROR] [AI_HANDLE] فشل الرد على 10978473316407: 401 Invalid API Key
[9/18/2026, 22:25:43] [ERROR] [AI_HANDLE] فشل الرد على 10978473316407: 401 Invalid API Key
[9/18/2026, 22:26:16] [ERROR] [AI_HANDLE] فشل الرد على 10978473316407: 401 Invalid API Key
[9/18/2026, 22:27:10] [ERROR] [AI_HANDLE] فشل الرد على 18958707122279: 401 Invalid API Key
[9/18/2026, 22:27:27] [ERROR] [AI_HANDLE] فشل الرد على 10978473316407: 401 Invalid API Key
[9/18/2026, 22:28:38] [ERROR] [AI_HANDLE] فشل الرد على status: 401 Invalid API Key
[9/18/2026, 22:28:42] [ERROR] [AI_HANDLE] فشل الرد على status: 401 Invalid API Key
[9/19/2026, 12:37:30] [INFO] [AI_CONFIG] Groq مُعد: llama-3.3-70b-versatile
[9/19/2026, 12:37:30] [INFO] [AI_CONFIG] Gemini fallback: 7 مفتاح، حد 5 طلب/دقيقة.
[9/19/2026, 12:40:59] [ERROR] [AI_HANDLE] فشل الرد على 120363181354467218: 401 Invalid API Key
[9/19/2026, 12:44:38] [ERROR] [AI_HANDLE] فشل الرد على status: 401 Invalid API Key
[9/19/2026, 12:45:14] [INFO] [AI_CONFIG] Groq مُعد: llama-3.3-70b-versatile
[9/19/2026, 12:45:14] [INFO] [AI_CONFIG] Gemini fallback: 7 مفتاح، حد 5 طلب/دقيقة.
[9/19/2026, 12:45:59] [ERROR] [AI_HANDLE] فشل الرد على 18958707122279: 401 Invalid API Key
[9/19/2026, 12:46:49] [ERROR] [AI_HANDLE] فشل الرد على status: 401 Invalid API Key
[9/19/2026, 12:49:23] [ERROR] [AI_HANDLE] فشل الرد على status: 401 Invalid API Key
[9/19/2026, 12:50:21] [ERROR] [AI_HANDLE] فشل الرد على status: 401 Invalid API Key
[9/19/2026, 12:53:28] [ERROR] [AI_HANDLE] فشل الرد على 10978473316407: 401 Invalid API Key
[9/19/2026, 12:59:20] [ERROR] [AI_HANDLE] فشل الرد على 2663500521511: 401 Invalid API Key
[9/19/2026, 12:59:28] [ERROR] [AI_HANDLE] فشل الرد على 2663500521511: 401 Invalid API Key
[9/19/2026, 12:59:39] [ERROR] [AI_HANDLE] فشل الرد على 2663500521511: 401 Invalid API Key
[9/19/2026, 13:00:05] [ERROR] [AI_HANDLE] فشل الرد على 120363174450111513: 401 Invalid API Key
[9/19/2026, 13:00:18] [ERROR] [AI_HANDLE] فشل الرد على status: 401 Invalid API Key
[9/19/2026, 13:02:15] [ERROR] [AI_HANDLE] فشل الرد على 10978473316407: 401 Invalid API Key
[9/19/2026, 13:06:38] [ERROR] [AI_HANDLE] فشل الرد على 10978473316407: 401 Invalid API Key
[9/19/2026, 13:10:33] [ERROR] [AI_HANDLE] فشل الرد على 2663500521511: 401 Invalid API Key
[9/19/2026, 13:11:18] [ERROR] [AI_HANDLE] فشل الرد على 2663500521511: 401 Invalid API Key
[9/19/2026, 13:15:37] [ERROR] [AI_HANDLE] فشل الرد على 2663500521511: 401 Invalid API Key
[9/19/2026, 13:16:25] [ERROR] [AI_HANDLE] فشل الرد على status: 401 Invalid API Key
[9/19/2026, 13:17:05] [ERROR] [AI_HANDLE] فشل الرد على status: 401 Invalid API Key
[9/19/2026, 13:19:22] [ERROR] [AI_HANDLE] فشل الرد على status: 401 Invalid API Key
                                                                                             [9/19/2026, 15:56:51] [INFO] [AI_CONFIG] Groq مُعد: llama-3.3-70b-versatile
[9/19/2026, 15:56:51] [INFO] [AI_CONFIG] Gemini fallback: 7 مفتاح، حد 5 طلب/دقيقة.
[9/19/2026, 16:00:35] [ERROR] [AI_HANDLE] فشل الرد على 2663500521511: 401 Invalid API Key
[9/19/2026, 16:09:32] [ERROR] [AI_HANDLE] فشل الرد على 19508563599436: 401 Invalid API Key
[9/19/2026, 16:09:45] [ERROR] [AI_HANDLE] فشل الرد على 2663500521511: 401 Invalid API Key
[9/19/2026, 16:09:51] [ERROR] [AI_HANDLE] فشل الرد على 2663500521511: 401 Invalid API Key
[9/19/2026, 16:13:35] [ERROR] [AI_HANDLE] فشل الرد على status: 401 Invalid API Key
[9/19/2026, 16:17:49] [ERROR] [AI_HANDLE] فشل الرد على 40175644221474: 401 Invalid API Key
[9/19/2026, 16:28:56] [ERROR] [AI_HANDLE] فشل الرد على 2663500521511: 401 Invalid API Key
[9/19/2026, 16:30:01] [ERROR] [AI_HANDLE] فشل الرد على 2663500521511: 401 Invalid API Key
[9/19/2026, 16:30:06] [ERROR] [AI_HANDLE] فشل الرد على 2663500521511: 401 Invalid API Key
[9/19/2026, 16:32:27] [ERROR] [AI_HANDLE] فشل الرد على 2663500521511: 401 Invalid API Key
[9/19/2026, 16:33:39] [ERROR] [AI_HANDLE] فشل الرد على 120363174450111513: 401 Invalid API Key
[9/19/2026, 16:34:09] [ERROR] [AI_HANDLE] فشل الرد على 120363424115520619: 401 Invalid API Key
[9/19/2026, 16:35:26] [ERROR] [AI_HANDLE] فشل الرد على 120363194295727136: 401 Invalid API Key
[9/19/2026, 16:36:13] [ERROR] [AI_HANDLE] فشل الرد على status: 401 Invalid API Key
[9/19/2026, 16:38:03] [ERROR] [AI_HANDLE] فشل الرد على 19508563599436: 401 Invalid API Key
[9/19/2026, 16:44:50] [ERROR] [AI_HANDLE] فشل الرد على status: 401 Invalid API Key
[9/19/2026, 18:17:41] [INFO] [AI_CONFIG] Groq مُعد: llama-3.3-70b-versatile
[9/19/2026, 18:17:41] [INFO] [AI_CONFIG] Gemini fallback: 7 مفتاح، حد 5 طلب/دقيقة.
[9/19/2026, 18:24:12] [ERROR] [AI_HANDLE] فشل الرد على status: 401 Invalid API Key
[9/19/2026, 18:26:12] [ERROR] [AI_HANDLE] فشل الرد على status: 401 Invalid API Key
[9/19/2026, 18:29:03] [ERROR] [AI_HANDLE] فشل الرد على 248146785489065: 401 Invalid API Key
[9/19/2026, 18:29:15] [ERROR] [AI_HANDLE] فشل الرد على 251655606009927: 401 Invalid API Key
[9/19/2026, 18:29:22] [ERROR] [AI_HANDLE] فشل الرد على 185483044872245: 401 Invalid API Key
[9/19/2026, 18:29:25] [ERROR] [AI_HANDLE] فشل الرد على 185483044872245: 401 Invalid API Key
[9/19/2026, 18:29:34] [ERROR] [AI_HANDLE] فشل الرد على 171777871364328: 401 Invalid API Key
[9/19/2026, 18:31:11] [ERROR] [AI_HANDLE] فشل الرد على 171777871364328: 401 Invalid API Key
[9/19/2026, 18:31:22] [ERROR] [AI_HANDLE] فشل الرد على 74586821525697: 401 Invalid API Key
[9/19/2026, 18:31:33] [ERROR] [AI_HANDLE] فشل الرد على 171777871364328: 401 Invalid API Key
[9/19/2026, 18:33:03] [ERROR] [AI_HANDLE] فشل الرد على 120363424115520619: 401 Invalid API Key
[9/19/2026, 18:33:45] [ERROR] [AI_HANDLE] فشل الرد على 171777871364328: 401 Invalid API Key
[9/19/2026, 18:33:50] [ERROR] [AI_HANDLE] فشل الرد على 97341407268963: 401 Invalid API Key
[9/19/2026, 18:33:56] [ERROR] [AI_HANDLE] فشل الرد على 262539237707881: 401 Invalid API Key
[9/19/2026, 18:34:29] [ERROR] [AI_HANDLE] فشل الرد على 4050875641916: 401 Invalid API Key
[9/19/2026, 18:34:50] [ERROR] [AI_HANDLE] فشل الرد على 171777871364328: 401 Invalid API Key
[9/19/2026, 18:35:03] [ERROR] [AI_HANDLE] فشل الرد على 275187866030230: 401 Invalid API Key
[9/19/2026, 18:35:11] [ERROR] [AI_HANDLE] فشل الرد على 104556969123980: 401 Invalid API Key
[9/19/2026, 18:35:29] [ERROR] [AI_HANDLE] فشل الرد على status: 401 Invalid API Key
[9/19/2026, 18:35:31] [ERROR] [AI_HANDLE] فشل الرد على 171777871364328: 401 Invalid API Key
[9/19/2026, 18:35:43] [ERROR] [AI_HANDLE] فشل الرد على 171777871364328: 401 Invalid API Key
[9/19/2026, 18:36:15] [ERROR] [AI_HANDLE] فشل الرد على 171777871364328: 401 Invalid API Key
[9/19/2026, 18:36:32] [ERROR] [AI_HANDLE] فشل الرد على 171777871364328: 401 Invalid API Key
[9/19/2026, 18:36:42] [ERROR] [AI_HANDLE] فشل الرد على 171777871364328: 401 Invalid API Key
[9/19/2026, 18:37:32] [ERROR] [AI_HANDLE] فشل الرد على 171777871364328: 401 Invalid API Key
[9/19/2026, 18:37:45] [ERROR] [AI_HANDLE] فشل الرد على 116651999629407: 401 Invalid API Key
[9/19/2026, 18:39:00] [ERROR] [AI_HANDLE] فشل الرد على 120363198133579220: 401 Invalid API Key
[9/19/2026, 18:39:03] [ERROR] [AI_HANDLE] فشل الرد على 171777871364328: 401 Invalid API Key
[9/19/2026, 18:40:01] [ERROR] [AI_HANDLE] فشل الرد على 171777871364328: 401 Invalid API Key
[9/19/2026, 18:40:56] [ERROR] [AI_HANDLE] فشل الرد على 171777871364328: 401 Invalid API Key
[9/19/2026, 18:42:01] [ERROR] [AI_HANDLE] فشل الرد على 220324071239749: 401 Invalid API Key
[9/19/2026, 18:42:05] [ERROR] [AI_HANDLE] فشل الرد على 10914099138711: 401 Invalid API Key
[9/19/2026, 18:43:06] [ERROR] [AI_HANDLE] فشل الرد على 273267998863417: 401 Invalid API Key
[9/19/2026, 18:43:18] [ERROR] [AI_HANDLE] فشل الرد على 119074461872355: 401 Invalid API Key
[9/19/2026, 18:43:53] [ERROR] [AI_HANDLE] فشل الرد على 13671031951477: 401 Invalid API Key
[9/19/2026, 18:44:11] [ERROR] [AI_HANDLE] فشل الرد على 231885854752966: 401 Invalid API Key
[9/19/2026, 18:44:22] [ERROR] [AI_HANDLE] فشل الرد على 26109861179482: 401 Invalid API Key
[9/19/2026, 18:44:32] [ERROR] [AI_HANDLE] فشل الرد على 203856596197420: 401 Invalid API Key
[9/19/2026, 18:44:44] [ERROR] [AI_HANDLE] فشل الرد على 163651877077013: 401 Invalid API Key
[9/19/2026, 18:44:49] [ERROR] [AI_HANDLE] فشل الرد على 121148276736102: 401 Invalid API Key
[9/19/2026, 18:46:17] [ERROR] [AI_HANDLE] فشل الرد على 280603450703882: 401 Invalid API Key
[9/19/2026, 18:47:08] [ERROR] [AI_HANDLE] فشل الرد على 180917159129201: 401 Invalid API Key
[9/19/2026, 18:48:53] [ERROR] [AI_HANDLE] فشل الرد على 97256011214941: 401 Invalid API Key
[9/19/2026, 18:49:21] [ERROR] [AI_HANDLE] فشل الرد على status: 401 Invalid API Key
[9/19/2026, 18:51:17] [ERROR] [AI_HANDLE] فشل الرد على 280603450703882: 401 Invalid API Key
[9/19/2026, 18:51:27] [ERROR] [AI_HANDLE] فشل الرد على 280603450703882: 401 Invalid API Key
[9/19/2026, 18:52:21] [ERROR] [AI_HANDLE] فشل الرد على 10978473316407: 401 Invalid API Key
[9/19/2026, 18:52:58] [ERROR] [AI_HANDLE] فشل الرد على 10978473316407: 401 Invalid API Key
[9/19/2026, 18:52:59] [ERROR] [AI_HANDLE] فشل الرد على status: 401 Invalid API Key
[9/19/2026, 18:53:42] [ERROR] [AI_HANDLE] فشل الرد على 10978473316407: 401 Invalid API Key
[9/19/2026, 18:55:11] [ERROR] [AI_HANDLE] فشل الرد على 10978473316407: 401 Invalid API Key
[9/19/2026, 18:56:15] [ERROR] [AI_HANDLE] فشل الرد على 74586821525697: 401 Invalid API Key
[9/19/2026, 18:56:45] [ERROR] [AI_HANDLE] فشل الرد على 10978473316407: 401 Invalid API Key
[9/19/2026, 20:15:18] [INFO] [AI_CONFIG] Groq مُعد: llama-3.3-70b-versatile
[9/19/2026, 20:15:18] [INFO] [AI_CONFIG] Gemini fallback: 7 مفتاح، حد 5 طلب/دقيقة.
[9/19/2026, 20:15:56] [ERROR] [AI_HANDLE] فشل الرد على 251655606009927: 401 Invalid API Key
[9/19/2026, 20:15:56] [ERROR] [AI_HANDLE] فشل الرد على 10978473316407: 401 Invalid API Key
[9/19/2026, 20:15:56] [ERROR] [AI_HANDLE] فشل الرد على 121419228799002: 401 Invalid API Key
[9/19/2026, 20:15:56] [ERROR] [AI_HANDLE] فشل الرد على 104556969123980: 401 Invalid API Key
[9/19/2026, 20:15:56] [ERROR] [AI_HANDLE] فشل الرد على status: 401 Invalid API Key
[9/19/2026, 20:16:00] [ERROR] [AI_HANDLE] فشل الرد على 10978473316407: 401 Invalid API Key
[9/19/2026, 20:16:01] [ERROR] [AI_HANDLE] فشل الرد على status: 401 Invalid API Key
[9/19/2026, 20:16:02] [ERROR] [AI_HANDLE] فشل الرد على 116651999629407: 401 Invalid API Key
[9/19/2026, 20:16:11] [ERROR] [AI_HANDLE] فشل الرد على status: 401 Invalid API Key
[9/19/2026, 20:16:18] [ERROR] [AI_HANDLE] فشل الرد على 18958707122279: 401 Invalid API Key
[9/19/2026, 20:16:21] [ERROR] [AI_HANDLE] فشل الرد على 18958707122279: 401 Invalid API Key
[9/19/2026, 20:16:22] [ERROR] [AI_HANDLE] فشل الرد على status: 401 Invalid API Key
[9/19/2026, 20:16:27] [ERROR] [AI_HANDLE] فشل الرد على status: 401 Invalid API Key
[9/19/2026, 20:16:37] [ERROR] [AI_HANDLE] فشل الرد على status: 401 Invalid API Key
[9/19/2026, 20:16:43] [ERROR] [AI_HANDLE] فشل الرد على 40175644221474: 401 Invalid API Key
[9/19/2026, 20:16:43] [ERROR] [AI_HANDLE] فشل الرد على status: 401 Invalid API Key
[9/19/2026, 20:16:49] [ERROR] [AI_HANDLE] فشل الرد على status: 401 Invalid API Key
[9/19/2026, 20:16:57] [ERROR] [AI_HANDLE] فشل الرد على 96997944074240: 401 Invalid API Key
[9/19/2026, 20:16:57] [ERROR] [AI_HANDLE] فشل الرد على status: 401 Invalid API Key
[9/19/2026, 20:17:12] [ERROR] [AI_HANDLE] فشل الرد على status: 401 Invalid API Key
[9/19/2026, 20:17:41] [ERROR] [AI_HANDLE] فشل الرد على 279354051404020: 401 Invalid API Key
[9/19/2026, 20:17:56] [ERROR] [AI_HANDLE] فشل الرد على status: 401 Invalid API Key
[9/19/2026, 20:18:27] [ERROR] [AI_HANDLE] فشل الرد على status: 401 Invalid API Key
[9/19/2026, 20:18:40] [ERROR] [AI_HANDLE] فشل الرد على status: 401 Invalid API Key
[9/19/2026, 20:19:32] [ERROR] [AI_HANDLE] فشل الرد على status: 401 Invalid API Key
[9/19/2026, 20:22:59] [ERROR] [AI_HANDLE] فشل الرد على status: 401 Invalid API Key
[9/19/2026, 20:24:04] [ERROR] [AI_HANDLE] فشل الرد على status: 401 Invalid API Key
[9/19/2026, 20:25:50] [ERROR] [AI_HANDLE] فشل الرد على status: 401 Invalid API Key
[9/19/2026, 20:29:58] [ERROR] [AI_HANDLE] فشل الرد على 10978473316407: 401 Invalid API Key
[9/19/2026, 20:30:36] [ERROR] [AI_HANDLE] فشل الرد على status: 401 Invalid API Key
[9/19/2026, 20:32:44] [ERROR] [AI_HANDLE] فشل الرد على 172495080583230: 401 Invalid API Key
[9/19/2026, 20:34:00] [ERROR] [AI_HANDLE] فشل الرد على 10978473316407: 401 Invalid API Key
[9/19/2026, 20:34:17] [ERROR] [AI_HANDLE] فشل الرد على 10978473316407: 401 Invalid API Key
[9/19/2026, 20:35:36] [ERROR] [AI_HANDLE] فشل الرد على status: 401 Invalid API Key
[9/19/2026, 20:36:40] [ERROR] [AI_HANDLE] فشل الرد على status: 401 Invalid API Key
[9/19/2026, 20:36:53] [ERROR] [AI_HANDLE] فشل الرد على 120363170942886188: 401 Invalid API Key
[9/19/2026, 20:38:24] [ERROR] [AI_HANDLE] فشل الرد على 172495080583230: 401 Invalid API Key
[9/19/2026, 20:38:55] [ERROR] [AI_HANDLE] فشل الرد على 10978473316407: 401 Invalid API Key
[9/19/2026, 20:39:31] [ERROR] [AI_HANDLE] فشل الرد على 172495080583230: 401 Invalid API Key
[9/19/2026, 20:44:48] [ERROR] [AI_HANDLE] فشل الرد على status: 401 Invalid API Key
[9/19/2026, 20:45:14] [ERROR] [AI_HANDLE] فشل الرد على 120363194295727136: 401 Invalid API Key
[9/19/2026, 20:48:06] [ERROR] [AI_HANDLE] فشل الرد على status: 401 Invalid API Key
[9/19/2026, 20:48:39] [ERROR] [AI_HANDLE] فشل الرد على status: 401 Invalid API Key
[9/19/2026, 20:49:02] [ERROR] [AI_HANDLE] فشل الرد على status: 401 Invalid API Key
[9/19/2026, 20:50:13] [ERROR] [AI_HANDLE] فشل الرد على status: 401 Invalid API Key
[9/19/2026, 20:53:24] [ERROR] [AI_HANDLE] فشل الرد على status: 401 Invalid API Key
[9/19/2026, 21:04:37] [INFO] [AI_CONFIG] Groq مُعد: llama-3.3-70b-versatile
[9/19/2026, 21:04:37] [INFO] [AI_CONFIG] Gemini fallback: 7 مفتاح، حد 5 طلب/دقيقة.
[9/19/2026, 21:05:10] [ERROR] [AI_HANDLE] فشل الرد على status: 401 Invalid API Key
[9/19/2026, 21:05:39] [ERROR] [AI_HANDLE] فشل الرد على 10978473316407: 401 Invalid API Key
[9/19/2026, 21:05:42] [ERROR] [AI_HANDLE] فشل الرد على 13671031951477: 401 Invalid API Key
[9/19/2026, 21:05:56] [ERROR] [AI_HANDLE] فشل الرد على 10978473316407: 401 Invalid API Key
[9/19/2026, 21:05:56] [ERROR] [AI_HANDLE] فشل الرد على status: 401 Invalid API Key
[9/19/2026, 21:06:37] [ERROR] [AI_HANDLE] فشل الرد على 10978473316407: 401 Invalid API Key
[9/19/2026, 21:06:37] [ERROR] [AI_HANDLE] فشل الرد على status: 401 Invalid API Key
[9/19/2026, 21:09:14] [ERROR] [AI_HANDLE] فشل الرد على 10978473316407: 401 Invalid API Key
[9/19/2026, 21:10:01] [ERROR] [AI_HANDLE] فشل الرد على 10978473316407: 401 Invalid API Key
[9/19/2026, 21:12:26] [ERROR] [AI_HANDLE] فشل الرد على 120363194295727136: 401 Invalid API Key
[9/19/2026, 21:13:46] [ERROR] [AI_HANDLE] فشل الرد على status: 401 Invalid API Key
[9/19/2026, 21:19:24] [ERROR] [AI_HANDLE] فشل الرد على status: 401 Invalid API Key
[9/19/2026, 21:20:31] [ERROR] [AI_HANDLE] فشل الرد على 120363174450111513: 401 Invalid API Key
[9/19/2026, 21:22:05] [ERROR] [AI_HANDLE] فشل الرد على status: 401 Invalid API Key
[9/19/2026, 21:22:58] [ERROR] [AI_HANDLE] فشل الرد على 10978473316407: 401 Invalid API Key
[9/19/2026, 21:24:23] [ERROR] [AI_HANDLE] فشل الرد على status: 401 Invalid API Key
[9/19/2026, 21:24:35] [ERROR] [AI_HANDLE] فشل الرد على 10978473316407: 401 Invalid API Key
[9/19/2026, 21:24:45] [ERROR] [AI_HANDLE] فشل الرد على status: 401 Invalid API Key
[9/19/2026, 21:25:21] [ERROR] [AI_HANDLE] فشل الرد على 120363194295727136: 401 Invalid API Key
                                                                                             [9/21/2026, 05:24:24] [INFO] [AI_CONFIG] Groq مُعد: llama-3.3-70b-versatile
[9/21/2026, 05:24:24] [INFO] [AI_CONFIG] Gemini fallback: 7 مفتاح، حد 5 طلب/دقيقة.
[9/21/2026, 05:24:35] [INFO] [AI_CONFIG] Groq مُعد: llama-3.3-70b-versatile
[9/21/2026, 05:24:35] [INFO] [AI_CONFIG] Gemini fallback: 7 مفتاح، حد 5 طلب/دقيقة.
[9/21/2026, 05:28:08] [INFO] [AI_CONFIG] Groq مُعد: llama-3.3-70b-versatile
[9/21/2026, 05:28:08] [INFO] [AI_CONFIG] Gemini fallback: 7 مفتاح، حد 5 طلب/دقيقة.
[9/21/2026, 05:49:35] [INFO] [AI_CONFIG] Groq مُعد: llama-3.3-70b-versatile
[9/21/2026, 05:49:35] [INFO] [AI_CONFIG] Gemini fallback: 7 مفتاح، حد 5 طلب/دقيقة.
[9/21/2026, 12:27:49] [INFO] [AI_CONFIG] Groq مُعد: llama-3.3-70b-versatile
[9/21/2026, 12:27:49] [INFO] [AI_CONFIG] Gemini fallback: 7 مفتاح، حد 5 طلب/دقيقة.
[9/21/2026, 12:31:30] [INFO] [AI_CONFIG] Groq مُعد: llama-3.3-70b-versatile
[9/21/2026, 12:31:30] [INFO] [AI_CONFIG] Gemini fallback: 7 مفتاح، حد 5 طلب/دقيقة.
[9/21/2026, 12:39:54] [ERROR] [AI_HANDLE] فشل الرد على status: 401 Invalid API Key
[9/21/2026, 12:44:01] [ERROR] [AI_HANDLE] فشل الرد على 8388608053369: 401 Invalid API Key
[9/21/2026, 12:47:44] [ERROR] [AI_HANDLE] فشل الرد على 8388608053369: 401 Invalid API Key
[9/21/2026, 12:52:57] [ERROR] [AI_HANDLE] فشل الرد على 10978473316407: 401 Invalid API Key
[9/21/2026, 12:54:30] [ERROR] [AI_HANDLE] فشل الرد على status: 401 Invalid API Key
[9/21/2026, 12:59:25] [ERROR] [AI_HANDLE] فشل الرد على 10978473316407: 401 Invalid API Key
[9/21/2026, 13:00:02] [ERROR] [AI_HANDLE] فشل الرد على 10978473316407: 401 Invalid API Key
[9/21/2026, 13:03:02] [ERROR] [AI_HANDLE] فشل الرد على 8388608053369: 401 Invalid API Key
[9/21/2026, 13:12:03] [ERROR] [AI_HANDLE] فشل الرد على 10978473316407: 401 Invalid API Key
[9/21/2026, 13:13:05] [INFO] [AI_CONFIG] Groq مُعد: llama-3.3-70b-versatile
[9/21/2026, 13:13:05] [INFO] [AI_CONFIG] Gemini fallback: 7 مفتاح، حد 5 طلب/دقيقة.
[9/21/2026, 13:13:35] [ERROR] [AI_HANDLE] فشل الرد على status: 401 Invalid API Key
[9/21/2026, 13:16:09] [ERROR] [AI_HANDLE] فشل الرد على status: 401 Invalid API Key
[9/21/2026, 13:18:06] [INFO] [AI_CONFIG] Groq مُعد: llama-3.3-70b-versatile
[9/21/2026, 13:18:06] [INFO] [AI_CONFIG] Gemini fallback: 7 مفتاح، حد 5 طلب/دقيقة.
[9/21/2026, 13:25:03] [ERROR] [AI_HANDLE] فشل الرد على 10978473316407: 401 Invalid API Key
[9/21/2026, 13:29:19] [ERROR] [AI_HANDLE] فشل الرد على 10978473316407: 401 Invalid API Key
[9/21/2026, 13:30:01] [ERROR] [AI_HANDLE] فشل الرد على 10978473316407: 401 Invalid API Key
[9/21/2026, 13:31:27] [ERROR] [AI_HANDLE] فشل الرد على status: 401 Invalid API Key
[9/21/2026, 13:32:22] [ERROR] [AI_HANDLE] فشل الرد على 10978473316407: 401 Invalid API Key
[9/21/2026, 13:38:20] [ERROR] [AI_HANDLE] فشل الرد على 10978473316407: 401 Invalid API Key
[9/21/2026, 13:48:17] [ERROR] [AI_HANDLE] فشل الرد على status: 401 Invalid API Key
[9/21/2026, 13:54:22] [ERROR] [AI_HANDLE] فشل الرد على 2663500521511: 401 Invalid API Key
[9/21/2026, 13:54:57] [ERROR] [AI_HANDLE] فشل الرد على 2663500521511: 401 Invalid API Key
[9/21/2026, 13:55:25] [ERROR] [AI_HANDLE] فشل الرد على 2663500521511: 401 Invalid API Key
[9/21/2026, 13:55:55] [ERROR] [AI_HANDLE] فشل الرد على 2663500521511: 401 Invalid API Key
[9/21/2026, 14:04:20] [ERROR] [AI_HANDLE] فشل الرد على 8388608053369: 401 Invalid API Key
[9/21/2026, 14:06:51] [ERROR] [AI_HANDLE] فشل الرد على 8388608053369: 401 Invalid API Key
[9/21/2026, 14:10:13] [ERROR] [AI_HANDLE] فشل الرد على status: 401 Invalid API Key
[9/21/2026, 14:15:26] [ERROR] [AI_HANDLE] فشل الرد على status: 401 Invalid API Key
[9/21/2026, 14:18:02] [ERROR] [AI_HANDLE] فشل الرد على 8388608053369: 401 Invalid API Key
[9/21/2026, 14:18:31] [ERROR] [AI_HANDLE] فشل الرد على 8388608053369: 401 Invalid API Key
[9/21/2026, 14:18:53] [ERROR] [AI_HANDLE] فشل الرد على 8388608053369: 401 Invalid API Key
[9/21/2026, 14:20:54] [ERROR] [AI_HANDLE] فشل الرد على status: 401 Invalid API Key
[9/21/2026, 14:24:45] [ERROR] [AI_HANDLE] فشل الرد على status: 401 Invalid API Key
[9/21/2026, 14:28:39] [ERROR] [AI_HANDLE] فشل الرد على status: 401 Invalid API Key
[9/21/2026, 14:29:26] [ERROR] [AI_HANDLE] فشل الرد على 2663500521511: 401 Invalid API Key
[9/21/2026, 14:29:52] [ERROR] [AI_HANDLE] فشل الرد على 8388608053369: 401 Invalid API Key
[9/21/2026, 14:30:38] [ERROR] [AI_HANDLE] فشل الرد على 2663500521511: 401 Invalid API Key
[9/21/2026, 14:48:07] [INFO] [AI_CONFIG] Groq مُعد: llama-3.3-70b-versatile
[9/21/2026, 14:48:07] [INFO] [AI_CONFIG] Gemini fallback: 7 مفتاح، حد 5 طلب/دقيقة.
[9/21/2026, 14:54:36] [INFO] [AI_CONFIG] Groq مُعد: llama-3.3-70b-versatile
[9/21/2026, 14:54:36] [INFO] [AI_CONFIG] Gemini fallback: 7 مفتاح، حد 5 طلب/دقيقة.
[9/21/2026, 14:54:45] [INFO] [AI_CONFIG] Groq مُعد: llama-3.3-70b-versatile
[9/21/2026, 14:54:45] [INFO] [AI_CONFIG] Gemini fallback: 7 مفتاح، حد 5 طلب/دقيقة.
[9/21/2026, 14:55:26] [INFO] [AI_CONFIG] Groq مُعد: llama-3.3-70b-versatile
[9/21/2026, 14:55:26] [INFO] [AI_CONFIG] Gemini fallback: 7 مفتاح، حد 5 طلب/دقيقة.
[9/21/2026, 15:03:22] [INFO] [AI_CONFIG] Groq مُعد: llama-3.3-70b-versatile
[9/21/2026, 15:03:22] [INFO] [AI_CONFIG] Gemini fallback: 7 مفتاح، حد 5 طلب/دقيقة.
[9/21/2026, 15:09:37] [INFO] [AI_CONFIG] Groq مُعد: llama-3.3-70b-versatile
[9/21/2026, 15:09:37] [INFO] [AI_CONFIG] Gemini fallback: 7 مفتاح، حد 5 طلب/دقيقة.
[9/21/2026, 15:16:53] [INFO] [AI_CONFIG] Groq مُعد: llama-3.3-70b-versatile
[9/21/2026, 15:16:53] [INFO] [AI_CONFIG] Gemini fallback: 7 مفتاح، حد 5 طلب/دقيقة.
[9/21/2026, 15:27:18] [INFO] [AI_CONFIG] Groq مُعد: llama-3.3-70b-versatile
[9/21/2026, 15:27:18] [INFO] [AI_CONFIG] Gemini fallback: 7 مفتاح، حد 5 طلب/دقيقة.
[9/21/2026, 15:28:02] [INFO] [AI_CONFIG] Groq مُعد: llama-3.3-70b-versatile
[9/21/2026, 15:28:02] [INFO] [AI_CONFIG] Gemini fallback: 7 مفتاح، حد 5 طلب/دقيقة.
[9/21/2026, 15:28:35] [INFO] [AI_CONFIG] Groq مُعد: llama-3.3-70b-versatile
[9/21/2026, 15:28:35] [INFO] [AI_CONFIG] Gemini fallback: 7 مفتاح، حد 5 طلب/دقيقة.
[9/21/2026, 15:29:41] [INFO] [AI_CONFIG] Groq مُعد: llama-3.3-70b-versatile
[9/21/2026, 15:29:41] [INFO] [AI_CONFIG] Gemini fallback: 7 مفتاح، حد 5 طلب/دقيقة.
[9/21/2026, 15:30:49] [INFO] [AI_CONFIG] Groq مُعد: llama-3.3-70b-versatile
[9/21/2026, 15:30:49] [INFO] [AI_CONFIG] Gemini fallback: 7 مفتاح، حد 5 طلب/دقيقة.
[9/21/2026, 15:32:28] [INFO] [AI_CONFIG] Groq مُعد: llama-3.3-70b-versatile
[9/21/2026, 15:32:28] [INFO] [AI_CONFIG] Gemini fallback: 7 مفتاح، حد 5 طلب/دقيقة.
[9/21/2026, 15:33:35] [INFO] [AI_CONFIG] Groq مُعد: llama-3.3-70b-versatile
[9/21/2026, 15:33:35] [INFO] [AI_CONFIG] Gemini fallback: 7 مفتاح، حد 5 طلب/دقيقة.
[9/21/2026, 15:34:04] [INFO] [AI_CONFIG] Groq مُعد: llama-3.3-70b-versatile
[9/21/2026, 15:34:04] [INFO] [AI_CONFIG] Gemini fallback: 7 مفتاح، حد 5 طلب/دقيقة.
[9/21/2026, 15:34:57] [INFO] [AI_CONFIG] Groq مُعد: llama-3.3-70b-versatile
[9/21/2026, 15:34:57] [INFO] [AI_CONFIG] Gemini fallback: 7 مفتاح، حد 5 طلب/دقيقة.
[9/21/2026, 15:35:15] [INFO] [AI_CONFIG] Groq مُعد: llama-3.3-70b-versatile
[9/21/2026, 15:35:15] [INFO] [AI_CONFIG] Gemini fallback: 7 مفتاح، حد 5 طلب/دقيقة.
[9/21/2026, 15:36:01] [INFO] [AI_CONFIG] Groq مُعد: llama-3.3-70b-versatile
[9/21/2026, 15:36:01] [INFO] [AI_CONFIG] Gemini fallback: 7 مفتاح، حد 5 طلب/دقيقة.
[9/21/2026, 15:38:02] [INFO] [AI_CONFIG] Groq مُعد: llama-3.3-70b-versatile
[9/21/2026, 15:38:02] [INFO] [AI_CONFIG] Gemini fallback: 7 مفتاح، حد 5 طلب/دقيقة.
[9/21/2026, 15:53:14] [INFO] [AI_CONFIG] Groq مُعد: llama-3.3-70b-versatile
[9/21/2026, 15:53:14] [INFO] [AI_CONFIG] Gemini fallback: 7 مفتاح، حد 5 طلب/دقيقة.
[9/21/2026, 15:57:47] [INFO] [AI_CONFIG] Groq مُعد: llama-3.3-70b-versatile
[9/21/2026, 15:57:47] [INFO] [AI_CONFIG] Gemini fallback: 7 مفتاح، حد 5 طلب/دقيقة.
[9/21/2026, 15:58:40] [INFO] [AI_CONFIG] Groq مُعد: llama-3.3-70b-versatile
[9/21/2026, 15:58:40] [INFO] [AI_CONFIG] Gemini fallback: 7 مفتاح، حد 5 طلب/دقيقة.
[9/21/2026, 16:07:02] [INFO] [AI_CONFIG] Groq مُعد: llama-3.3-70b-versatile
[9/21/2026, 16:07:02] [INFO] [AI_CONFIG] Gemini fallback: 7 مفتاح، حد 5 طلب/دقيقة.
[9/21/2026, 16:10:05] [ERROR] [AI_HANDLE] فشل الرد على 98639007465613: 401 Invalid API Key
[9/21/2026, 16:10:32] [ERROR] [AI_HANDLE] فشل الرد على 98639007465613: 401 Invalid API Key
[9/21/2026, 16:12:24] [INFO] [AI_CONFIG] Groq مُعد: llama-3.3-70b-versatile
[9/21/2026, 16:12:24] [INFO] [AI_CONFIG] Gemini fallback: 7 مفتاح، حد 5 طلب/دقيقة.
[9/21/2026, 16:12:55] [INFO] [AI_CONFIG] Groq مُعد: llama-3.3-70b-versatile
[9/21/2026, 16:12:56] [INFO] [AI_CONFIG] Gemini fallback: 7 مفتاح، حد 5 طلب/دقيقة.
[9/21/2026, 16:14:10] [INFO] [AI_CONFIG] Groq مُعد: llama-3.3-70b-versatile
[9/21/2026, 16:14:10] [INFO] [AI_CONFIG] Gemini fallback: 7 مفتاح، حد 5 طلب/دقيقة.
[9/21/2026, 16:14:39] [INFO] [AI_CONFIG] Groq مُعد: llama-3.3-70b-versatile
[9/21/2026, 16:14:39] [INFO] [AI_CONFIG] Gemini fallback: 7 مفتاح، حد 5 طلب/دقيقة.
[9/21/2026, 16:17:24] [ERROR] [AI_HANDLE] فشل الرد على 2663500521511: 401 Invalid API Key
[9/21/2026, 16:19:22] [INFO] [AI_CONFIG] Groq مُعد: llama-3.3-70b-versatile
[9/21/2026, 16:19:22] [INFO] [AI_CONFIG] Gemini fallback: 7 مفتاح، حد 5 طلب/دقيقة.
[9/21/2026, 16:19:50] [INFO] [AI_CONFIG] Groq مُعد: llama-3.3-70b-versatile
[9/21/2026, 16:19:50] [INFO] [AI_CONFIG] Gemini fallback: 7 مفتاح، حد 5 طلب/دقيقة.
[9/21/2026, 16:27:41] [ERROR] [AI_HANDLE] فشل الرد على 204394054340815: 401 Invalid API Key
[9/21/2026, 16:27:48] [ERROR] [AI_HANDLE] فشل الرد على 204394054340815: 401 Invalid API Key
[9/21/2026, 16:28:05] [ERROR] [AI_HANDLE] فشل الرد على 204394054340815: 401 Invalid API Key
[9/21/2026, 16:35:18] [INFO] [AI_CONFIG] Groq مُعد: llama-3.3-70b-versatile
[9/21/2026, 16:35:18] [INFO] [AI_CONFIG] Gemini fallback: 7 مفتاح، حد 5 طلب/دقيقة.
[9/21/2026, 16:35:42] [INFO] [AI_CONFIG] Groq مُعد: llama-3.3-70b-versatile
[9/21/2026, 16:35:42] [INFO] [AI_CONFIG] Gemini fallback: 7 مفتاح، حد 5 طلب/دقيقة.
[9/21/2026, 16:36:05] [INFO] [AI_CONFIG] Groq مُعد: llama-3.3-70b-versatile
[9/21/2026, 16:36:05] [INFO] [AI_CONFIG] Gemini fallback: 7 مفتاح، حد 5 طلب/دقيقة.
[9/21/2026, 16:40:15] [INFO] [AI_CONFIG] Groq مُعد: llama-3.3-70b-versatile
[9/21/2026, 16:40:15] [INFO] [AI_CONFIG] Gemini fallback: 7 مفتاح، حد 5 طلب/دقيقة.
[9/21/2026, 16:41:56] [INFO] [AI_CONFIG] Groq مُعد: llama-3.3-70b-versatile
[9/21/2026, 16:41:56] [INFO] [AI_CONFIG] Gemini fallback: 7 مفتاح، حد 5 طلب/دقيقة.
[9/21/2026, 16:42:29] [INFO] [AI_CONFIG] Groq مُعد: llama-3.3-70b-versatile
[9/21/2026, 16:42:29] [INFO] [AI_CONFIG] Gemini fallback: 7 مفتاح، حد 5 طلب/دقيقة.
[9/21/2026, 16:46:46] [INFO] [AI_CONFIG] Groq مُعد: llama-3.3-70b-versatile
[9/21/2026, 16:46:46] [INFO] [AI_CONFIG] Gemini fallback: 7 مفتاح، حد 5 طلب/دقيقة.
[9/21/2026, 16:50:47] [INFO] [AI_CONFIG] Groq مُعد: llama-3.3-70b-versatile
[9/21/2026, 16:50:47] [INFO] [AI_CONFIG] Gemini fallback: 7 مفتاح، حد 5 طلب/دقيقة.
[9/21/2026, 16:52:24] [ERROR] [AI_HANDLE] فشل الرد على 127939140132919: 401 Invalid API Key
[9/21/2026, 16:52:40] [ERROR] [AI_HANDLE] فشل الرد على 127939140132919: 401 Invalid API Key
[9/21/2026, 16:52:51] [ERROR] [AI_HANDLE] فشل الرد على 127939140132919: 401 Invalid API Key
[9/21/2026, 16:54:28] [ERROR] [AI_HANDLE] فشل الرد على 127939140132919: 401 Invalid API Key
[9/21/2026, 16:56:27] [ERROR] [AI_HANDLE] فشل الرد على 127939140132919: 401 Invalid API Key
[9/21/2026, 16:56:41] [ERROR] [AI_HANDLE] فشل الرد على 272353103708201: 401 Invalid API Key
[9/21/2026, 16:57:14] [ERROR] [AI_HANDLE] فشل الرد على 127939140132919: 401 Invalid API Key
[9/21/2026, 16:57:58] [ERROR] [AI_HANDLE] فشل الرد على 127939140132919: 401 Invalid API Key
[9/21/2026, 16:58:35] [ERROR] [AI_HANDLE] فشل الرد على 127939140132919: 401 Invalid API Key
[9/21/2026, 16:59:17] [ERROR] [AI_HANDLE] فشل الرد على 127939140132919: 401 Invalid API Key
[9/21/2026, 17:07:37] [INFO] [AI_CONFIG] Groq مُعد: llama-3.3-70b-versatile
[9/21/2026, 17:07:37] [INFO] [AI_CONFIG] Gemini fallback: 7 مفتاح، حد 5 طلب/دقيقة.
[9/22/2026, 00:35:53] [INFO] [AI_CONFIG] Groq مُعد: llama-3.3-70b-versatile
[9/22/2026, 00:35:53] [INFO] [AI_CONFIG] Gemini fallback: 7 مفتاح، حد 5 طلب/دقيقة.
[9/22/2026, 00:53:26] [INFO] [AI_CONFIG] Groq مُعد: llama-3.3-70b-versatile
[9/22/2026, 00:53:26] [INFO] [AI_CONFIG] Gemini fallback: 7 مفتاح، حد 5 طلب/دقيقة.
[9/22/2026, 09:43:06] [INFO] [AI_CONFIG] Groq مُعد: llama-3.3-70b-versatile
[9/22/2026, 09:43:06] [INFO] [AI_CONFIG] Gemini fallback: 7 مفتاح، حد 5 طلب/دقيقة.
[9/22/2026, 09:43:16] [INFO] [AI_CONFIG] Groq مُعد: llama-3.3-70b-versatile
[9/22/2026, 09:43:16] [INFO] [AI_CONFIG] Gemini fallback: 7 مفتاح، حد 5 طلب/دقيقة.
[9/22/2026, 09:43:23] [INFO] [AI_CONFIG] Groq مُعد: llama-3.3-70b-versatile
[9/22/2026, 09:43:23] [INFO] [AI_CONFIG] Gemini fallback: 7 مفتاح، حد 5 طلب/دقيقة.
[9/22/2026, 09:43:43] [INFO] [AI_CONFIG] Groq مُعد: llama-3.3-70b-versatile
[9/22/2026, 09:43:43] [INFO] [AI_CONFIG] Gemini fallback: 7 مفتاح، حد 5 طلب/دقيقة.
[9/22/2026, 09:44:49] [INFO] [AI_CONFIG] Groq مُعد: llama-3.3-70b-versatile
[9/22/2026, 09:44:49] [INFO] [AI_CONFIG] Gemini fallback: 7 مفتاح، حد 5 طلب/دقيقة.
[9/22/2026, 09:45:31] [INFO] [AI_CONFIG] Groq مُعد: llama-3.3-70b-versatile
[9/22/2026, 09:45:31] [INFO] [AI_CONFIG] Gemini fallback: 7 مفتاح، حد 5 طلب/دقيقة.
[9/22/2026, 09:48:54] [INFO] [AI_CONFIG] Groq مُعد: llama-3.3-70b-versatile
[9/22/2026, 09:48:54] [INFO] [AI_CONFIG] Gemini fallback: 7 مفتاح، حد 5 طلب/دقيقة.
[9/22/2026, 09:56:08] [INFO] [AI_CONFIG] Groq مُعد: llama-3.3-70b-versatile
[9/22/2026, 09:56:08] [INFO] [AI_CONFIG] Gemini fallback: 7 مفتاح، حد 5 طلب/دقيقة.
[9/22/2026, 10:00:15] [INFO] [AI_CONFIG] Groq مُعد: llama-3.3-70b-versatile
[9/22/2026, 10:00:15] [INFO] [AI_CONFIG] Gemini fallback: 7 مفتاح، حد 5 طلب/دقيقة.
[9/22/2026, 10:09:44] [INFO] [AI_CONFIG] Groq مُعد: llama-3.3-70b-versatile
[9/22/2026, 10:09:44] [INFO] [AI_CONFIG] Gemini fallback: 7 مفتاح، حد 5 طلب/دقيقة.
[9/22/2026, 10:09:52] [INFO] [AI_CONFIG] Groq مُعد: llama-3.3-70b-versatile
[9/22/2026, 10:09:52] [INFO] [AI_CONFIG] Gemini fallback: 7 مفتاح، حد 5 طلب/دقيقة.
[9/22/2026, 10:10:35] [ERROR] [AI_HANDLE] فشل الرد على 6172404879476: 401 Invalid API Key
[9/22/2026, 10:10:53] [ERROR] [AI_HANDLE] فشل الرد على 6172404879476: 401 Invalid API Key
[9/22/2026, 10:11:13] [ERROR] [AI_HANDLE] فشل الرد على 6172404879476: 401 Invalid API Key
[9/22/2026, 10:11:32] [ERROR] [AI_HANDLE] فشل الرد على 6172404879476: 401 Invalid API Key
[9/22/2026, 10:11:52] [ERROR] [AI_HANDLE] فشل الرد على 6172404879476: 401 Invalid API Key
[9/22/2026, 10:12:57] [INFO] [AI_CONFIG] Groq مُعد: llama-3.3-70b-versatile
[9/22/2026, 10:12:57] [INFO] [AI_CONFIG] Gemini fallback: 7 مفتاح، حد 5 طلب/دقيقة.
[9/22/2026, 10:24:23] [INFO] [AI_CONFIG] Groq مُعد: llama-3.3-70b-versatile
[9/22/2026, 10:24:23] [INFO] [AI_CONFIG] Gemini fallback: 7 مفتاح، حد 5 طلب/دقيقة.
[9/22/2026, 10:24:32] [INFO] [AI_CONFIG] Groq مُعد: llama-3.3-70b-versatile
[9/22/2026, 10:24:32] [INFO] [AI_CONFIG] Gemini fallback: 7 مفتاح، حد 5 طلب/دقيقة.
[9/22/2026, 10:27:03] [INFO] [AI_CONFIG] Groq مُعد: llama-3.3-70b-versatile
[9/22/2026, 10:27:03] [INFO] [AI_CONFIG] Gemini fallback: 7 مفتاح، حد 5 طلب/دقيقة.
[9/22/2026, 10:28:31] [ERROR] [AI_HANDLE] فشل الرد على 120363426676939325: 401 Invalid API Key
[9/22/2026, 10:29:39] [INFO] [AI_CONFIG] Groq مُعد: llama-3.3-70b-versatile
[9/22/2026, 10:29:39] [INFO] [AI_CONFIG] Gemini fallback: 7 مفتاح، حد 5 طلب/دقيقة.
[9/22/2026, 10:30:46] [ERROR] [AI_HANDLE] فشل الرد على 13615096664143: 401 Invalid API Key
[9/22/2026, 10:31:39] [INFO] [AI_CONFIG] Groq مُعد: llama-3.3-70b-versatile
[9/22/2026, 10:31:39] [INFO] [AI_CONFIG] Gemini fallback: 7 مفتاح، حد 5 طلب/دقيقة.
[9/22/2026, 10:32:18] [INFO] [AI_CONFIG] Groq مُعد: llama-3.3-70b-versatile
[9/22/2026, 10:32:18] [INFO] [AI_CONFIG] Gemini fallback: 7 مفتاح، حد 5 طلب/دقيقة.
[9/22/2026, 10:33:10] [INFO] [AI_CONFIG] Groq مُعد: llama-3.3-70b-versatile
[9/22/2026, 10:33:10] [INFO] [AI_CONFIG] Gemini fallback: 7 مفتاح، حد 5 طلب/دقيقة.
[9/22/2026, 10:33:27] [INFO] [AI_CONFIG] Groq مُعد: llama-3.3-70b-versatile
[9/22/2026, 10:33:27] [INFO] [AI_CONFIG] Gemini fallback: 7 مفتاح، حد 5 طلب/دقيقة.
[9/22/2026, 10:34:38] [INFO] [AI_CONFIG] Groq مُعد: llama-3.3-70b-versatile
[9/22/2026, 10:34:38] [INFO] [AI_CONFIG] Gemini fallback: 7 مفتاح، حد 5 طلب/دقيقة.
[9/22/2026, 10:36:04] [INFO] [AI_CONFIG] Groq مُعد: llama-3.3-70b-versatile
[9/22/2026, 10:36:04] [INFO] [AI_CONFIG] Gemini fallback: 7 مفتاح، حد 5 طلب/دقيقة.
[9/22/2026, 10:36:24] [INFO] [AI_CONFIG] Groq مُعد: llama-3.3-70b-versatile
[9/22/2026, 10:36:24] [INFO] [AI_CONFIG] Gemini fallback: 7 مفتاح، حد 5 طلب/دقيقة.
[9/22/2026, 10:39:12] [INFO] [AI_CONFIG] Groq مُعد: llama-3.3-70b-versatile
[9/22/2026, 10:39:12] [INFO] [AI_CONFIG] Gemini fallback: 7 مفتاح، حد 5 طلب/دقيقة.
[9/22/2026, 10:41:59] [INFO] [AI_CONFIG] Groq مُعد: llama-3.3-70b-versatile
[9/22/2026, 10:42:00] [INFO] [AI_CONFIG] Gemini fallback: 7 مفتاح، حد 5 طلب/دقيقة.
[9/22/2026, 10:44:48] [INFO] [AI_CONFIG] Groq مُعد: llama-3.3-70b-versatile
[9/22/2026, 10:44:48] [INFO] [AI_CONFIG] Gemini fallback: 7 مفتاح، حد 5 طلب/دقيقة.
[9/22/2026, 10:48:13] [INFO] [AI_CONFIG] Groq مُعد: llama-3.3-70b-versatile
[9/22/2026, 10:48:13] [INFO] [AI_CONFIG] Gemini fallback: 7 مفتاح، حد 5 طلب/دقيقة.
[9/22/2026, 10:51:26] [INFO] [AI_CONFIG] Groq مُعد: llama-3.3-70b-versatile
[9/22/2026, 10:51:26] [INFO] [AI_CONFIG] Gemini fallback: 7 مفتاح، حد 5 طلب/دقيقة.
[9/22/2026, 11:00:07] [ERROR] [AI_HANDLE] فشل الرد على status: 401 Invalid API Key
[9/22/2026, 11:10:22] [ERROR] [AI_HANDLE] فشل الرد على 10978473316407: 401 Invalid API Key
[9/22/2026, 11:16:57] [ERROR] [AI_HANDLE] فشل الرد على status: 401 Invalid API Key
[9/22/2026, 11:19:42] [ERROR] [AI_HANDLE] فشل الرد على 231044141821973: 401 Invalid API Key
[9/22/2026, 11:19:54] [ERROR] [AI_HANDLE] فشل الرد على 231044141821973: 401 Invalid API Key
[9/22/2026, 11:20:26] [ERROR] [AI_HANDLE] فشل الرد على 231044141821973: 401 Invalid API Key
[9/22/2026, 11:20:34] [ERROR] [AI_HANDLE] فشل الرد على 231044141821973: 401 Invalid API Key
[9/22/2026, 11:21:02] [ERROR] [AI_HANDLE] فشل الرد على 231044141821973: 401 Invalid API Key
[9/22/2026, 11:28:13] [ERROR] [AI_HANDLE] فشل الرد على 111119897243790: 401 Invalid API Key
[9/22/2026, 11:28:29] [ERROR] [AI_HANDLE] فشل الرد على 111119897243790: 401 Invalid API Key
[9/22/2026, 11:42:29] [ERROR] [AI_HANDLE] فشل الرد على status: 401 Invalid API Key
[9/22/2026, 11:47:14] [ERROR] [AI_HANDLE] فشل الرد على status: 401 Invalid API Key
[9/22/2026, 18:49:14] [INFO] [AI_CONFIG] Groq مُعد: llama-3.3-70b-versatile
[9/22/2026, 18:49:15] [INFO] [AI_CONFIG] Gemini fallback: 7 مفتاح، حد 5 طلب/دقيقة.
[9/22/2026, 18:51:09] [ERROR] [AI_HANDLE] فشل الرد على 13615096664143: 401 Invalid API Key
[9/22/2026, 18:51:44] [ERROR] [AI_HANDLE] فشل الرد على 13615096664143: 401 Invalid API Key
[9/22/2026, 18:52:08] [ERROR] [AI_HANDLE] فشل الرد على 13615096664143: 401 Invalid API Key
[9/22/2026, 18:52:20] [ERROR] [AI_HANDLE] فشل الرد على 40265855332426: 401 Invalid API Key
[9/22/2026, 18:52:28] [ERROR] [AI_HANDLE] فشل الرد على 120363428806774562: 401 Invalid API Key
[9/22/2026, 18:52:51] [ERROR] [AI_HANDLE] فشل الرد على 13615096664143: 401 Invalid API Key
[9/22/2026, 18:53:05] [ERROR] [AI_HANDLE] فشل الرد على 13615096664143: 401 Invalid API Key
[9/22/2026, 18:53:37] [ERROR] [AI_HANDLE] فشل الرد على 120363428806774562: 401 Invalid API Key
[9/22/2026, 18:54:43] [INFO] [AI_CONFIG] Groq مُعد: llama-3.3-70b-versatile
[9/22/2026, 18:54:43] [INFO] [AI_CONFIG] Gemini fallback: 7 مفتاح، حد 5 طلب/دقيقة.
[9/22/2026, 18:55:01] [ERROR] [AI_HANDLE] فشل الرد على 120363428806774562: 401 Invalid API Key
[9/22/2026, 18:55:05] [ERROR] [AI_HANDLE] فشل الرد على 13615096664143: 401 Invalid API Key
[9/22/2026, 18:55:49] [ERROR] [AI_HANDLE] فشل الرد على 13615096664143: 401 Invalid API Key
[9/22/2026, 18:55:58] [ERROR] [AI_HANDLE] فشل الرد على 120363428806774562: 401 Invalid API Key
[9/22/2026, 18:56:59] [ERROR] [AI_HANDLE] فشل الرد على 13615096664143: 401 Invalid API Key
[9/22/2026, 18:58:42] [ERROR] [AI_HANDLE] فشل الرد على 13615096664143: 401 Invalid API Key
[9/22/2026, 18:58:56] [ERROR] [AI_HANDLE] فشل الرد على 120363410230705798: 401 Invalid API Key
[9/22/2026, 18:59:14] [ERROR] [AI_HANDLE] فشل الرد على 40265855332426: 401 Invalid API Key
[9/22/2026, 18:59:30] [ERROR] [AI_HANDLE] فشل الرد على 13615096664143: 401 Invalid API Key
[9/22/2026, 19:03:58] [ERROR] [AI_HANDLE] فشل الرد على 13615096664143: 401 Invalid API Key
[9/22/2026, 19:04:43] [ERROR] [AI_HANDLE] فشل الرد على 13615096664143: 401 Invalid API Key
[9/22/2026, 19:04:51] [ERROR] [AI_HANDLE] فشل الرد على 13615096664143: 401 Invalid API Key
[9/22/2026, 19:05:54] [ERROR] [AI_HANDLE] فشل الرد على 13615096664143: 401 Invalid API Key
[9/22/2026, 19:06:41] [ERROR] [AI_HANDLE] فشل الرد على 13615096664143: 401 Invalid API Key
[9/22/2026, 19:06:57] [ERROR] [AI_HANDLE] فشل الرد على 13615096664143: 401 Invalid API Key
[9/22/2026, 19:07:37] [ERROR] [AI_HANDLE] فشل الرد على 13615096664143: 401 Invalid API Key
[9/22/2026, 19:08:12] [ERROR] [AI_HANDLE] فشل الرد على 13615096664143: 401 Invalid API Key
[9/22/2026, 19:09:25] [ERROR] [AI_HANDLE] فشل الرد على 120363428806774562: 401 Invalid API Key
[9/22/2026, 19:09:47] [ERROR] [AI_HANDLE] فشل الرد على 13615096664143: 401 Invalid API Key
[9/22/2026, 19:10:43] [ERROR] [AI_HANDLE] فشل الرد على status: 401 Invalid API Key
[9/22/2026, 19:11:13] [ERROR] [AI_HANDLE] فشل الرد على 13615096664143: 401 Invalid API Key
[9/22/2026, 19:11:29] [ERROR] [AI_HANDLE] فشل الرد على 13615096664143: 401 Invalid API Key
[9/22/2026, 19:12:28] [ERROR] [AI_HANDLE] فشل الرد على 13615096664143: 401 Invalid API Key
[9/22/2026, 19:12:28] [ERROR] [AI_HANDLE] فشل الرد على 120363410230705798: 401 Invalid API Key
[9/22/2026, 19:12:40] [ERROR] [AI_HANDLE] فشل الرد على 13615096664143: 401 Invalid API Key
[9/22/2026, 19:13:22] [ERROR] [AI_HANDLE] فشل الرد على 120363410230705798: 401 Invalid API Key
[9/22/2026, 19:13:44] [ERROR] [AI_HANDLE] فشل الرد على 40265855332426: 401 Invalid API Key
[9/22/2026, 19:13:49] [ERROR] [AI_HANDLE] فشل الرد على 13615096664143: 401 Invalid API Key
[9/22/2026, 19:17:25] [ERROR] [AI_HANDLE] فشل الرد على 120363428806774562: 401 Invalid API Key
[9/22/2026, 19:18:38] [ERROR] [AI_HANDLE] فشل الرد على 13615096664143: 401 Invalid API Key
[9/22/2026, 19:19:47] [ERROR] [AI_HANDLE] فشل الرد على 13615096664143: 401 Invalid API Key
[9/22/2026, 19:20:14] [ERROR] [AI_HANDLE] فشل الرد على 13615096664143: 401 Invalid API Key
[9/22/2026, 19:21:05] [ERROR] [AI_HANDLE] فشل الرد على 13615096664143: 401 Invalid API Key
[9/22/2026, 19:21:12] [ERROR] [AI_HANDLE] فشل الرد على 13615096664143: 401 Invalid API Key
[9/22/2026, 19:25:20] [ERROR] [AI_HANDLE] فشل الرد على 120363428806774562: 401 Invalid API Key
[9/22/2026, 19:25:34] [ERROR] [AI_HANDLE] فشل الرد على 120363428806774562: 401 Invalid API Key
[9/22/2026, 19:25:42] [ERROR] [AI_HANDLE] فشل الرد على 13615096664143: 401 Invalid API Key
[9/22/2026, 19:26:32] [ERROR] [AI_HANDLE] فشل الرد على 120363410230705798: 401 Invalid API Key
[9/22/2026, 19:28:16] [ERROR] [AI_HANDLE] فشل الرد على 120363410230705798: 401 Invalid API Key
[9/22/2026, 19:29:55] [ERROR] [AI_HANDLE] فشل الرد على 120363410230705798: 401 Invalid API Key
[9/22/2026, 19:31:00] [ERROR] [AI_HANDLE] فشل الرد على status: 401 Invalid API Key
[9/22/2026, 19:34:32] [ERROR] [AI_HANDLE] فشل الرد على status: 401 Invalid API Key
[9/22/2026, 19:35:46] [ERROR] [AI_HANDLE] فشل الرد على 120363428806774562: 401 Invalid API Key
[9/22/2026, 19:51:06] [ERROR] [AI_HANDLE] فشل الرد على 120363404877884600: 401 Invalid API Key
[9/22/2026, 19:52:26] [ERROR] [AI_HANDLE] فشل الرد على status: 401 Invalid API Key
[9/22/2026, 19:57:21] [ERROR] [AI_HANDLE] فشل الرد على status: 401 Invalid API Key
[9/22/2026, 19:58:31] [ERROR] [AI_HANDLE] فشل الرد على 121148276736102: 401 Invalid API Key
[9/22/2026, 20:01:43] [ERROR] [AI_HANDLE] فشل الرد على 120363408472108636: 401 Invalid API Key
[9/22/2026, 20:06:22] [ERROR] [AI_HANDLE] فشل الرد على 40265855332426: 401 Invalid API Key
[9/22/2026, 20:06:51] [ERROR] [AI_HANDLE] فشل الرد على 40265855332426: 401 Invalid API Key
[9/22/2026, 20:07:17] [ERROR] [AI_HANDLE] فشل الرد على 152669612163139: 401 Invalid API Key
[9/22/2026, 20:07:30] [ERROR] [AI_HANDLE] فشل الرد على 152669612163139: 401 Invalid API Key
[9/23/2026, 05:18:23] [INFO] [AI_CONFIG] Groq مُعد: llama-3.3-70b-versatile
[9/23/2026, 05:18:24] [INFO] [AI_CONFIG] Gemini fallback: 7 مفتاح، حد 5 طلب/دقيقة.
[9/23/2026, 05:19:01] [ERROR] [AI_HANDLE] فشل الرد على 19508563599436: 401 Invalid API Key
[9/23/2026, 05:19:01] [ERROR] [AI_HANDLE] فشل الرد على 152669612163139: 401 Invalid API Key
[9/23/2026, 05:19:01] [ERROR] [AI_HANDLE] فشل الرد على 125813164904529: 401 Invalid API Key
[9/23/2026, 05:19:01] [ERROR] [AI_HANDLE] فشل الرد على 97341407268963: 401 Invalid API Key
[9/23/2026, 05:19:01] [ERROR] [AI_HANDLE] فشل الرد على 202091733737690: 401 Invalid API Key
[9/23/2026, 05:19:01] [ERROR] [AI_HANDLE] فشل الرد على status: 401 Invalid API Key
[9/23/2026, 05:19:03] [ERROR] [AI_HANDLE] فشل الرد على 127939140132919: 401 Invalid API Key
[9/23/2026, 05:19:07] [ERROR] [AI_HANDLE] فشل الرد على 202091733737690: 401 Invalid API Key
[9/23/2026, 05:19:07] [ERROR] [AI_HANDLE] فشل الرد على 127939140132919: 401 Invalid API Key
[9/23/2026, 05:19:14] [ERROR] [AI_HANDLE] فشل الرد على 120363428806774562: 401 Invalid API Key
[9/23/2026, 05:19:15] [ERROR] [AI_HANDLE] فشل الرد على 97341407268963: 401 Invalid API Key
[9/23/2026, 05:19:17] [ERROR] [AI_HANDLE] فشل الرد على status: 401 Invalid API Key
[9/23/2026, 05:19:19] [ERROR] [AI_HANDLE] فشل الرد على 120363410230705798: 401 Invalid API Key
[9/23/2026, 05:19:20] [ERROR] [AI_HANDLE] فشل الرد على status: 401 Invalid API Key
[9/23/2026, 05:19:26] [ERROR] [AI_HANDLE] فشل الرد على 120363428806774562: 401 Invalid API Key
[9/23/2026, 05:19:41] [ERROR] [AI_HANDLE] فشل الرد على status: 401 Invalid API Key
[9/23/2026, 05:19:43] [ERROR] [AI_HANDLE] فشل الرد على 13615096664143: 401 Invalid API Key
[9/23/2026, 05:19:45] [ERROR] [AI_HANDLE] فشل الرد على 120363428806774562: 401 Invalid API Key
[9/23/2026, 05:19:45] [ERROR] [AI_HANDLE] فشل الرد على status: 401 Invalid API Key
[9/23/2026, 05:19:50] [ERROR] [AI_HANDLE] فشل الرد على status: 401 Invalid API Key
[9/23/2026, 05:19:52] [ERROR] [AI_HANDLE] فشل الرد على 40265855332426: 401 Invalid API Key
[9/23/2026, 05:19:53] [ERROR] [AI_HANDLE] فشل الرد على 120363425907021939: 401 Invalid API Key
[9/23/2026, 05:19:54] [ERROR] [AI_HANDLE] فشل الرد على 120363404877884600: 401 Invalid API Key
[9/23/2026, 05:19:55] [ERROR] [AI_HANDLE] فشل الرد على status: 401 Invalid API Key
[9/23/2026, 05:21:41] [INFO] [AI_CONFIG] Groq مُعد: llama-3.3-70b-versatile
[9/23/2026, 05:21:41] [INFO] [AI_CONFIG] Gemini fallback: 7 مفتاح، حد 5 طلب/دقيقة.
[9/23/2026, 05:21:52] [INFO] [AI_CONFIG] Groq مُعد: llama-3.3-70b-versatile
[9/23/2026, 05:21:52] [INFO] [AI_CONFIG] Gemini fallback: 7 مفتاح، حد 5 طلب/دقيقة.
[9/23/2026, 05:22:59] [INFO] [AI_CONFIG] Groq مُعد: llama-3.3-70b-versatile
[9/23/2026, 05:22:59] [INFO] [AI_CONFIG] Gemini fallback: 7 مفتاح، حد 5 طلب/دقيقة.
[9/23/2026, 05:24:35] [INFO] [AI_CONFIG] Groq مُعد: llama-3.3-70b-versatile
[9/23/2026, 05:24:35] [INFO] [AI_CONFIG] Gemini fallback: 7 مفتاح، حد 5 طلب/دقيقة.
[9/23/2026, 05:24:43] [INFO] [AI_CONFIG] Groq مُعد: llama-3.3-70b-versatile
[9/23/2026, 05:24:43] [INFO] [AI_CONFIG] Gemini fallback: 7 مفتاح، حد 5 طلب/دقيقة.
[9/23/2026, 05:24:57] [INFO] [AI_CONFIG] Groq مُعد: llama-3.3-70b-versatile
[9/23/2026, 05:24:57] [INFO] [AI_CONFIG] Gemini fallback: 7 مفتاح، حد 5 طلب/دقيقة.
[9/23/2026, 05:26:03] [INFO] [AI_CONFIG] Groq مُعد: llama-3.3-70b-versatile
[9/23/2026, 05:26:03] [INFO] [AI_CONFIG] Gemini fallback: 7 مفتاح، حد 5 طلب/دقيقة.
[9/23/2026, 05:27:44] [INFO] [AI_CONFIG] Groq مُعد: llama-3.3-70b-versatile
[9/23/2026, 05:27:44] [INFO] [AI_CONFIG] Gemini fallback: 7 مفتاح، حد 5 طلب/دقيقة.
[9/23/2026, 06:20:06] [INFO] [AI_CONFIG] Groq مُعد: llama-3.3-70b-versatile
[9/23/2026, 06:20:06] [INFO] [AI_CONFIG] Gemini fallback: 7 مفتاح، حد 5 طلب/دقيقة.
[9/23/2026, 09:23:39] [INFO] [AI_CONFIG] Groq مُعد: llama-3.3-70b-versatile
[9/23/2026, 09:23:39] [INFO] [AI_CONFIG] Gemini fallback: 7 مفتاح، حد 5 طلب/دقيقة.
[9/23/2026, 09:23:53] [ERROR] [AI_HANDLE] فشل الرد على 40265855332426: 401 Invalid API Key
[9/23/2026, 09:23:53] [ERROR] [AI_HANDLE] فشل الرد على 97341407268963: 401 Invalid API Key
[9/23/2026, 09:23:53] [ERROR] [AI_HANDLE] فشل الرد على status: 401 Invalid API Key
[9/23/2026, 09:26:21] [ERROR] [AI_HANDLE] فشل الرد على 97341407268963: 401 Invalid API Key
[9/23/2026, 09:27:27] [ERROR] [AI_HANDLE] فشل الرد على 97341407268963: 401 Invalid API Key
[9/23/2026, 09:28:01] [ERROR] [AI_HANDLE] فشل الرد على 97341407268963: 401 Invalid API Key
[9/23/2026, 09:29:41] [ERROR] [AI_HANDLE] فشل الرد على 97341407268963: 401 Invalid API Key
[9/23/2026, 09:31:36] [ERROR] [AI_HANDLE] فشل الرد على 97341407268963: 401 Invalid API Key
[9/23/2026, 09:32:25] [ERROR] [AI_HANDLE] فشل الرد على 97341407268963: 401 Invalid API Key
[9/23/2026, 09:33:14] [ERROR] [AI_HANDLE] فشل الرد على 97341407268963: 401 Invalid API Key
[9/23/2026, 09:33:25] [ERROR] [AI_HANDLE] فشل الرد على 97341407268963: 401 Invalid API Key
[9/23/2026, 09:34:28] [ERROR] [AI_HANDLE] فشل الرد على 97341407268963: 401 Invalid API Key
[9/23/2026, 09:34:43] [ERROR] [AI_HANDLE] فشل الرد على 97341407268963: 401 Invalid API Key
[9/23/2026, 09:35:32] [ERROR] [AI_HANDLE] فشل الرد على 97341407268963: 401 Invalid API Key
[9/23/2026, 09:36:07] [ERROR] [AI_HANDLE] فشل الرد على 97341407268963: 401 Invalid API Key
[9/23/2026, 09:36:17] [ERROR] [AI_HANDLE] فشل الرد على 97341407268963: 401 Invalid API Key
[9/23/2026, 09:36:53] [ERROR] [AI_HANDLE] فشل الرد على 97341407268963: 401 Invalid API Key
[9/23/2026, 09:37:13] [ERROR] [AI_HANDLE] فشل الرد على 97341407268963: 401 Invalid API Key
[9/23/2026, 09:37:23] [ERROR] [AI_HANDLE] فشل الرد على 97341407268963: 401 Invalid API Key
[9/23/2026, 09:37:31] [ERROR] [AI_HANDLE] فشل الرد على 97341407268963: 401 Invalid API Key
[9/23/2026, 09:38:04] [ERROR] [AI_HANDLE] فشل الرد على 97341407268963: 401 Invalid API Key
[9/23/2026, 09:38:21] [ERROR] [AI_HANDLE] فشل الرد على 97341407268963: 401 Invalid API Key
[9/23/2026, 09:39:03] [ERROR] [AI_HANDLE] فشل الرد على 97341407268963: 401 Invalid API Key
[9/23/2026, 09:42:56] [ERROR] [AI_HANDLE] فشل الرد على 18958707122279: 401 Invalid API Key
[9/23/2026, 09:44:17] [ERROR] [AI_HANDLE] فشل الرد على 18958707122279: 401 Invalid API Key
[9/23/2026, 09:44:42] [ERROR] [AI_HANDLE] فشل الرد على 18958707122279: 401 Invalid API Key
[9/23/2026, 09:46:36] [ERROR] [AI_HANDLE] فشل الرد على 18958707122279: 401 Invalid API Key
[9/23/2026, 09:46:50] [ERROR] [AI_HANDLE] فشل الرد على 18958707122279: 401 Invalid API Key
[9/23/2026, 09:47:28] [ERROR] [AI_HANDLE] فشل الرد على 18958707122279: 401 Invalid API Key
[9/23/2026, 09:49:31] [ERROR] [AI_HANDLE] فشل الرد على 18958707122279: 401 Invalid API Key
[9/23/2026, 09:50:55] [ERROR] [AI_HANDLE] فشل الرد على 18958707122279: 401 Invalid API Key
[9/23/2026, 09:51:52] [ERROR] [AI_HANDLE] فشل الرد على 18958707122279: 401 Invalid API Key
[9/23/2026, 10:00:29] [ERROR] [AI_HANDLE] فشل الرد على 18958707122279: 401 Invalid API Key
[9/23/2026, 10:03:21] [ERROR] [AI_HANDLE] فشل الرد على 18958707122279: 401 Invalid API Key
[9/23/2026, 11:03:30] [INFO] [AI_CONFIG] Groq مُعد: llama-3.3-70b-versatile
[9/23/2026, 11:03:31] [INFO] [AI_CONFIG] Gemini fallback: 7 مفتاح، حد 5 طلب/دقيقة.
[9/23/2026, 11:04:17] [ERROR] [AI_HANDLE] فشل الرد على 40265855332426: 401 Invalid API Key
[9/23/2026, 11:04:17] [ERROR] [AI_HANDLE] فشل الرد على status: 401 Invalid API Key
[9/23/2026, 11:07:29] [ERROR] [AI_HANDLE] فشل الرد على 18958707122279: 401 Invalid API Key
[9/23/2026, 11:38:05] [ERROR] [AI_HANDLE] فشل الرد على status: 401 Invalid API Key
[9/23/2026, 11:40:17] [ERROR] [AI_HANDLE] فشل الرد على 40265855332426: 401 Invalid API Key
[9/23/2026, 11:55:17] [ERROR] [AI_HANDLE] فشل الرد على 117012776935525: 401 Invalid API Key
[9/23/2026, 11:59:15] [ERROR] [AI_HANDLE] فشل الرد على status: 401 Invalid API Key
[9/23/2026, 14:11:13] [INFO] [AI_CONFIG] Groq مُعد: llama-3.3-70b-versatile
[9/23/2026, 14:11:13] [INFO] [AI_CONFIG] Gemini fallback: 7 مفتاح، حد 5 طلب/دقيقة.
[9/23/2026, 14:11:45] [ERROR] [AI_HANDLE] فشل الرد على 19508563599436: 401 Invalid API Key
[9/23/2026, 14:11:45] [ERROR] [AI_HANDLE] فشل الرد على 13615096664143: 401 Invalid API Key
[9/23/2026, 14:11:45] [ERROR] [AI_HANDLE] فشل الرد على 202091733737690: 401 Invalid API Key
[9/23/2026, 14:11:45] [ERROR] [AI_HANDLE] فشل الرد على status: 401 Invalid API Key
[9/23/2026, 14:13:09] [ERROR] [AI_HANDLE] فشل الرد على status: 401 Invalid API Key
[9/23/2026, 14:13:55] [INFO] [AI_CONFIG] Groq مُعد: llama-3.3-70b-versatile
[9/23/2026, 14:13:55] [INFO] [AI_CONFIG] Gemini fallback: 7 مفتاح، حد 5 طلب/دقيقة.
[9/23/2026, 14:14:34] [INFO] [AI_CONFIG] Groq مُعد: llama-3.3-70b-versatile
[9/23/2026, 14:14:34] [INFO] [AI_CONFIG] Gemini fallback: 7 مفتاح، حد 5 طلب/دقيقة.
[9/23/2026, 14:19:20] [ERROR] [AI_HANDLE] فشل الرد على status: 401 Invalid API Key
[9/23/2026, 14:34:44] [INFO] [AI_CONFIG] Groq مُعد: llama-3.3-70b-versatile
[9/23/2026, 14:34:44] [INFO] [AI_CONFIG] Gemini fallback: 7 مفتاح، حد 5 طلب/دقيقة.
[9/23/2026, 14:36:55] [INFO] [AI_CONFIG] Groq مُعد: llama-3.3-70b-versatile
[9/23/2026, 14:36:55] [INFO] [AI_CONFIG] Gemini fallback: 7 مفتاح، حد 5 طلب/دقيقة.
[9/23/2026, 14:39:21] [INFO] [AI_CONFIG] Groq مُعد: llama-3.3-70b-versatile
[9/23/2026, 14:39:21] [INFO] [AI_CONFIG] Gemini fallback: 7 مفتاح، حد 5 طلب/دقيقة.
[9/23/2026, 14:40:21] [ERROR] [AI_HANDLE] فشل الرد على 37740666163202: 401 Invalid API Key
[9/23/2026, 14:40:34] [INFO] [AI_CONFIG] Groq مُعد: llama-3.3-70b-versatile
[9/23/2026, 14:40:34] [INFO] [AI_CONFIG] Gemini fallback: 7 مفتاح، حد 5 طلب/دقيقة.
[9/23/2026, 14:41:55] [INFO] [AI_CONFIG] Groq مُعد: llama-3.3-70b-versatile
[9/23/2026, 14:41:55] [INFO] [AI_CONFIG] Gemini fallback: 7 مفتاح، حد 5 طلب/دقيقة.
[9/23/2026, 14:42:23] [INFO] [AI_CONFIG] Groq مُعد: llama-3.3-70b-versatile
[9/23/2026, 14:42:23] [INFO] [AI_CONFIG] Gemini fallback: 7 مفتاح، حد 5 طلب/دقيقة.
[9/23/2026, 14:42:38] [INFO] [AI_CONFIG] Groq مُعد: llama-3.3-70b-versatile
[9/23/2026, 14:42:38] [INFO] [AI_CONFIG] Gemini fallback: 7 مفتاح، حد 5 طلب/دقيقة.
[9/23/2026, 14:45:24] [INFO] [AI_CONFIG] Groq مُعد: llama-3.3-70b-versatile
[9/23/2026, 14:45:25] [INFO] [AI_CONFIG] Gemini fallback: 7 مفتاح، حد 5 طلب/دقيقة.
[9/23/2026, 14:46:52] [INFO] [AI_CONFIG] Groq مُعد: llama-3.3-70b-versatile
[9/23/2026, 14:46:52] [INFO] [AI_CONFIG] Gemini fallback: 7 مفتاح، حد 5 طلب/دقيقة.
[9/23/2026, 14:48:11] [INFO] [AI_CONFIG] Groq مُعد: llama-3.3-70b-versatile
[9/23/2026, 14:48:11] [INFO] [AI_CONFIG] Gemini fallback: 7 مفتاح، حد 5 طلب/دقيقة.
[9/23/2026, 14:48:20] [INFO] [AI_CONFIG] Groq مُعد: llama-3.3-70b-versatile
[9/23/2026, 14:48:20] [INFO] [AI_CONFIG] Gemini fallback: 7 مفتاح، حد 5 طلب/دقيقة.
[9/23/2026, 14:50:58] [INFO] [AI_CONFIG] Groq مُعد: llama-3.3-70b-versatile
[9/23/2026, 14:50:58] [INFO] [AI_CONFIG] Gemini fallback: 7 مفتاح، حد 5 طلب/دقيقة.
[9/23/2026, 14:51:10] [INFO] [AI_CONFIG] Groq مُعد: llama-3.3-70b-versatile
[9/23/2026, 14:51:10] [INFO] [AI_CONFIG] Gemini fallback: 7 مفتاح، حد 5 طلب/دقيقة.
[9/23/2026, 14:51:15] [INFO] [AI_CONFIG] Groq مُعد: llama-3.3-70b-versatile
[9/23/2026, 14:51:15] [INFO] [AI_CONFIG] Gemini fallback: 7 مفتاح، حد 5 طلب/دقيقة.
[9/23/2026, 14:51:31] [INFO] [AI_CONFIG] Groq مُعد: llama-3.3-70b-versatile
[9/23/2026, 14:51:31] [INFO] [AI_CONFIG] Gemini fallback: 7 مفتاح، حد 5 طلب/دقيقة.
[9/23/2026, 14:57:15] [INFO] [AI_CONFIG] Groq مُعد: llama-3.3-70b-versatile
[9/23/2026, 14:57:15] [INFO] [AI_CONFIG] Gemini fallback: 7 مفتاح، حد 5 طلب/دقيقة.
[9/23/2026, 15:29:49] [INFO] [AI_CONFIG] Groq مُعد: llama-3.3-70b-versatile
[9/23/2026, 15:29:49] [INFO] [AI_CONFIG] Gemini fallback: 7 مفتاح، حد 5 طلب/دقيقة.
[9/23/2026, 15:33:28] [INFO] [AI_CONFIG] Groq مُعد: llama-3.3-70b-versatile
[9/23/2026, 15:33:28] [INFO] [AI_CONFIG] Gemini fallback: 7 مفتاح، حد 5 طلب/دقيقة.
[9/23/2026, 15:33:41] [INFO] [AI_CONFIG] Groq مُعد: llama-3.3-70b-versatile
[9/23/2026, 15:33:42] [INFO] [AI_CONFIG] Gemini fallback: 7 مفتاح، حد 5 طلب/دقيقة.
[9/23/2026, 15:33:59] [INFO] [AI_CONFIG] Groq مُعد: llama-3.3-70b-versatile
[9/23/2026, 15:33:59] [INFO] [AI_CONFIG] Gemini fallback: 7 مفتاح، حد 5 طلب/دقيقة.
[9/23/2026, 15:36:46] [INFO] [AI_CONFIG] Groq مُعد: llama-3.3-70b-versatile
[9/23/2026, 15:36:46] [INFO] [AI_CONFIG] Gemini fallback: 7 مفتاح، حد 5 طلب/دقيقة.
[9/23/2026, 15:37:13] [INFO] [AI_CONFIG] Groq مُعد: llama-3.3-70b-versatile
[9/23/2026, 15:37:13] [INFO] [AI_CONFIG] Gemini fallback: 7 مفتاح، حد 5 طلب/دقيقة.
[9/23/2026, 15:38:22] [INFO] [AI_CONFIG] Groq مُعد: llama-3.3-70b-versatile
[9/23/2026, 15:38:22] [INFO] [AI_CONFIG] Gemini fallback: 7 مفتاح، حد 5 طلب/دقيقة.
[9/23/2026, 15:39:33] [INFO] [AI_CONFIG] Groq مُعد: llama-3.3-70b-versatile
[9/23/2026, 15:39:33] [INFO] [AI_CONFIG] Gemini fallback: 7 مفتاح، حد 5 طلب/دقيقة.
[9/23/2026, 15:39:59] [INFO] [AI_CONFIG] Groq مُعد: llama-3.3-70b-versatile
[9/23/2026, 15:39:59] [INFO] [AI_CONFIG] Gemini fallback: 7 مفتاح، حد 5 طلب/دقيقة.
[9/23/2026, 15:41:01] [ERROR] [AI_HANDLE] فشل الرد على status: 401 Invalid API Key
[9/23/2026, 15:44:34] [INFO] [AI_CONFIG] Groq مُعد: llama-3.3-70b-versatile
[9/23/2026, 15:44:34] [INFO] [AI_CONFIG] Gemini fallback: 7 مفتاح، حد 5 طلب/دقيقة.
[9/23/2026, 15:44:51] [INFO] [AI_CONFIG] Groq مُعد: llama-3.3-70b-versatile
[9/23/2026, 15:44:51] [INFO] [AI_CONFIG] Gemini fallback: 7 مفتاح، حد 5 طلب/دقيقة.
[9/23/2026, 15:46:39] [INFO] [AI_CONFIG] Groq مُعد: llama-3.3-70b-versatile
[9/23/2026, 15:46:39] [INFO] [AI_CONFIG] Gemini fallback: 7 مفتاح، حد 5 طلب/دقيقة.
[9/23/2026, 15:46:54] [INFO] [AI_CONFIG] Groq مُعد: llama-3.3-70b-versatile
[9/23/2026, 15:46:54] [INFO] [AI_CONFIG] Gemini fallback: 7 مفتاح، حد 5 طلب/دقيقة.
[9/23/2026, 15:46:58] [INFO] [AI_CONFIG] Groq مُعد: llama-3.3-70b-versatile
[9/23/2026, 15:46:58] [INFO] [AI_CONFIG] Gemini fallback: 7 مفتاح، حد 5 طلب/دقيقة.
[9/23/2026, 15:47:20] [INFO] [AI_CONFIG] Groq مُعد: llama-3.3-70b-versatile
[9/23/2026, 15:47:20] [INFO] [AI_CONFIG] Gemini fallback: 7 مفتاح، حد 5 طلب/دقيقة.
[9/23/2026, 15:47:50] [INFO] [AI_CONFIG] Groq مُعد: llama-3.3-70b-versatile
[9/23/2026, 15:47:50] [INFO] [AI_CONFIG] Gemini fallback: 7 مفتاح، حد 5 طلب/دقيقة.
[9/23/2026, 15:50:36] [INFO] [AI_CONFIG] Groq مُعد: llama-3.3-70b-versatile
[9/23/2026, 15:50:36] [INFO] [AI_CONFIG] Gemini fallback: 7 مفتاح، حد 5 طلب/دقيقة.
[9/23/2026, 15:53:23] [INFO] [AI_CONFIG] Groq مُعد: llama-3.3-70b-versatile
[9/23/2026, 15:53:23] [INFO] [AI_CONFIG] Gemini fallback: 7 مفتاح، حد 5 طلب/دقيقة.
[9/23/2026, 15:56:10] [INFO] [AI_CONFIG] Groq مُعد: llama-3.3-70b-versatile
[9/23/2026, 15:56:10] [INFO] [AI_CONFIG] Gemini fallback: 7 مفتاح، حد 5 طلب/دقيقة.
[9/23/2026, 16:08:20] [INFO] [AI_CONFIG] Groq مُعد: llama-3.3-70b-versatile
[9/23/2026, 16:08:20] [INFO] [AI_CONFIG] Gemini fallback: 7 مفتاح، حد 5 طلب/دقيقة.
[9/23/2026, 16:33:49] [INFO] [AI_CONFIG] Groq مُعد: llama-3.3-70b-versatile
[9/23/2026, 16:33:49] [INFO] [AI_CONFIG] Gemini fallback: 7 مفتاح، حد 5 طلب/دقيقة.
[9/23/2026, 16:34:39] [INFO] [AI_CONFIG] Groq مُعد: llama-3.3-70b-versatile
[9/23/2026, 16:34:40] [INFO] [AI_CONFIG] Gemini fallback: 7 مفتاح، حد 5 طلب/دقيقة.
[9/23/2026, 17:29:36] [INFO] [AI_CONFIG] Groq مُعد: llama-3.3-70b-versatile
[9/23/2026, 17:29:36] [INFO] [AI_CONFIG] Gemini fallback: 7 مفتاح، حد 5 طلب/دقيقة.
[9/23/2026, 17:33:08] [INFO] [AI_CONFIG] Groq مُعد: llama-3.3-70b-versatile
[9/23/2026, 17:33:08] [INFO] [AI_CONFIG] Gemini fallback: 7 مفتاح، حد 5 طلب/دقيقة.
[9/23/2026, 17:33:19] [INFO] [AI_CONFIG] Groq مُعد: llama-3.3-70b-versatile
[9/23/2026, 17:33:19] [INFO] [AI_CONFIG] Gemini fallback: 7 مفتاح، حد 5 طلب/دقيقة.
[9/23/2026, 17:33:29] [INFO] [AI_CONFIG] Groq مُعد: llama-3.3-70b-versatile
[9/23/2026, 17:33:29] [INFO] [AI_CONFIG] Gemini fallback: 7 مفتاح، حد 5 طلب/دقيقة.
[9/23/2026, 17:33:50] [INFO] [AI_CONFIG] Groq مُعد: llama-3.3-70b-versatile
[9/23/2026, 17:33:50] [INFO] [AI_CONFIG] Gemini fallback: 7 مفتاح، حد 5 طلب/دقيقة.
[9/23/2026, 17:35:36] [ERROR] [AI_HANDLE] فشل الرد على status: 401 Invalid API Key
[9/23/2026, 17:45:58] [INFO] [AI_CONFIG] Groq مُعد: llama-3.3-70b-versatile
[9/23/2026, 17:45:58] [INFO] [AI_CONFIG] Gemini fallback: 7 مفتاح، حد 5 طلب/دقيقة.
[9/23/2026, 17:46:07] [INFO] [AI_CONFIG] Groq مُعد: llama-3.3-70b-versatile
[9/23/2026, 17:46:07] [INFO] [AI_CONFIG] Gemini fallback: 7 مفتاح، حد 5 طلب/دقيقة.
[9/23/2026, 17:50:03] [INFO] [AI_CONFIG] Groq مُعد: llama-3.3-70b-versatile
[9/23/2026, 17:50:03] [INFO] [AI_CONFIG] Gemini fallback: 7 مفتاح، حد 5 طلب/دقيقة.
[9/23/2026, 17:53:55] [INFO] [AI_CONFIG] Groq مُعد: llama-3.3-70b-versatile
[9/23/2026, 17:53:55] [INFO] [AI_CONFIG] Gemini fallback: 7 مفتاح، حد 5 طلب/دقيقة.
[9/23/2026, 18:02:36] [ERROR] [AI_HANDLE] فشل الرد على status: 401 Invalid API Key
[9/23/2026, 18:14:18] [INFO] [AI_CONFIG] Groq مُعد: llama-3.3-70b-versatile
[9/23/2026, 18:14:18] [INFO] [AI_CONFIG] Gemini fallback: 7 مفتاح، حد 5 طلب/دقيقة.
[9/23/2026, 18:26:39] [INFO] [AI_CONFIG] Groq مُعد: llama-3.3-70b-versatile
[9/23/2026, 18:26:39] [INFO] [AI_CONFIG] Gemini fallback: 7 مفتاح، حد 5 طلب/دقيقة.
[9/23/2026, 18:34:44] [ERROR] [AI_HANDLE] فشل الرد على status: 401 Invalid API Key
[9/23/2026, 18:35:31] [ERROR] [AI_HANDLE] فشل الرد على status: 401 Invalid API Key
[9/23/2026, 18:57:13] [ERROR] [AI_HANDLE] فشل الرد على status: 401 Invalid API Key
[9/23/2026, 19:10:39] [ERROR] [AI_HANDLE] فشل الرد على status: 401 Invalid API Key
[9/23/2026, 19:29:26] [INFO] [AI_CONFIG] Groq مُعد: llama-3.3-70b-versatile
[9/23/2026, 19:29:26] [INFO] [AI_CONFIG] Gemini fallback: 7 مفتاح، حد 5 طلب/دقيقة.
[9/23/2026, 19:29:47] [ERROR] [AI_HANDLE] فشل الرد على 2663500521511: 401 Invalid API Key
[9/23/2026, 19:29:47] [ERROR] [AI_HANDLE] فشل الرد على 97341407268963: 401 Invalid API Key
[9/23/2026, 19:29:47] [ERROR] [AI_HANDLE] فشل الرد على status: 401 Invalid API Key
[9/23/2026, 19:33:49] [INFO] [AI_CONFIG] Groq مُعد: llama-3.3-70b-versatile
[9/23/2026, 19:33:49] [INFO] [AI_CONFIG] Gemini fallback: 7 مفتاح، حد 5 طلب/دقيقة.
[9/23/2026, 19:38:42] [INFO] [AI_CONFIG] Groq مُعد: llama-3.3-70b-versatile
[9/23/2026, 19:38:42] [INFO] [AI_CONFIG] Gemini fallback: 7 مفتاح، حد 5 طلب/دقيقة.
[9/23/2026, 19:40:37] [INFO] [AI_CONFIG] Groq مُعد: llama-3.3-70b-versatile
[9/23/2026, 19:40:37] [INFO] [AI_CONFIG] Gemini fallback: 7 مفتاح، حد 5 طلب/دقيقة.
[9/23/2026, 19:43:14] [ERROR] [AI_HANDLE] فشل الرد على status: 401 Invalid API Key
[9/23/2026, 19:45:31] [ERROR] [AI_HANDLE] فشل الرد على 2663500521511: 401 Invalid API Key
[9/23/2026, 19:46:37] [ERROR] [AI_HANDLE] فشل الرد على status: 401 Invalid API Key
[9/23/2026, 19:47:10] [ERROR] [AI_HANDLE] فشل الرد على status: 401 Invalid API Key
[9/23/2026, 19:47:15] [ERROR] [AI_HANDLE] فشل الرد على 2663500521511: 401 Invalid API Key
[9/23/2026, 19:47:50] [ERROR] [AI_HANDLE] فشل الرد على 2663500521511: 401 Invalid API Key
[9/23/2026, 20:15:12] [INFO] [AI_CONFIG] Groq مُعد: llama-3.3-70b-versatile
[9/23/2026, 20:15:12] [INFO] [AI_CONFIG] Gemini fallback: 7 مفتاح، حد 5 طلب/دقيقة.
[9/23/2026, 20:15:21] [INFO] [AI_CONFIG] Groq مُعد: llama-3.3-70b-versatile
[9/23/2026, 20:15:21] [INFO] [AI_CONFIG] Gemini fallback: 7 مفتاح، حد 5 طلب/دقيقة.
[9/23/2026, 20:17:43] [INFO] [AI_CONFIG] Groq مُعد: llama-3.3-70b-versatile
[9/23/2026, 20:17:43] [INFO] [AI_CONFIG] Gemini fallback: 7 مفتاح، حد 5 طلب/دقيقة.
[9/23/2026, 20:18:15] [INFO] [AI_CONFIG] Groq مُعد: llama-3.3-70b-versatile
[9/23/2026, 20:18:15] [INFO] [AI_CONFIG] Gemini fallback: 7 مفتاح، حد 5 طلب/دقيقة.
[9/23/2026, 20:19:16] [INFO] [AI_CONFIG] Groq مُعد: llama-3.3-70b-versatile
[9/23/2026, 20:19:16] [INFO] [AI_CONFIG] Gemini fallback: 7 مفتاح، حد 5 طلب/دقيقة.
[9/23/2026, 20:20:25] [INFO] [AI_CONFIG] Groq مُعد: llama-3.3-70b-versatile
[9/23/2026, 20:20:25] [INFO] [AI_CONFIG] Gemini fallback: 7 مفتاح، حد 5 طلب/دقيقة.
[9/23/2026, 20:23:37] [INFO] [AI_CONFIG] Groq مُعد: llama-3.3-70b-versatile
[9/23/2026, 20:23:37] [INFO] [AI_CONFIG] Gemini fallback: 7 مفتاح، حد 5 طلب/دقيقة.
[9/23/2026, 20:23:44] [INFO] [AI_CONFIG] Groq مُعد: llama-3.3-70b-versatile
[9/23/2026, 20:23:44] [INFO] [AI_CONFIG] Gemini fallback: 7 مفتاح، حد 5 طلب/دقيقة.
[9/23/2026, 20:26:31] [INFO] [AI_CONFIG] Groq مُعد: llama-3.3-70b-versatile
[9/23/2026, 20:26:31] [INFO] [AI_CONFIG] Gemini fallback: 7 مفتاح، حد 5 طلب/دقيقة.
[9/23/2026, 20:29:17] [INFO] [AI_CONFIG] Groq مُعد: llama-3.3-70b-versatile
[9/23/2026, 20:29:17] [INFO] [AI_CONFIG] Gemini fallback: 7 مفتاح، حد 5 طلب/دقيقة.
[9/23/2026, 20:32:04] [INFO] [AI_CONFIG] Groq مُعد: llama-3.3-70b-versatile
[9/23/2026, 20:32:04] [INFO] [AI_CONFIG] Gemini fallback: 7 مفتاح، حد 5 طلب/دقيقة.
[9/23/2026, 20:32:04] [INFO] [AI_CONFIG] Groq مُعد: llama-3.3-70b-versatile
[9/23/2026, 20:32:05] [INFO] [AI_CONFIG] Gemini fallback: 7 مفتاح، حد 5 طلب/دقيقة.
[9/23/2026, 20:32:30] [INFO] [AI_CONFIG] Groq مُعد: llama-3.3-70b-versatile
[9/23/2026, 20:32:30] [INFO] [AI_CONFIG] Gemini fallback: 7 مفتاح، حد 5 طلب/دقيقة.
[9/23/2026, 20:35:07] [INFO] [AI_CONFIG] Groq مُعد: llama-3.3-70b-versatile
[9/23/2026, 20:35:07] [INFO] [AI_CONFIG] Gemini fallback: 7 مفتاح، حد 5 طلب/دقيقة.
[9/23/2026, 20:36:35] [INFO] [AI_CONFIG] Groq مُعد: llama-3.3-70b-versatile
[9/23/2026, 20:36:35] [INFO] [AI_CONFIG] Gemini fallback: 7 مفتاح، حد 5 طلب/دقيقة.
[9/23/2026, 20:39:31] [ERROR] [AI_HANDLE] فشل الرد على 8388608053369: 401 Invalid API Key
[9/23/2026, 20:39:45] [ERROR] [AI_HANDLE] فشل الرد على 8388608053369: 401 Invalid API Key
[9/23/2026, 20:39:54] [ERROR] [AI_HANDLE] فشل الرد على 8388608053369: 401 Invalid API Key
[9/23/2026, 20:41:01] [INFO] [AI_CONFIG] Groq مُعد: llama-3.3-70b-versatile
[9/23/2026, 20:41:01] [INFO] [AI_CONFIG] Gemini fallback: 7 مفتاح، حد 5 طلب/دقيقة.
[9/23/2026, 20:43:21] [INFO] [AI_CONFIG] Groq مُعد: llama-3.3-70b-versatile
[9/23/2026, 20:43:21] [INFO] [AI_CONFIG] Gemini fallback: 7 مفتاح، حد 5 طلب/دقيقة.
[9/23/2026, 20:45:08] [INFO] [AI_CONFIG] Groq مُعد: llama-3.3-70b-versatile
[9/23/2026, 20:45:08] [INFO] [AI_CONFIG] Gemini fallback: 7 مفتاح، حد 5 طلب/دقيقة.
[9/23/2026, 20:46:20] [INFO] [AI_CONFIG] Groq مُعد: llama-3.3-70b-versatile
[9/23/2026, 20:46:20] [INFO] [AI_CONFIG] Gemini fallback: 7 مفتاح، حد 5 طلب/دقيقة.
[9/23/2026, 20:48:06] [INFO] [AI_CONFIG] Groq مُعد: llama-3.3-70b-versatile
[9/23/2026, 20:48:06] [INFO] [AI_CONFIG] Gemini fallback: 7 مفتاح، حد 5 طلب/دقيقة.
[9/23/2026, 20:48:42] [INFO] [AI_CONFIG] Groq مُعد: llama-3.3-70b-versatile
[9/23/2026, 20:48:42] [INFO] [AI_CONFIG] Gemini fallback: 7 مفتاح، حد 5 طلب/دقيقة.
[9/23/2026, 20:50:31] [ERROR] [AI_HANDLE] فشل الرد على 227552333414482: 401 Invalid API Key
[9/23/2026, 20:50:42] [ERROR] [AI_HANDLE] فشل الرد على 120363410614802790: 401 Invalid API Key
[9/23/2026, 20:52:03] [INFO] [AI_CONFIG] Groq مُعد: llama-3.3-70b-versatile
[9/23/2026, 20:52:03] [INFO] [AI_CONFIG] Gemini fallback: 7 مفتاح، حد 5 طلب/دقيقة.
[9/23/2026, 20:52:16] [INFO] [AI_CONFIG] Groq مُعد: llama-3.3-70b-versatile
[9/23/2026, 20:52:16] [INFO] [AI_CONFIG] Gemini fallback: 7 مفتاح، حد 5 طلب/دقيقة.
[9/23/2026, 20:52:55] [INFO] [AI_CONFIG] Groq مُعد: llama-3.3-70b-versatile
[9/23/2026, 20:52:55] [INFO] [AI_CONFIG] Gemini fallback: 7 مفتاح، حد 5 طلب/دقيقة.
[9/23/2026, 20:56:28] [INFO] [AI_CONFIG] Groq مُعد: llama-3.3-70b-versatile
[9/23/2026, 20:56:28] [INFO] [AI_CONFIG] Gemini fallback: 7 مفتاح، حد 5 طلب/دقيقة.
[9/23/2026, 21:05:17] [INFO] [AI_CONFIG] Groq مُعد: llama-3.3-70b-versatile
[9/23/2026, 21:05:17] [INFO] [AI_CONFIG] Gemini fallback: 7 مفتاح، حد 5 طلب/دقيقة.
[9/23/2026, 21:05:26] [INFO] [AI_CONFIG] Groq مُعد: llama-3.3-70b-versatile
[9/23/2026, 21:05:26] [INFO] [AI_CONFIG] Gemini fallback: 7 مفتاح، حد 5 طلب/دقيقة.
[9/23/2026, 21:09:03] [INFO] [AI_CONFIG] Groq مُعد: llama-3.3-70b-versatile
[9/23/2026, 21:09:03] [INFO] [AI_CONFIG] Gemini fallback: 7 مفتاح، حد 5 طلب/دقيقة.
[9/23/2026, 21:18:46] [INFO] [AI_CONFIG] Groq مُعد: llama-3.3-70b-versatile
[9/23/2026, 21:18:46] [INFO] [AI_CONFIG] Gemini fallback: 7 مفتاح، حد 5 طلب/دقيقة.
[9/23/2026, 21:18:55] [INFO] [AI_CONFIG] Groq مُعد: llama-3.3-70b-versatile
[9/23/2026, 21:18:55] [INFO] [AI_CONFIG] Gemini fallback: 7 مفتاح، حد 5 طلب/دقيقة.
[9/23/2026, 21:22:36] [INFO] [AI_CONFIG] Groq مُعد: llama-3.3-70b-versatile
[9/23/2026, 21:22:36] [INFO] [AI_CONFIG] Gemini fallback: 7 مفتاح، حد 5 طلب/دقيقة.
[9/23/2026, 21:56:48] [INFO] [AI_CONFIG] Groq مُعد: llama-3.3-70b-versatile
[9/23/2026, 21:56:48] [INFO] [AI_CONFIG] Gemini fallback: 7 مفتاح، حد 5 طلب/دقيقة.
[9/23/2026, 21:56:58] [INFO] [AI_CONFIG] Groq مُعد: llama-3.3-70b-versatile
[9/23/2026, 21:56:58] [INFO] [AI_CONFIG] Gemini fallback: 7 مفتاح، حد 5 طلب/دقيقة.
[9/23/2026, 22:01:03] [ERROR] [AI_HANDLE] فشل الرد على status: 401 Invalid API Key
[9/23/2026, 22:03:56] [ERROR] [AI_HANDLE] فشل الرد على 120409626251410: 401 Invalid API Key
[9/23/2026, 22:04:06] [ERROR] [AI_HANDLE] فشل الرد على 120409626251410: 401 Invalid API Key
[9/23/2026, 22:06:03] [ERROR] [AI_HANDLE] فشل الرد على status: 401 Invalid API Key
[9/23/2026, 22:07:35] [ERROR] [AI_HANDLE] فشل الرد على 120409626251410: 401 Invalid API Key
[9/23/2026, 22:09:30] [ERROR] [AI_HANDLE] فشل الرد على 120409626251410: 401 Invalid API Key
[9/23/2026, 22:09:44] [ERROR] [AI_HANDLE] فشل الرد على status: 401 Invalid API Key
[9/23/2026, 22:12:19] [ERROR] [AI_HANDLE] فشل الرد على status: 401 Invalid API Key
[9/23/2026, 22:15:13] [ERROR] [AI_HANDLE] فشل الرد على status: 401 Invalid API Key
[9/23/2026, 22:21:14] [ERROR] [AI_HANDLE] فشل الرد على 10978473316407: 401 Invalid API Key
[9/23/2026, 22:25:49] [INFO] [AI_CONFIG] Groq مُعد: llama-3.3-70b-versatile
[9/23/2026, 22:25:49] [INFO] [AI_CONFIG] Gemini fallback: 7 مفتاح، حد 5 طلب/دقيقة.
[9/23/2026, 22:28:30] [INFO] [AI_CONFIG] Groq مُعد: llama-3.3-70b-versatile
[9/23/2026, 22:28:30] [INFO] [AI_CONFIG] Gemini fallback: 7 مفتاح، حد 5 طلب/دقيقة.
[9/23/2026, 22:28:39] [INFO] [AI_CONFIG] Groq مُعد: llama-3.3-70b-versatile
[9/23/2026, 22:28:39] [INFO] [AI_CONFIG] Gemini fallback: 7 مفتاح، حد 5 طلب/دقيقة.
[9/23/2026, 22:32:16] [INFO] [AI_CONFIG] Groq مُعد: llama-3.3-70b-versatile
[9/23/2026, 22:32:16] [INFO] [AI_CONFIG] Gemini fallback: 7 مفتاح، حد 5 طلب/دقيقة.
[9/23/2026, 22:38:01] [INFO] [AI_CONFIG] Groq مُعد: llama-3.3-70b-versatile
[9/23/2026, 22:38:01] [INFO] [AI_CONFIG] Gemini fallback: 7 مفتاح، حد 5 طلب/دقيقة.
[9/23/2026, 22:38:06] [INFO] [AI_CONFIG] Groq مُعد: llama-3.3-70b-versatile
[9/23/2026, 22:38:06] [INFO] [AI_CONFIG] Gemini fallback: 7 مفتاح، حد 5 طلب/دقيقة.
[9/23/2026, 22:39:56] [ERROR] [AI_HANDLE] فشل الرد على 2663500521511: 401 Invalid API Key
[9/23/2026, 22:44:41] [INFO] [AI_CONFIG] Groq مُعد: llama-3.3-70b-versatile
[9/23/2026, 22:44:41] [INFO] [AI_CONFIG] Gemini fallback: 7 مفتاح، حد 5 طلب/دقيقة.
[9/23/2026, 22:44:56] [INFO] [AI_CONFIG] Groq مُعد: llama-3.3-70b-versatile
[9/23/2026, 22:44:56] [INFO] [AI_CONFIG] Gemini fallback: 7 مفتاح، حد 5 طلب/دقيقة.
[9/23/2026, 22:45:03] [INFO] [AI_CONFIG] Groq مُعد: llama-3.3-70b-versatile
[9/23/2026, 22:45:03] [INFO] [AI_CONFIG] Gemini fallback: 7 مفتاح، حد 5 طلب/دقيقة.
[9/23/2026, 22:45:34] [INFO] [AI_CONFIG] Groq مُعد: llama-3.3-70b-versatile
[9/23/2026, 22:45:34] [INFO] [AI_CONFIG] Gemini fallback: 7 مفتاح، حد 5 طلب/دقيقة.
[9/23/2026, 22:45:42] [INFO] [AI_CONFIG] Groq مُعد: llama-3.3-70b-versatile
[9/23/2026, 22:45:42] [INFO] [AI_CONFIG] Gemini fallback: 7 مفتاح، حد 5 طلب/دقيقة.
[9/23/2026, 22:46:27] [ERROR] [AI_HANDLE] فشل الرد على 187106425082077: 401 Invalid API Key
[9/23/2026, 22:49:06] [INFO] [AI_CONFIG] Groq مُعد: llama-3.3-70b-versatile
[9/23/2026, 22:49:06] [INFO] [AI_CONFIG] Gemini fallback: 7 مفتاح، حد 5 طلب/دقيقة.
[9/24/2026, 00:45:42] [INFO] [AI_CONFIG] Groq مُعد: llama-3.3-70b-versatile
[9/24/2026, 00:45:43] [INFO] [AI_CONFIG] Gemini fallback: 7 مفتاح، حد 5 طلب/دقيقة.
[9/24/2026, 00:49:31] [INFO] [AI_CONFIG] Groq مُعد: llama-3.3-70b-versatile
[9/24/2026, 00:49:31] [INFO] [AI_CONFIG] Gemini fallback: 7 مفتاح، حد 5 طلب/دقيقة.
[9/24/2026, 00:50:53] [INFO] [AI_CONFIG] Groq مُعد: llama-3.3-70b-versatile
[9/24/2026, 00:50:53] [INFO] [AI_CONFIG] Gemini fallback: 7 مفتاح، حد 5 طلب/دقيقة.
[9/24/2026, 00:51:03] [INFO] [AI_CONFIG] Groq مُعد: llama-3.3-70b-versatile
[9/24/2026, 00:51:03] [INFO] [AI_CONFIG] Gemini fallback: 7 مفتاح، حد 5 طلب/دقيقة.
[9/24/2026, 00:54:57] [INFO] [AI_CONFIG] Groq مُعد: llama-3.3-70b-versatile
[9/24/2026, 00:54:57] [INFO] [AI_CONFIG] Gemini fallback: 7 مفتاح، حد 5 طلب/دقيقة.
[9/24/2026, 00:55:02] [ERROR] [AI_HANDLE] فشل الرد على 162754262499411: 401 Invalid API Key
[9/24/2026, 00:56:23] [INFO] [AI_CONFIG] Groq مُعد: llama-3.3-70b-versatile
[9/24/2026, 00:56:23] [INFO] [AI_CONFIG] Gemini fallback: 7 مفتاح، حد 5 طلب/دقيقة.
[9/24/2026, 00:57:44] [INFO] [AI_CONFIG] Groq مُعد: llama-3.3-70b-versatile
[9/24/2026, 00:57:44] [INFO] [AI_CONFIG] Gemini fallback: 7 مفتاح، حد 5 طلب/دقيقة.
[9/24/2026, 00:59:14] [INFO] [AI_CONFIG] Groq مُعد: llama-3.3-70b-versatile
[9/24/2026, 00:59:14] [INFO] [AI_CONFIG] Gemini fallback: 7 مفتاح، حد 5 طلب/دقيقة.
[9/24/2026, 00:59:44] [INFO] [AI_CONFIG] Groq مُعد: llama-3.3-70b-versatile
[9/24/2026, 00:59:44] [INFO] [AI_CONFIG] Gemini fallback: 7 مفتاح، حد 5 طلب/دقيقة.
[9/24/2026, 01:01:50] [INFO] [AI_CONFIG] Groq مُعد: llama-3.3-70b-versatile
[9/24/2026, 01:01:50] [INFO] [AI_CONFIG] Gemini fallback: 7 مفتاح، حد 5 طلب/دقيقة.
[9/24/2026, 01:01:56] [INFO] [AI_CONFIG] Groq مُعد: llama-3.3-70b-versatile
[9/24/2026, 01:01:56] [INFO] [AI_CONFIG] Gemini fallback: 7 مفتاح، حد 5 طلب/دقيقة.
[9/24/2026, 01:02:43] [INFO] [AI_CONFIG] Groq مُعد: llama-3.3-70b-versatile
[9/24/2026, 01:02:43] [INFO] [AI_CONFIG] Gemini fallback: 7 مفتاح، حد 5 طلب/دقيقة.
[9/24/2026, 01:04:34] [INFO] [AI_CONFIG] Groq مُعد: llama-3.3-70b-versatile
[9/24/2026, 01:04:34] [INFO] [AI_CONFIG] Gemini fallback: 7 مفتاح، حد 5 طلب/دقيقة.
[9/24/2026, 01:08:08] [INFO] [AI_CONFIG] Groq مُعد: llama-3.3-70b-versatile
[9/24/2026, 01:08:08] [INFO] [AI_CONFIG] Gemini fallback: 7 مفتاح، حد 5 طلب/دقيقة.
[9/24/2026, 11:15:12] [INFO] [AI_CONFIG] Groq مُعد: llama-3.3-70b-versatile
[9/24/2026, 11:15:12] [INFO] [AI_CONFIG] Gemini fallback: 7 مفتاح، حد 5 طلب/دقيقة.
[9/24/2026, 11:15:23] [INFO] [AI_CONFIG] Groq مُعد: llama-3.3-70b-versatile
[9/24/2026, 11:15:23] [INFO] [AI_CONFIG] Gemini fallback: 7 مفتاح، حد 5 طلب/دقيقة.
[9/24/2026, 11:19:37] [ERROR] [AI_HANDLE] فشل الرد على status: 401 Invalid API Key
[9/24/2026, 11:19:54] [ERROR] [AI_HANDLE] فشل الرد على status: 401 Invalid API Key
[9/24/2026, 11:21:13] [ERROR] [AI_HANDLE] فشل الرد على 8388608053369: 401 Invalid API Key
[9/24/2026, 11:21:23] [ERROR] [AI_HANDLE] فشل الرد على 8388608053369: 401 Invalid API Key
[9/24/2026, 11:21:41] [ERROR] [AI_HANDLE] فشل الرد على 8388608053369: 401 Invalid API Key
[9/24/2026, 11:22:28] [ERROR] [AI_HANDLE] فشل الرد على 8388608053369: 401 Invalid API Key
[9/24/2026, 11:26:11] [ERROR] [AI_HANDLE] فشل الرد على status: 401 Invalid API Key
[9/24/2026, 11:28:15] [ERROR] [AI_HANDLE] فشل الرد على status: 401 Invalid API Key
[9/24/2026, 11:31:10] [ERROR] [AI_HANDLE] فشل الرد على status: 401 Invalid API Key
[9/24/2026, 11:35:08] [ERROR] [AI_HANDLE] فشل الرد على status: 401 Invalid API Key
[9/24/2026, 11:44:50] [ERROR] [AI_HANDLE] فشل الرد على status: 401 Invalid API Key
[9/24/2026, 11:51:14] [ERROR] [AI_HANDLE] فشل الرد على status: 401 Invalid API Key
[9/24/2026, 11:54:10] [ERROR] [AI_HANDLE] فشل الرد على status: 401 Invalid API Key
[9/24/2026, 12:52:13] [INFO] [AI_CONFIG] Groq مُعد: llama-3.3-70b-versatile
[9/24/2026, 12:52:14] [INFO] [AI_CONFIG] Gemini fallback: 7 مفتاح، حد 5 طلب/دقيقة.
[9/24/2026, 12:52:53] [ERROR] [AI_HANDLE] فشل الرد على status: 401 Invalid API Key
[9/24/2026, 12:53:22] [ERROR] [AI_HANDLE] فشل الرد على status: 401 Invalid API Key
[9/24/2026, 12:53:41] [ERROR] [AI_HANDLE] فشل الرد على status: 401 Invalid API Key
[9/24/2026, 12:54:08] [ERROR] [AI_HANDLE] فشل الرد على 187480238207127: 401 Invalid API Key
[9/24/2026, 12:54:16] [ERROR] [AI_HANDLE] فشل الرد على status: 401 Invalid API Key
[9/24/2026, 12:54:29] [ERROR] [AI_HANDLE] فشل الرد على 8388608053369: 401 Invalid API Key
[9/24/2026, 12:54:53] [ERROR] [AI_HANDLE] فشل الرد على status: 401 Invalid API Key
[9/24/2026, 12:55:08] [ERROR] [AI_HANDLE] فشل الرد على status: 401 Invalid API Key
[9/24/2026, 12:55:31] [ERROR] [AI_HANDLE] فشل الرد على status: 401 Invalid API Key
[9/24/2026, 12:56:14] [ERROR] [AI_HANDLE] فشل الرد على 18958707122279: 401 Invalid API Key
[9/24/2026, 12:56:23] [ERROR] [AI_HANDLE] فشل الرد على 187480238207127: 401 Invalid API Key
[9/24/2026, 12:56:30] [ERROR] [AI_HANDLE] فشل الرد على status: 401 Invalid API Key
[9/24/2026, 12:56:51] [ERROR] [AI_HANDLE] فشل الرد على status: 401 Invalid API Key
[9/24/2026, 13:03:48] [INFO] [AI_CONFIG] Groq مُعد: llama-3.3-70b-versatile
[9/24/2026, 13:03:48] [INFO] [AI_CONFIG] Gemini fallback: 7 مفتاح، حد 5 طلب/دقيقة.
[9/24/2026, 13:03:54] [INFO] [AI_CONFIG] Groq مُعد: llama-3.3-70b-versatile
[9/24/2026, 13:03:54] [INFO] [AI_CONFIG] Gemini fallback: 7 مفتاح، حد 5 طلب/دقيقة.
[9/24/2026, 13:05:28] [INFO] [AI_CONFIG] Groq مُعد: llama-3.3-70b-versatile
[9/24/2026, 13:05:28] [INFO] [AI_CONFIG] Gemini fallback: 7 مفتاح، حد 5 طلب/دقيقة.
[9/24/2026, 13:06:17] [INFO] [AI_CONFIG] Groq مُعد: llama-3.3-70b-versatile
[9/24/2026, 13:06:17] [INFO] [AI_CONFIG] Gemini fallback: 7 مفتاح، حد 5 طلب/دقيقة.
[9/24/2026, 13:06:42] [INFO] [AI_CONFIG] Groq مُعد: llama-3.3-70b-versatile
[9/24/2026, 13:06:42] [INFO] [AI_CONFIG] Gemini fallback: 7 مفتاح، حد 5 طلب/دقيقة.
[9/24/2026, 13:06:54] [INFO] [AI_CONFIG] Groq مُعد: llama-3.3-70b-versatile
[9/24/2026, 13:06:54] [INFO] [AI_CONFIG] Gemini fallback: 7 مفتاح، حد 5 طلب/دقيقة.
[9/24/2026, 13:07:58] [INFO] [AI_CONFIG] Groq مُعد: llama-3.3-70b-versatile
[9/24/2026, 13:07:58] [INFO] [AI_CONFIG] Gemini fallback: 7 مفتاح، حد 5 طلب/دقيقة.
[9/24/2026, 13:09:04] [INFO] [AI_CONFIG] Groq مُعد: llama-3.3-70b-versatile
[9/24/2026, 13:09:04] [INFO] [AI_CONFIG] Gemini fallback: 7 مفتاح، حد 5 طلب/دقيقة.
[9/24/2026, 13:10:22] [INFO] [AI_CONFIG] Groq مُعد: llama-3.3-70b-versatile
[9/24/2026, 13:10:22] [INFO] [AI_CONFIG] Gemini fallback: 7 مفتاح، حد 5 طلب/دقيقة.
[9/24/2026, 13:11:32] [INFO] [AI_CONFIG] Groq مُعد: llama-3.3-70b-versatile
[9/24/2026, 13:11:32] [INFO] [AI_CONFIG] Gemini fallback: 7 مفتاح، حد 5 طلب/دقيقة.
[9/24/2026, 13:12:40] [INFO] [AI_CONFIG] Groq مُعد: llama-3.3-70b-versatile
[9/24/2026, 13:12:40] [INFO] [AI_CONFIG] Gemini fallback: 7 مفتاح، حد 5 طلب/دقيقة.
[9/24/2026, 13:27:27] [ERROR] [AI_HANDLE] فشل الرد على 111119897243790: 401 Invalid API Key
[9/24/2026, 13:27:51] [ERROR] [AI_HANDLE] فشل الرد على 111119897243790: 401 Invalid API Key
[9/24/2026, 13:28:36] [ERROR] [AI_HANDLE] فشل الرد على 111119897243790: 401 Invalid API Key
[9/24/2026, 13:33:33] [ERROR] [AI_HANDLE] فشل الرد على status: 401 Invalid API Key
[9/24/2026, 13:40:45] [ERROR] [AI_HANDLE] فشل الرد على 111119897243790: 401 Invalid API Key
[9/24/2026, 13:51:35] [ERROR] [AI_HANDLE] فشل الرد على status: 401 Invalid API Key
[9/24/2026, 13:55:09] [ERROR] [AI_HANDLE] فشل الرد على 162754262499411: 401 Invalid API Key
[9/24/2026, 13:58:25] [ERROR] [AI_HANDLE] فشل الرد على status: 401 Invalid API Key
[9/24/2026, 13:58:58] [ERROR] [AI_HANDLE] فشل الرد على status: 401 Invalid API Key
[9/24/2026, 14:00:30] [ERROR] [AI_HANDLE] فشل الرد على status: 401 Invalid API Key
[9/24/2026, 14:08:52] [ERROR] [AI_HANDLE] فشل الرد على status: 401 Invalid API Key
[9/24/2026, 14:17:09] [ERROR] [AI_HANDLE] فشل الرد على status: 401 Invalid API Key
[9/24/2026, 14:17:48] [ERROR] [AI_HANDLE] فشل الرد على status: 401 Invalid API Key
[9/24/2026, 14:18:02] [ERROR] [AI_HANDLE] فشل الرد على status: 401 Invalid API Key
[9/24/2026, 14:20:50] [ERROR] [AI_HANDLE] فشل الرد على 162754262499411: 401 Invalid API Key
[9/24/2026, 14:21:08] [ERROR] [AI_HANDLE] فشل الرد على 162754262499411: 401 Invalid API Key
[9/24/2026, 14:21:27] [ERROR] [AI_HANDLE] فشل الرد على 162754262499411: 401 Invalid API Key
[9/24/2026, 14:21:43] [ERROR] [AI_HANDLE] فشل الرد على 162754262499411: 401 Invalid API Key
[9/24/2026, 14:24:10] [ERROR] [AI_HANDLE] فشل الرد على 162754262499411: 401 Invalid API Key
[9/24/2026, 14:24:42] [ERROR] [AI_HANDLE] فشل الرد على 162754262499411: 401 Invalid API Key
[9/24/2026, 14:38:29] [ERROR] [AI_HANDLE] فشل الرد على status: 401 Invalid API Key
[9/24/2026, 14:44:38] [ERROR] [AI_HANDLE] فشل الرد على status: 401 Invalid API Key
[9/24/2026, 14:49:28] [ERROR] [AI_HANDLE] فشل الرد على status: 401 Invalid API Key
[9/24/2026, 14:52:23] [ERROR] [AI_HANDLE] فشل الرد على 162754262499411: 401 Invalid API Key
[9/24/2026, 14:52:52] [ERROR] [AI_HANDLE] فشل الرد على 162754262499411: 401 Invalid API Key
[9/24/2026, 14:53:29] [ERROR] [AI_HANDLE] فشل الرد على 162754262499411: 401 Invalid API Key
[9/24/2026, 14:56:18] [ERROR] [AI_HANDLE] فشل الرد على 162754262499411: 401 Invalid API Key
[9/24/2026, 14:56:35] [ERROR] [AI_HANDLE] فشل الرد على 162754262499411: 401 Invalid API Key
[9/24/2026, 14:56:53] [ERROR] [AI_HANDLE] فشل الرد على 162754262499411: 401 Invalid API Key
[9/24/2026, 14:59:58] [ERROR] [AI_HANDLE] فشل الرد على 162754262499411: 401 Invalid API Key
[9/24/2026, 15:00:35] [ERROR] [AI_HANDLE] فشل الرد على 162754262499411: 401 Invalid API Key
[9/24/2026, 15:00:52] [ERROR] [AI_HANDLE] فشل الرد على 162754262499411: 401 Invalid API Key
[9/24/2026, 15:01:00] [ERROR] [AI_HANDLE] فشل الرد على 162754262499411: 401 Invalid API Key
[9/24/2026, 15:01:36] [ERROR] [AI_HANDLE] فشل الرد على 162754262499411: 401 Invalid API Key
[9/24/2026, 15:01:36] [ERROR] [AI_HANDLE] فشل الرد على status: 401 Invalid API Key
[9/24/2026, 15:01:48] [ERROR] [AI_HANDLE] فشل الرد على 162754262499411: 401 Invalid API Key
[9/24/2026, 15:02:12] [ERROR] [AI_HANDLE] فشل الرد على 162754262499411: 401 Invalid API Key
[9/24/2026, 15:02:24] [ERROR] [AI_HANDLE] فشل الرد على 162754262499411: 401 Invalid API Key
[9/24/2026, 15:02:35] [ERROR] [AI_HANDLE] فشل الرد على 162754262499411: 401 Invalid API Key
[9/24/2026, 15:02:49] [ERROR] [AI_HANDLE] فشل الرد على 162754262499411: 401 Invalid API Key
[9/24/2026, 15:03:00] [ERROR] [AI_HANDLE] فشل الرد على 162754262499411: 401 Invalid API Key
[9/24/2026, 15:27:23] [INFO] [AI_CONFIG] Groq مُعد: llama-3.3-70b-versatile
[9/24/2026, 15:27:23] [INFO] [AI_CONFIG] Gemini fallback: 7 مفتاح، حد 5 طلب/دقيقة.
[9/24/2026, 15:34:03] [INFO] [AI_CONFIG] Groq مُعد: llama-3.3-70b-versatile
[9/24/2026, 15:34:03] [INFO] [AI_CONFIG] Gemini fallback: 7 مفتاح، حد 5 طلب/دقيقة.
[9/24/2026, 15:34:12] [INFO] [AI_CONFIG] Groq مُعد: llama-3.3-70b-versatile
[9/24/2026, 15:34:12] [INFO] [AI_CONFIG] Gemini fallback: 7 مفتاح، حد 5 طلب/دقيقة.
[9/24/2026, 15:34:38] [INFO] [AI_CONFIG] Groq مُعد: llama-3.3-70b-versatile
[9/24/2026, 15:34:38] [INFO] [AI_CONFIG] Gemini fallback: 7 مفتاح، حد 5 طلب/دقيقة.
[9/24/2026, 15:34:51] [INFO] [AI_CONFIG] Groq مُعد: llama-3.3-70b-versatile
[9/24/2026, 15:34:51] [INFO] [AI_CONFIG] Gemini fallback: 7 مفتاح، حد 5 طلب/دقيقة.
[9/24/2026, 15:36:42] [INFO] [AI_CONFIG] Groq مُعد: llama-3.3-70b-versatile
[9/24/2026, 15:36:42] [INFO] [AI_CONFIG] Gemini fallback: 7 مفتاح، حد 5 طلب/دقيقة.
[9/24/2026, 17:20:41] [INFO] [AI_CONFIG] Groq مُعد: llama-3.3-70b-versatile
[9/24/2026, 17:20:42] [INFO] [AI_CONFIG] Gemini fallback: 7 مفتاح، حد 5 طلب/دقيقة.
[9/24/2026, 17:20:48] [INFO] [AI_CONFIG] Groq مُعد: llama-3.3-70b-versatile
[9/24/2026, 17:20:48] [INFO] [AI_CONFIG] Gemini fallback: 7 مفتاح، حد 5 طلب/دقيقة.
[9/24/2026, 17:23:10] [INFO] [AI_CONFIG] Groq مُعد: llama-3.3-70b-versatile
[9/24/2026, 17:23:10] [INFO] [AI_CONFIG] Gemini fallback: 7 مفتاح، حد 5 طلب/دقيقة.
[9/24/2026, 17:23:37] [INFO] [AI_CONFIG] Groq مُعد: llama-3.3-70b-versatile
[9/24/2026, 17:23:37] [INFO] [AI_CONFIG] Gemini fallback: 7 مفتاح، حد 5 طلب/دقيقة.
[9/24/2026, 17:26:15] [INFO] [AI_CONFIG] Groq مُعد: llama-3.3-70b-versatile
[9/24/2026, 17:26:15] [INFO] [AI_CONFIG] Gemini fallback: 7 مفتاح، حد 5 طلب/دقيقة.
[9/24/2026, 17:26:46] [INFO] [AI_CONFIG] Groq مُعد: llama-3.3-70b-versatile
[9/24/2026, 17:26:46] [INFO] [AI_CONFIG] Gemini fallback: 7 مفتاح، حد 5 طلب/دقيقة.
[9/24/2026, 17:27:22] [INFO] [AI_CONFIG] Groq مُعد: llama-3.3-70b-versatile
[9/24/2026, 17:27:22] [INFO] [AI_CONFIG] Gemini fallback: 7 مفتاح، حد 5 طلب/دقيقة.
[9/24/2026, 17:28:09] [INFO] [AI_CONFIG] Groq مُعد: llama-3.3-70b-versatile
[9/24/2026, 17:28:09] [INFO] [AI_CONFIG] Gemini fallback: 7 مفتاح، حد 5 طلب/دقيقة.
[9/24/2026, 17:42:32] [INFO] [AI_CONFIG] Groq مُعد: llama-3.3-70b-versatile
[9/24/2026, 17:42:32] [INFO] [AI_CONFIG] Gemini fallback: 7 مفتاح، حد 5 طلب/دقيقة.
[9/24/2026, 17:45:19] [INFO] [AI_CONFIG] Groq مُعد: llama-3.3-70b-versatile
[9/24/2026, 17:45:19] [INFO] [AI_CONFIG] Gemini fallback: 7 مفتاح، حد 5 طلب/دقيقة.
[9/24/2026, 17:48:05] [INFO] [AI_CONFIG] Groq مُعد: llama-3.3-70b-versatile
[9/24/2026, 17:48:05] [INFO] [AI_CONFIG] Gemini fallback: 7 مفتاح، حد 5 طلب/دقيقة.
[9/24/2026, 17:50:52] [INFO] [AI_CONFIG] Groq مُعد: llama-3.3-70b-versatile
[9/24/2026, 17:50:52] [INFO] [AI_CONFIG] Gemini fallback: 7 مفتاح، حد 5 طلب/دقيقة.
[9/24/2026, 19:05:14] [INFO] [AI_CONFIG] Groq مُعد: llama-3.3-70b-versatile
[9/24/2026, 19:05:14] [INFO] [AI_CONFIG] Gemini fallback: 7 مفتاح، حد 5 طلب/دقيقة.
[9/24/2026, 19:10:11] [INFO] [AI_CONFIG] Groq مُعد: llama-3.3-70b-versatile
[9/24/2026, 19:10:11] [INFO] [AI_CONFIG] Gemini fallback: 7 مفتاح، حد 5 طلب/دقيقة.
[9/24/2026, 19:54:36] [INFO] [AI_CONFIG] Groq مُعد: llama-3.3-70b-versatile
[9/24/2026, 19:54:37] [INFO] [AI_CONFIG] Gemini fallback: 7 مفتاح، حد 5 طلب/دقيقة.
[9/24/2026, 19:55:01] [INFO] [AI_CONFIG] Groq مُعد: llama-3.3-70b-versatile
[9/24/2026, 19:55:02] [INFO] [AI_CONFIG] Gemini fallback: 7 مفتاح، حد 5 طلب/دقيقة.
[9/24/2026, 19:56:43] [INFO] [AI_CONFIG] Groq مُعد: llama-3.3-70b-versatile
[9/24/2026, 19:56:43] [INFO] [AI_CONFIG] Gemini fallback: 7 مفتاح، حد 5 طلب/دقيقة.
[9/24/2026, 19:57:16] [INFO] [AI_CONFIG] Groq مُعد: llama-3.3-70b-versatile
[9/24/2026, 19:57:16] [INFO] [AI_CONFIG] Gemini fallback: 7 مفتاح، حد 5 طلب/دقيقة.
[9/24/2026, 21:59:56] [INFO] [AI_CONFIG] Groq مُعد: llama-3.3-70b-versatile
[9/24/2026, 21:59:56] [INFO] [AI_CONFIG] Gemini fallback: 7 مفتاح، حد 5 طلب/دقيقة.
[9/24/2026, 22:09:42] [INFO] [AI_CONFIG] Groq مُعد: llama-3.3-70b-versatile
[9/24/2026, 22:09:42] [INFO] [AI_CONFIG] Gemini fallback: 7 مفتاح، حد 5 طلب/دقيقة.
[9/24/2026, 22:09:50] [INFO] [AI_CONFIG] Groq مُعد: llama-3.3-70b-versatile
[9/24/2026, 22:09:50] [INFO] [AI_CONFIG] Gemini fallback: 7 مفتاح، حد 5 طلب/دقيقة.
[9/24/2026, 22:11:11] [INFO] [AI_CONFIG] Groq مُعد: llama-3.3-70b-versatile
[9/24/2026, 22:11:11] [INFO] [AI_CONFIG] Gemini fallback: 7 مفتاح، حد 5 طلب/دقيقة.
[9/24/2026, 22:11:37] [INFO] [AI_CONFIG] Groq مُعد: llama-3.3-70b-versatile
[9/24/2026, 22:11:37] [INFO] [AI_CONFIG] Gemini fallback: 7 مفتاح، حد 5 طلب/دقيقة.
[9/24/2026, 22:11:44] [INFO] [AI_CONFIG] Groq مُعد: llama-3.3-70b-versatile
[9/24/2026, 22:11:44] [INFO] [AI_CONFIG] Gemini fallback: 7 مفتاح، حد 5 طلب/دقيقة.
[9/24/2026, 22:13:22] [INFO] [AI_CONFIG] Groq مُعد: llama-3.3-70b-versatile
[9/24/2026, 22:13:22] [INFO] [AI_CONFIG] Gemini fallback: 7 مفتاح، حد 5 طلب/دقيقة.
[9/24/2026, 22:13:49] [INFO] [AI_CONFIG] Groq مُعد: llama-3.3-70b-versatile
[9/24/2026, 22:13:49] [INFO] [AI_CONFIG] Gemini fallback: 7 مفتاح، حد 5 طلب/دقيقة.
[9/25/2026, 12:41:43] [INFO] [AI_CONFIG] Groq مُعد: llama-3.3-70b-versatile
[9/25/2026, 12:41:43] [INFO] [AI_CONFIG] Gemini fallback: 7 مفتاح، حد 5 طلب/دقيقة.
[9/25/2026, 12:45:16] [INFO] [AI_CONFIG] Groq مُعد: llama-3.3-70b-versatile
[9/25/2026, 12:45:16] [INFO] [AI_CONFIG] Gemini fallback: 7 مفتاح، حد 5 طلب/دقيقة.
[9/25/2026, 12:46:09] [INFO] [AI_CONFIG] Groq مُعد: llama-3.3-70b-versatile
[9/25/2026, 12:46:09] [INFO] [AI_CONFIG] Gemini fallback: 7 مفتاح، حد 5 طلب/دقيقة.
[9/25/2026, 12:46:19] [INFO] [AI_CONFIG] Groq مُعد: llama-3.3-70b-versatile
[9/25/2026, 12:46:19] [INFO] [AI_CONFIG] Gemini fallback: 7 مفتاح، حد 5 طلب/دقيقة.
[9/25/2026, 12:49:18] [INFO] [AI_CONFIG] Groq مُعد: llama-3.3-70b-versatile
[9/25/2026, 12:49:18] [INFO] [AI_CONFIG] Gemini fallback: 7 مفتاح، حد 5 طلب/دقيقة.
[9/25/2026, 12:49:29] [INFO] [AI_CONFIG] Groq مُعد: llama-3.3-70b-versatile
[9/25/2026, 12:49:29] [INFO] [AI_CONFIG] Gemini fallback: 7 مفتاح، حد 5 طلب/دقيقة.
[9/25/2026, 12:50:04] [INFO] [AI_CONFIG] Groq مُعد: llama-3.3-70b-versatile
[9/25/2026, 12:50:04] [INFO] [AI_CONFIG] Gemini fallback: 7 مفتاح، حد 5 طلب/دقيقة.
[9/25/2026, 12:53:00] [INFO] [AI_CONFIG] Groq مُعد: llama-3.3-70b-versatile
[9/25/2026, 12:53:00] [INFO] [AI_CONFIG] Gemini fallback: 7 مفتاح، حد 5 طلب/دقيقة.
[9/25/2026, 12:55:18] [INFO] [AI_CONFIG] Groq مُعد: llama-3.3-70b-versatile
[9/25/2026, 12:55:18] [INFO] [AI_CONFIG] Gemini fallback: 7 مفتاح، حد 5 طلب/دقيقة.
[9/25/2026, 12:55:28] [INFO] [AI_CONFIG] Groq مُعد: llama-3.3-70b-versatile
[9/25/2026, 12:55:28] [INFO] [AI_CONFIG] Gemini fallback: 7 مفتاح، حد 5 طلب/دقيقة.
[9/25/2026, 12:59:30] [INFO] [AI_CONFIG] Groq مُعد: llama-3.3-70b-versatile
[9/25/2026, 12:59:30] [INFO] [AI_CONFIG] Gemini fallback: 7 مفتاح، حد 5 طلب/دقيقة.
[9/25/2026, 13:20:08] [INFO] [AI_CONFIG] Groq مُعد: llama-3.3-70b-versatile
[9/25/2026, 13:20:08] [INFO] [AI_CONFIG] Gemini fallback: 7 مفتاح، حد 5 طلب/دقيقة.
[9/25/2026, 13:20:23] [INFO] [AI_CONFIG] Groq مُعد: llama-3.3-70b-versatile
[9/25/2026, 13:20:23] [INFO] [AI_CONFIG] Gemini fallback: 7 مفتاح، حد 5 طلب/دقيقة.
[9/25/2026, 13:20:32] [INFO] [AI_CONFIG] Groq مُعد: llama-3.3-70b-versatile
[9/25/2026, 13:20:32] [INFO] [AI_CONFIG] Gemini fallback: 7 مفتاح، حد 5 طلب/دقيقة.
[9/25/2026, 13:25:12] [INFO] [AI_CONFIG] Groq مُعد: llama-3.3-70b-versatile
[9/25/2026, 13:25:12] [INFO] [AI_CONFIG] Gemini fallback: 7 مفتاح، حد 5 طلب/دقيقة.
[9/25/2026, 13:37:08] [INFO] [AI_CONFIG] Groq مُعد: llama-3.3-70b-versatile
[9/25/2026, 13:37:08] [INFO] [AI_CONFIG] Gemini fallback: 7 مفتاح، حد 5 طلب/دقيقة.
[9/25/2026, 13:37:14] [INFO] [AI_CONFIG] Groq مُعد: llama-3.3-70b-versatile
[9/25/2026, 13:37:14] [INFO] [AI_CONFIG] Gemini fallback: 7 مفتاح، حد 5 طلب/دقيقة.
[9/25/2026, 13:40:37] [INFO] [AI_CONFIG] Groq مُعد: llama-3.3-70b-versatile
[9/25/2026, 13:40:37] [INFO] [AI_CONFIG] Gemini fallback: 7 مفتاح، حد 5 طلب/دقيقة.
[9/25/2026, 14:45:37] [INFO] [AI_CONFIG] Groq مُعد: llama-3.3-70b-versatile
[9/25/2026, 14:45:37] [INFO] [AI_CONFIG] Gemini fallback: 7 مفتاح، حد 5 طلب/دقيقة.
[9/25/2026, 14:45:48] [INFO] [AI_CONFIG] Groq مُعد: llama-3.3-70b-versatile
[9/25/2026, 14:45:48] [INFO] [AI_CONFIG] Gemini fallback: 7 مفتاح، حد 5 طلب/دقيقة.
[9/25/2026, 14:49:23] [INFO] [AI_CONFIG] Groq مُعد: llama-3.3-70b-versatile
[9/25/2026, 14:49:23] [INFO] [AI_CONFIG] Gemini fallback: 7 مفتاح، حد 5 طلب/دقيقة.
[9/25/2026, 14:57:46] [INFO] [AI_CONFIG] Groq مُعد: llama-3.3-70b-versatile
[9/25/2026, 14:57:46] [INFO] [AI_CONFIG] Gemini fallback: 7 مفتاح، حد 5 طلب/دقيقة.
[9/25/2026, 14:57:53] [INFO] [AI_CONFIG] Groq مُعد: llama-3.3-70b-versatile
[9/25/2026, 14:57:53] [INFO] [AI_CONFIG] Gemini fallback: 7 مفتاح، حد 5 طلب/دقيقة.
[9/25/2026, 15:00:49] [INFO] [AI_CONFIG] Groq مُعد: llama-3.3-70b-versatile
[9/25/2026, 15:00:49] [INFO] [AI_CONFIG] Gemini fallback: 7 مفتاح، حد 5 طلب/دقيقة.
[9/25/2026, 15:06:19] [INFO] [AI_CONFIG] Groq مُعد: llama-3.3-70b-versatile
[9/25/2026, 15:06:19] [INFO] [AI_CONFIG] Gemini fallback: 7 مفتاح، حد 5 طلب/دقيقة.
[9/25/2026, 15:06:39] [INFO] [AI_CONFIG] Groq مُعد: llama-3.3-70b-versatile
[9/25/2026, 15:06:39] [INFO] [AI_CONFIG] Gemini fallback: 7 مفتاح، حد 5 طلب/دقيقة.
[9/25/2026, 15:06:46] [INFO] [AI_CONFIG] Groq مُعد: llama-3.3-70b-versatile
[9/25/2026, 15:06:46] [INFO] [AI_CONFIG] Gemini fallback: 7 مفتاح، حد 5 طلب/دقيقة.
[9/25/2026, 15:07:45] [INFO] [AI_CONFIG] Groq مُعد: llama-3.3-70b-versatile
[9/25/2026, 15:07:45] [INFO] [AI_CONFIG] Gemini fallback: 7 مفتاح، حد 5 طلب/دقيقة.
[9/25/2026, 15:11:06] [INFO] [AI_CONFIG] Groq مُعد: llama-3.3-70b-versatile
[9/25/2026, 15:11:06] [INFO] [AI_CONFIG] Gemini fallback: 7 مفتاح، حد 5 طلب/دقيقة.
[9/25/2026, 15:30:24] [INFO] [AI_CONFIG] Groq مُعد: llama-3.3-70b-versatile
[9/25/2026, 15:30:24] [INFO] [AI_CONFIG] Gemini fallback: 7 مفتاح، حد 5 طلب/دقيقة.
[9/25/2026, 15:31:02] [INFO] [AI_CONFIG] Groq مُعد: llama-3.3-70b-versatile
[9/25/2026, 15:31:02] [INFO] [AI_CONFIG] Gemini fallback: 7 مفتاح، حد 5 طلب/دقيقة.
[9/25/2026, 15:31:07] [INFO] [AI_CONFIG] Groq مُعد: llama-3.3-70b-versatile
[9/25/2026, 15:31:07] [INFO] [AI_CONFIG] Gemini fallback: 7 مفتاح، حد 5 طلب/دقيقة.
[9/25/2026, 15:35:33] [INFO] [AI_CONFIG] Groq مُعد: llama-3.3-70b-versatile
[9/25/2026, 15:35:33] [INFO] [AI_CONFIG] Gemini fallback: 7 مفتاح، حد 5 طلب/دقيقة.
[9/25/2026, 15:36:32] [INFO] [AI_CONFIG] Groq مُعد: llama-3.3-70b-versatile
[9/25/2026, 15:36:32] [INFO] [AI_CONFIG] Gemini fallback: 7 مفتاح، حد 5 طلب/دقيقة.
[9/25/2026, 15:36:40] [INFO] [AI_CONFIG] Groq مُعد: llama-3.3-70b-versatile
[9/25/2026, 15:36:40] [INFO] [AI_CONFIG] Gemini fallback: 7 مفتاح، حد 5 طلب/دقيقة.
[9/25/2026, 15:38:55] [INFO] [AI_CONFIG] Groq مُعد: llama-3.3-70b-versatile
[9/25/2026, 15:38:55] [INFO] [AI_CONFIG] Gemini fallback: 7 مفتاح، حد 5 طلب/دقيقة.
[9/25/2026, 15:39:05] [INFO] [AI_CONFIG] Groq مُعد: llama-3.3-70b-versatile
[9/25/2026, 15:39:05] [INFO] [AI_CONFIG] Gemini fallback: 7 مفتاح، حد 5 طلب/دقيقة.
[9/25/2026, 15:39:49] [INFO] [AI_CONFIG] Groq مُعد: llama-3.3-70b-versatile
[9/25/2026, 15:39:49] [INFO] [AI_CONFIG] Gemini fallback: 7 مفتاح، حد 5 طلب/دقيقة.
[9/25/2026, 15:42:40] [INFO] [AI_CONFIG] Groq مُعد: llama-3.3-70b-versatile
[9/25/2026, 15:42:40] [INFO] [AI_CONFIG] Gemini fallback: 7 مفتاح، حد 5 طلب/دقيقة.
[9/25/2026, 15:42:47] [INFO] [AI_CONFIG] Groq مُعد: llama-3.3-70b-versatile
[9/25/2026, 15:42:47] [INFO] [AI_CONFIG] Gemini fallback: 7 مفتاح، حد 5 طلب/دقيقة.
[9/25/2026, 15:43:13] [INFO] [AI_CONFIG] Groq مُعد: llama-3.3-70b-versatile
[9/25/2026, 15:43:14] [INFO] [AI_CONFIG] Gemini fallback: 7 مفتاح، حد 5 طلب/دقيقة.
[9/25/2026, 15:45:34] [INFO] [AI_CONFIG] Groq مُعد: llama-3.3-70b-versatile
[9/25/2026, 15:45:34] [INFO] [AI_CONFIG] Gemini fallback: 7 مفتاح، حد 5 طلب/دقيقة.
[9/25/2026, 15:45:46] [INFO] [AI_CONFIG] Groq مُعد: llama-3.3-70b-versatile
[9/25/2026, 15:45:46] [INFO] [AI_CONFIG] Gemini fallback: 7 مفتاح، حد 5 طلب/دقيقة.
[9/25/2026, 15:45:55] [INFO] [AI_CONFIG] Groq مُعد: llama-3.3-70b-versatile
[9/25/2026, 15:45:55] [INFO] [AI_CONFIG] Gemini fallback: 7 مفتاح، حد 5 طلب/دقيقة.
[9/25/2026, 15:50:06] [INFO] [AI_CONFIG] Groq مُعد: llama-3.3-70b-versatile
[9/25/2026, 15:50:06] [INFO] [AI_CONFIG] Gemini fallback: 7 مفتاح، حد 5 طلب/دقيقة.
[9/25/2026, 16:36:08] [INFO] [AI_CONFIG] Groq مُعد: llama-3.3-70b-versatile
[9/25/2026, 16:36:08] [INFO] [AI_CONFIG] Gemini fallback: 7 مفتاح، حد 5 طلب/دقيقة.
[9/25/2026, 16:36:22] [INFO] [AI_CONFIG] Groq مُعد: llama-3.3-70b-versatile
[9/25/2026, 16:36:22] [INFO] [AI_CONFIG] Gemini fallback: 7 مفتاح، حد 5 طلب/دقيقة.
[9/25/2026, 16:39:47] [INFO] [AI_CONFIG] Groq مُعد: llama-3.3-70b-versatile
[9/25/2026, 16:39:47] [INFO] [AI_CONFIG] Gemini fallback: 7 مفتاح، حد 5 طلب/دقيقة.
[9/25/2026, 16:56:00] [INFO] [AI_CONFIG] Groq مُعد: llama-3.3-70b-versatile
[9/25/2026, 16:56:00] [INFO] [AI_CONFIG] Gemini fallback: 7 مفتاح، حد 5 طلب/دقيقة.
[9/25/2026, 16:56:06] [INFO] [AI_CONFIG] Groq مُعد: llama-3.3-70b-versatile
[9/25/2026, 16:56:06] [INFO] [AI_CONFIG] Gemini fallback: 7 مفتاح، حد 5 طلب/دقيقة.
[9/25/2026, 17:04:14] [INFO] [AI_CONFIG] Groq مُعد: llama-3.3-70b-versatile
[9/25/2026, 17:04:14] [INFO] [AI_CONFIG] Gemini fallback: 7 مفتاح، حد 5 طلب/دقيقة.
[9/25/2026, 17:04:37] [INFO] [AI_CONFIG] Groq مُعد: llama-3.3-70b-versatile
[9/25/2026, 17:04:37] [INFO] [AI_CONFIG] Gemini fallback: 7 مفتاح، حد 5 طلب/دقيقة.
[9/25/2026, 17:04:42] [INFO] [AI_CONFIG] Groq مُعد: llama-3.3-70b-versatile
[9/25/2026, 17:04:42] [INFO] [AI_CONFIG] Gemini fallback: 7 مفتاح، حد 5 طلب/دقيقة.
[9/25/2026, 17:07:40] [INFO] [AI_CONFIG] Groq مُعد: llama-3.3-70b-versatile
[9/25/2026, 17:07:40] [INFO] [AI_CONFIG] Gemini fallback: 7 مفتاح، حد 5 طلب/دقيقة.
[9/25/2026, 17:07:48] [INFO] [AI_CONFIG] Groq مُعد: llama-3.3-70b-versatile
[9/25/2026, 17:07:48] [INFO] [AI_CONFIG] Gemini fallback: 7 مفتاح، حد 5 طلب/دقيقة.
[9/25/2026, 17:08:51] [INFO] [AI_CONFIG] Groq مُعد: llama-3.3-70b-versatile
[9/25/2026, 17:08:51] [INFO] [AI_CONFIG] Gemini fallback: 7 مفتاح، حد 5 طلب/دقيقة.
[9/25/2026, 17:10:11] [INFO] [AI_CONFIG] Groq مُعد: llama-3.3-70b-versatile
[9/25/2026, 17:10:11] [INFO] [AI_CONFIG] Gemini fallback: 7 مفتاح، حد 5 طلب/دقيقة.
[9/25/2026, 17:10:17] [INFO] [AI_CONFIG] Groq مُعد: llama-3.3-70b-versatile
[9/25/2026, 17:10:17] [INFO] [AI_CONFIG] Gemini fallback: 7 مفتاح، حد 5 طلب/دقيقة.
[9/25/2026, 17:11:29] [INFO] [AI_CONFIG] Groq مُعد: llama-3.3-70b-versatile
[9/25/2026, 17:11:29] [INFO] [AI_CONFIG] Gemini fallback: 7 مفتاح، حد 5 طلب/دقيقة.
[9/25/2026, 17:25:06] [INFO] [AI_CONFIG] Groq مُعد: llama-3.3-70b-versatile
[9/25/2026, 17:25:06] [INFO] [AI_CONFIG] Gemini fallback: 7 مفتاح، حد 5 طلب/دقيقة.
[9/25/2026, 17:25:13] [INFO] [AI_CONFIG] Groq مُعد: llama-3.3-70b-versatile
[9/25/2026, 17:25:13] [INFO] [AI_CONFIG] Gemini fallback: 7 مفتاح، حد 5 طلب/دقيقة.
[9/25/2026, 17:25:16] [INFO] [AI_CONFIG] Groq مُعد: llama-3.3-70b-versatile
[9/25/2026, 17:25:16] [INFO] [AI_CONFIG] Gemini fallback: 7 مفتاح، حد 5 طلب/دقيقة.
[9/25/2026, 17:31:05] [INFO] [AI_CONFIG] Groq مُعد: llama-3.3-70b-versatile
[9/25/2026, 17:31:05] [INFO] [AI_CONFIG] Gemini fallback: 7 مفتاح، حد 5 طلب/دقيقة.
[9/25/2026, 17:49:43] [INFO] [AI_CONFIG] Groq مُعد: llama-3.3-70b-versatile
[9/25/2026, 17:49:43] [INFO] [AI_CONFIG] Gemini fallback: 7 مفتاح، حد 5 طلب/دقيقة.
[9/25/2026, 17:49:50] [INFO] [AI_CONFIG] Groq مُعد: llama-3.3-70b-versatile
[9/25/2026, 17:49:50] [INFO] [AI_CONFIG] Gemini fallback: 7 مفتاح، حد 5 طلب/دقيقة.
[9/25/2026, 17:55:26] [INFO] [AI_CONFIG] Groq مُعد: llama-3.3-70b-versatile
[9/25/2026, 17:55:26] [INFO] [AI_CONFIG] Gemini fallback: 7 مفتاح، حد 5 طلب/دقيقة.
[9/25/2026, 18:17:13] [INFO] [AI_CONFIG] Groq مُعد: llama-3.3-70b-versatile
[9/25/2026, 18:17:13] [INFO] [AI_CONFIG] Gemini fallback: 7 مفتاح، حد 5 طلب/دقيقة.
[9/25/2026, 18:20:54] [INFO] [AI_CONFIG] Groq مُعد: llama-3.3-70b-versatile
[9/25/2026, 18:20:54] [INFO] [AI_CONFIG] Gemini fallback: 7 مفتاح، حد 5 طلب/دقيقة.
[9/25/2026, 18:21:01] [INFO] [AI_CONFIG] Groq مُعد: llama-3.3-70b-versatile
[9/25/2026, 18:21:01] [INFO] [AI_CONFIG] Gemini fallback: 7 مفتاح، حد 5 طلب/دقيقة.
[9/25/2026, 18:21:38] [INFO] [AI_CONFIG] Groq مُعد: llama-3.3-70b-versatile
[9/25/2026, 18:21:38] [INFO] [AI_CONFIG] Gemini fallback: 7 مفتاح، حد 5 طلب/دقيقة.
[9/25/2026, 18:22:22] [INFO] [AI_CONFIG] Groq مُعد: llama-3.3-70b-versatile
[9/25/2026, 18:22:22] [INFO] [AI_CONFIG] Gemini fallback: 7 مفتاح، حد 5 طلب/دقيقة.
[9/25/2026, 18:25:12] [INFO] [AI_CONFIG] Groq مُعد: llama-3.3-70b-versatile
[9/25/2026, 18:25:12] [INFO] [AI_CONFIG] Gemini fallback: 7 مفتاح، حد 5 طلب/دقيقة.
[9/25/2026, 18:27:10] [INFO] [AI_CONFIG] Groq مُعد: llama-3.3-70b-versatile
[9/25/2026, 18:27:10] [INFO] [AI_CONFIG] Gemini fallback: 7 مفتاح، حد 5 طلب/دقيقة.
[9/25/2026, 18:27:18] [INFO] [AI_CONFIG] Groq مُعد: llama-3.3-70b-versatile
[9/25/2026, 18:27:18] [INFO] [AI_CONFIG] Gemini fallback: 7 مفتاح، حد 5 طلب/دقيقة.
[9/25/2026, 18:31:00] [INFO] [AI_CONFIG] Groq مُعد: llama-3.3-70b-versatile
[9/25/2026, 18:31:00] [INFO] [AI_CONFIG] Gemini fallback: 7 مفتاح، حد 5 طلب/دقيقة.
[9/25/2026, 18:48:24] [INFO] [AI_CONFIG] Groq مُعد: llama-3.3-70b-versatile
[9/25/2026, 18:48:24] [INFO] [AI_CONFIG] Gemini fallback: 7 مفتاح، حد 5 طلب/دقيقة.
[9/25/2026, 18:48:35] [INFO] [AI_CONFIG] Groq مُعد: llama-3.3-70b-versatile
[9/25/2026, 18:48:35] [INFO] [AI_CONFIG] Gemini fallback: 7 مفتاح، حد 5 طلب/دقيقة.
[9/25/2026, 19:07:13] [INFO] [AI_CONFIG] Groq مُعد: llama-3.3-70b-versatile
[9/25/2026, 19:07:14] [INFO] [AI_CONFIG] Gemini fallback: 7 مفتاح، حد 5 طلب/دقيقة.
[9/25/2026, 19:07:19] [INFO] [AI_CONFIG] Groq مُعد: llama-3.3-70b-versatile
[9/25/2026, 19:07:19] [INFO] [AI_CONFIG] Gemini fallback: 7 مفتاح، حد 5 طلب/دقيقة.
[9/25/2026, 19:08:11] [INFO] [AI_CONFIG] Groq مُعد: llama-3.3-70b-versatile
[9/25/2026, 19:08:11] [INFO] [AI_CONFIG] Gemini fallback: 7 مفتاح، حد 5 طلب/دقيقة.
[9/25/2026, 19:08:54] [INFO] [AI_CONFIG] Groq مُعد: llama-3.3-70b-versatile
[9/25/2026, 19:08:54] [INFO] [AI_CONFIG] Gemini fallback: 7 مفتاح، حد 5 طلب/دقيقة.
[9/25/2026, 19:12:18] [INFO] [AI_CONFIG] Groq مُعد: llama-3.3-70b-versatile
[9/25/2026, 19:12:18] [INFO] [AI_CONFIG] Gemini fallback: 7 مفتاح، حد 5 طلب/دقيقة.
[9/25/2026, 19:13:46] [INFO] [AI_CONFIG] Groq مُعد: llama-3.3-70b-versatile
[9/25/2026, 19:13:46] [INFO] [AI_CONFIG] Gemini fallback: 7 مفتاح، حد 5 طلب/دقيقة.
[9/25/2026, 19:14:47] [INFO] [AI_CONFIG] Groq مُعد: llama-3.3-70b-versatile
[9/25/2026, 19:14:47] [INFO] [AI_CONFIG] Gemini fallback: 7 مفتاح، حد 5 طلب/دقيقة.
[9/25/2026, 19:15:44] [INFO] [AI_CONFIG] Groq مُعد: llama-3.3-70b-versatile
[9/25/2026, 19:15:44] [INFO] [AI_CONFIG] Gemini fallback: 7 مفتاح، حد 5 طلب/دقيقة.
[9/25/2026, 19:18:41] [INFO] [AI_CONFIG] Groq مُعد: llama-3.3-70b-versatile
[9/25/2026, 19:18:41] [INFO] [AI_CONFIG] Gemini fallback: 7 مفتاح، حد 5 طلب/دقيقة.
[9/25/2026, 19:19:17] [INFO] [AI_CONFIG] Groq مُعد: llama-3.3-70b-versatile
[9/25/2026, 19:19:17] [INFO] [AI_CONFIG] Gemini fallback: 7 مفتاح، حد 5 طلب/دقيقة.
[9/25/2026, 19:25:47] [INFO] [AI_CONFIG] Groq مُعد: llama-3.3-70b-versatile
[9/25/2026, 19:25:47] [INFO] [AI_CONFIG] Gemini fallback: 7 مفتاح، حد 5 طلب/دقيقة.
[9/25/2026, 19:28:57] [INFO] [AI_CONFIG] Groq مُعد: llama-3.3-70b-versatile
[9/25/2026, 19:28:57] [INFO] [AI_CONFIG] Gemini fallback: 7 مفتاح، حد 5 طلب/دقيقة.
[9/25/2026, 19:29:10] [INFO] [AI_CONFIG] Groq مُعد: llama-3.3-70b-versatile
[9/25/2026, 19:29:10] [INFO] [AI_CONFIG] Gemini fallback: 7 مفتاح، حد 5 طلب/دقيقة.
[9/25/2026, 19:29:31] [INFO] [AI_CONFIG] Groq مُعد: llama-3.3-70b-versatile
[9/25/2026, 19:29:31] [INFO] [AI_CONFIG] Gemini fallback: 7 مفتاح، حد 5 طلب/دقيقة.
[9/25/2026, 19:32:17] [INFO] [AI_CONFIG] Groq مُعد: llama-3.3-70b-versatile
[9/25/2026, 19:32:17] [INFO] [AI_CONFIG] Gemini fallback: 7 مفتاح، حد 5 طلب/دقيقة.
[9/25/2026, 19:33:25] [INFO] [AI_CONFIG] Groq مُعد: llama-3.3-70b-versatile
[9/25/2026, 19:33:25] [INFO] [AI_CONFIG] Gemini fallback: 7 مفتاح، حد 5 طلب/دقيقة.
[9/25/2026, 19:35:04] [INFO] [AI_CONFIG] Groq مُعد: llama-3.3-70b-versatile
[9/25/2026, 19:35:04] [INFO] [AI_CONFIG] Gemini fallback: 7 مفتاح، حد 5 طلب/دقيقة.
[9/25/2026, 19:35:58] [INFO] [AI_CONFIG] Groq مُعد: llama-3.3-70b-versatile
[9/25/2026, 19:35:58] [INFO] [AI_CONFIG] Gemini fallback: 7 مفتاح، حد 5 طلب/دقيقة.
[9/25/2026, 19:38:20] [INFO] [AI_CONFIG] Groq مُعد: llama-3.3-70b-versatile
[9/25/2026, 19:38:20] [INFO] [AI_CONFIG] Gemini fallback: 7 مفتاح، حد 5 طلب/دقيقة.
[9/25/2026, 19:41:44] [INFO] [AI_CONFIG] Groq مُعد: llama-3.3-70b-versatile
[9/25/2026, 19:41:44] [INFO] [AI_CONFIG] Gemini fallback: 7 مفتاح، حد 5 طلب/دقيقة.
[9/25/2026, 19:42:57] [INFO] [AI_CONFIG] Groq مُعد: llama-3.3-70b-versatile
[9/25/2026, 19:42:58] [INFO] [AI_CONFIG] Gemini fallback: 7 مفتاح، حد 5 طلب/دقيقة.
[9/25/2026, 19:45:22] [INFO] [AI_CONFIG] Groq مُعد: llama-3.3-70b-versatile
[9/25/2026, 19:45:22] [INFO] [AI_CONFIG] Gemini fallback: 7 مفتاح، حد 5 طلب/دقيقة.
[9/25/2026, 19:46:27] [INFO] [AI_CONFIG] Groq مُعد: llama-3.3-70b-versatile
[9/25/2026, 19:46:27] [INFO] [AI_CONFIG] Gemini fallback: 7 مفتاح، حد 5 طلب/دقيقة.
[9/25/2026, 19:50:01] [INFO] [AI_CONFIG] Groq مُعد: llama-3.3-70b-versatile
[9/25/2026, 19:50:01] [INFO] [AI_CONFIG] Gemini fallback: 7 مفتاح، حد 5 طلب/دقيقة.
[9/25/2026, 19:50:07] [INFO] [AI_CONFIG] Groq مُعد: llama-3.3-70b-versatile
[9/25/2026, 19:50:07] [INFO] [AI_CONFIG] Gemini fallback: 7 مفتاح، حد 5 طلب/دقيقة.
[9/25/2026, 19:52:23] [INFO] [AI_CONFIG] Groq مُعد: llama-3.3-70b-versatile
[9/25/2026, 19:52:23] [INFO] [AI_CONFIG] Gemini fallback: 7 مفتاح، حد 5 طلب/دقيقة.
[9/25/2026, 19:52:30] [INFO] [AI_CONFIG] Groq مُعد: llama-3.3-70b-versatile
[9/25/2026, 19:52:30] [INFO] [AI_CONFIG] Gemini fallback: 7 مفتاح، حد 5 طلب/دقيقة.
[9/25/2026, 19:53:59] [INFO] [AI_CONFIG] Groq مُعد: llama-3.3-70b-versatile
[9/25/2026, 19:53:59] [INFO] [AI_CONFIG] Gemini fallback: 7 مفتاح، حد 5 طلب/دقيقة.
[9/25/2026, 19:54:37] [INFO] [AI_CONFIG] Groq مُعد: llama-3.3-70b-versatile
[9/25/2026, 19:54:38] [INFO] [AI_CONFIG] Gemini fallback: 7 مفتاح، حد 5 طلب/دقيقة.
[9/25/2026, 19:55:14] [INFO] [AI_CONFIG] Groq مُعد: llama-3.3-70b-versatile
[9/25/2026, 19:55:14] [INFO] [AI_CONFIG] Gemini fallback: 7 مفتاح، حد 5 طلب/دقيقة.
[9/25/2026, 19:56:31] [INFO] [AI_CONFIG] Groq مُعد: llama-3.3-70b-versatile
[9/25/2026, 19:56:32] [INFO] [AI_CONFIG] Gemini fallback: 7 مفتاح، حد 5 طلب/دقيقة.
[9/25/2026, 19:56:46] [INFO] [AI_CONFIG] Groq مُعد: llama-3.3-70b-versatile
[9/25/2026, 19:56:46] [INFO] [AI_CONFIG] Gemini fallback: 7 مفتاح، حد 5 طلب/دقيقة.
[9/25/2026, 19:58:03] [INFO] [AI_CONFIG] Groq مُعد: llama-3.3-70b-versatile
[9/25/2026, 19:58:03] [INFO] [AI_CONFIG] Gemini fallback: 7 مفتاح، حد 5 طلب/دقيقة.
[9/25/2026, 19:59:07] [INFO] [AI_CONFIG] Groq مُعد: llama-3.3-70b-versatile
[9/25/2026, 19:59:07] [INFO] [AI_CONFIG] Gemini fallback: 7 مفتاح، حد 5 طلب/دقيقة.
[9/25/2026, 19:59:33] [INFO] [AI_CONFIG] Groq مُعد: llama-3.3-70b-versatile
[9/25/2026, 19:59:33] [INFO] [AI_CONFIG] Gemini fallback: 7 مفتاح، حد 5 طلب/دقيقة.
[9/25/2026, 20:02:06] [INFO] [AI_CONFIG] Groq مُعد: llama-3.3-70b-versatile
[9/25/2026, 20:02:06] [INFO] [AI_CONFIG] Gemini fallback: 7 مفتاح، حد 5 طلب/دقيقة.
[9/25/2026, 20:02:15] [INFO] [AI_CONFIG] Groq مُعد: llama-3.3-70b-versatile
[9/25/2026, 20:02:15] [INFO] [AI_CONFIG] Gemini fallback: 7 مفتاح، حد 5 طلب/دقيقة.
[9/25/2026, 20:05:48] [INFO] [AI_CONFIG] Groq مُعد: llama-3.3-70b-versatile
[9/25/2026, 20:05:48] [INFO] [AI_CONFIG] Gemini fallback: 7 مفتاح، حد 5 طلب/دقيقة.
[9/25/2026, 20:12:03] [INFO] [AI_CONFIG] Groq مُعد: llama-3.3-70b-versatile
[9/25/2026, 20:12:03] [INFO] [AI_CONFIG] Gemini fallback: 7 مفتاح، حد 5 طلب/دقيقة.
[9/25/2026, 20:12:09] [INFO] [AI_CONFIG] Groq مُعد: llama-3.3-70b-versatile
[9/25/2026, 20:12:09] [INFO] [AI_CONFIG] Gemini fallback: 7 مفتاح، حد 5 طلب/دقيقة.
[9/25/2026, 20:15:44] [INFO] [AI_CONFIG] Groq مُعد: llama-3.3-70b-versatile
[9/25/2026, 20:15:44] [INFO] [AI_CONFIG] Gemini fallback: 7 مفتاح، حد 5 طلب/دقيقة.
[9/25/2026, 20:17:47] [INFO] [AI_CONFIG] Groq مُعد: llama-3.3-70b-versatile
[9/25/2026, 20:17:47] [INFO] [AI_CONFIG] Gemini fallback: 7 مفتاح، حد 5 طلب/دقيقة.
[9/25/2026, 20:17:54] [INFO] [AI_CONFIG] Groq مُعد: llama-3.3-70b-versatile
[9/25/2026, 20:17:54] [INFO] [AI_CONFIG] Gemini fallback: 7 مفتاح، حد 5 طلب/دقيقة.
[9/25/2026, 20:29:17] [INFO] [AI_CONFIG] Groq مُعد: llama-3.3-70b-versatile
[9/25/2026, 20:29:17] [INFO] [AI_CONFIG] Gemini fallback: 7 مفتاح، حد 5 طلب/دقيقة.
[9/25/2026, 20:31:31] [INFO] [AI_CONFIG] Groq مُعد: llama-3.3-70b-versatile
[9/25/2026, 20:31:31] [INFO] [AI_CONFIG] Gemini fallback: 7 مفتاح، حد 5 طلب/دقيقة.
[9/25/2026, 20:31:39] [INFO] [AI_CONFIG] Groq مُعد: llama-3.3-70b-versatile
[9/25/2026, 20:31:39] [INFO] [AI_CONFIG] Gemini fallback: 7 مفتاح، حد 5 طلب/دقيقة.
[9/25/2026, 20:33:04] [INFO] [AI_CONFIG] Groq مُعد: llama-3.3-70b-versatile
[9/25/2026, 20:33:04] [INFO] [AI_CONFIG] Gemini fallback: 7 مفتاح، حد 5 طلب/دقيقة.
[9/25/2026, 20:35:52] [INFO] [AI_CONFIG] Groq مُعد: llama-3.3-70b-versatile
[9/25/2026, 20:35:52] [INFO] [AI_CONFIG] Gemini fallback: 7 مفتاح، حد 5 طلب/دقيقة.
[9/25/2026, 20:38:39] [INFO] [AI_CONFIG] Groq مُعد: llama-3.3-70b-versatile
[9/25/2026, 20:38:39] [INFO] [AI_CONFIG] Gemini fallback: 7 مفتاح، حد 5 طلب/دقيقة.
[9/25/2026, 20:47:42] [INFO] [AI_CONFIG] Groq مُعد: llama-3.3-70b-versatile
[9/25/2026, 20:47:42] [INFO] [AI_CONFIG] Gemini fallback: 7 مفتاح، حد 5 طلب/دقيقة.
[9/25/2026, 20:53:59] [INFO] [AI_CONFIG] Groq مُعد: llama-3.3-70b-versatile
[9/25/2026, 20:53:59] [INFO] [AI_CONFIG] Gemini fallback: 7 مفتاح، حد 5 طلب/دقيقة.
[9/25/2026, 21:50:37] [INFO] [AI_CONFIG] Groq مُعد: llama-3.3-70b-versatile
[9/25/2026, 21:50:37] [INFO] [AI_CONFIG] Gemini fallback: 7 مفتاح، حد 5 طلب/دقيقة.
[9/25/2026, 21:50:48] [INFO] [AI_CONFIG] Groq مُعد: llama-3.3-70b-versatile
[9/25/2026, 21:50:48] [INFO] [AI_CONFIG] Gemini fallback: 7 مفتاح، حد 5 طلب/دقيقة.
[9/25/2026, 21:54:02] [INFO] [AI_CONFIG] Groq مُعد: llama-3.3-70b-versatile
[9/25/2026, 21:54:02] [INFO] [AI_CONFIG] Gemini fallback: 7 مفتاح، حد 5 طلب/دقيقة.
[9/25/2026, 21:59:58] [INFO] [AI_CONFIG] Groq مُعد: llama-3.3-70b-versatile
[9/25/2026, 21:59:58] [INFO] [AI_CONFIG] Gemini fallback: 7 مفتاح، حد 5 طلب/دقيقة.
[9/25/2026, 22:00:04] [INFO] [AI_CONFIG] Groq مُعد: llama-3.3-70b-versatile
[9/25/2026, 22:00:04] [INFO] [AI_CONFIG] Gemini fallback: 7 مفتاح، حد 5 طلب/دقيقة.
[9/25/2026, 22:03:17] [INFO] [AI_CONFIG] Groq مُعد: llama-3.3-70b-versatile
[9/25/2026, 22:03:17] [INFO] [AI_CONFIG] Gemini fallback: 7 مفتاح، حد 5 طلب/دقيقة.
[9/25/2026, 22:14:41] [INFO] [AI_CONFIG] Groq مُعد: llama-3.3-70b-versatile
[9/25/2026, 22:14:41] [INFO] [AI_CONFIG] Gemini fallback: 7 مفتاح، حد 5 طلب/دقيقة.
[9/25/2026, 22:14:48] [INFO] [AI_CONFIG] Groq مُعد: llama-3.3-70b-versatile
[9/25/2026, 22:14:48] [INFO] [AI_CONFIG] Gemini fallback: 7 مفتاح، حد 5 طلب/دقيقة.
[9/25/2026, 22:25:28] [INFO] [AI_CONFIG] Groq مُعد: llama-3.3-70b-versatile
[9/25/2026, 22:25:28] [INFO] [AI_CONFIG] Gemini fallback: 7 مفتاح، حد 5 طلب/دقيقة.
[9/25/2026, 22:25:31] [INFO] [AI_CONFIG] Groq مُعد: llama-3.3-70b-versatile
[9/25/2026, 22:25:31] [INFO] [AI_CONFIG] Gemini fallback: 7 مفتاح، حد 5 طلب/دقيقة.
[9/25/2026, 22:25:38] [INFO] [AI_CONFIG] Groq مُعد: llama-3.3-70b-versatile
[9/25/2026, 22:25:38] [INFO] [AI_CONFIG] Gemini fallback: 7 مفتاح، حد 5 طلب/دقيقة.
[9/25/2026, 22:46:33] [INFO] [AI_CONFIG] Groq مُعد: llama-3.3-70b-versatile
[9/25/2026, 22:46:33] [INFO] [AI_CONFIG] Gemini fallback: 7 مفتاح، حد 5 طلب/دقيقة.
[9/25/2026, 23:30:14] [INFO] [AI_CONFIG] Groq مُعد: llama-3.3-70b-versatile
[9/25/2026, 23:30:14] [INFO] [AI_CONFIG] Gemini fallback: 7 مفتاح، حد 5 طلب/دقيقة.
[9/25/2026, 23:30:28] [INFO] [AI_CONFIG] Groq مُعد: llama-3.3-70b-versatile
[9/25/2026, 23:30:28] [INFO] [AI_CONFIG] Gemini fallback: 7 مفتاح، حد 5 طلب/دقيقة.
[9/25/2026, 23:33:34] [INFO] [AI_CONFIG] Groq مُعد: llama-3.3-70b-versatile
[9/25/2026, 23:33:34] [INFO] [AI_CONFIG] Gemini fallback: 7 مفتاح، حد 5 طلب/دقيقة.
[9/25/2026, 23:34:44] [INFO] [AI_CONFIG] Groq مُعد: llama-3.3-70b-versatile
[9/25/2026, 23:34:44] [INFO] [AI_CONFIG] Gemini fallback: 7 مفتاح، حد 5 طلب/دقيقة.
[9/25/2026, 23:34:49] [INFO] [AI_CONFIG] Groq مُعد: llama-3.3-70b-versatile
[9/25/2026, 23:34:49] [INFO] [AI_CONFIG] Gemini fallback: 7 مفتاح، حد 5 طلب/دقيقة.
[9/25/2026, 23:38:56] [INFO] [AI_CONFIG] Groq مُعد: llama-3.3-70b-versatile
[9/25/2026, 23:38:56] [INFO] [AI_CONFIG] Gemini fallback: 7 مفتاح، حد 5 طلب/دقيقة.
[9/25/2026, 23:39:01] [INFO] [AI_CONFIG] Groq مُعد: llama-3.3-70b-versatile
[9/25/2026, 23:39:01] [INFO] [AI_CONFIG] Gemini fallback: 7 مفتاح، حد 5 طلب/دقيقة.
[9/25/2026, 23:42:10] [INFO] [AI_CONFIG] Groq مُعد: llama-3.3-70b-versatile
[9/25/2026, 23:42:10] [INFO] [AI_CONFIG] Gemini fallback: 7 مفتاح، حد 5 طلب/دقيقة.
[9/25/2026, 23:50:02] [INFO] [AI_CONFIG] Groq مُعد: llama-3.3-70b-versatile
[9/25/2026, 23:50:02] [INFO] [AI_CONFIG] Gemini fallback: 7 مفتاح، حد 5 طلب/دقيقة.
[9/25/2026, 23:50:10] [INFO] [AI_CONFIG] Groq مُعد: llama-3.3-70b-versatile
[9/25/2026, 23:50:10] [INFO] [AI_CONFIG] Gemini fallback: 7 مفتاح، حد 5 طلب/دقيقة.
[9/25/2026, 23:55:38] [INFO] [AI_CONFIG] Groq مُعد: llama-3.3-70b-versatile
[9/25/2026, 23:55:38] [INFO] [AI_CONFIG] Gemini fallback: 7 مفتاح، حد 5 طلب/دقيقة.
[9/25/2026, 23:55:43] [INFO] [AI_CONFIG] Groq مُعد: llama-3.3-70b-versatile
[9/25/2026, 23:55:43] [INFO] [AI_CONFIG] Gemini fallback: 7 مفتاح، حد 5 طلب/دقيقة.
[9/26/2026, 00:03:01] [INFO] [AI_CONFIG] Groq مُعد: llama-3.3-70b-versatile
[9/26/2026, 00:03:01] [INFO] [AI_CONFIG] Gemini fallback: 7 مفتاح، حد 5 طلب/دقيقة.
[9/26/2026, 00:03:12] [INFO] [AI_CONFIG] Groq مُعد: llama-3.3-70b-versatile
[9/26/2026, 00:03:12] [INFO] [AI_CONFIG] Gemini fallback: 7 مفتاح، حد 5 طلب/دقيقة.
[9/26/2026, 00:03:21] [INFO] [AI_CONFIG] Groq مُعد: llama-3.3-70b-versatile
[9/26/2026, 00:03:21] [INFO] [AI_CONFIG] Gemini fallback: 7 مفتاح، حد 5 طلب/دقيقة.
[9/26/2026, 00:05:23] [INFO] [AI_CONFIG] Groq مُعد: llama-3.3-70b-versatile
[9/26/2026, 00:05:23] [INFO] [AI_CONFIG] Gemini fallback: 7 مفتاح، حد 5 طلب/دقيقة.
[9/26/2026, 00:05:28] [INFO] [AI_CONFIG] Groq مُعد: llama-3.3-70b-versatile
[9/26/2026, 00:05:28] [INFO] [AI_CONFIG] Gemini fallback: 7 مفتاح، حد 5 طلب/دقيقة.
[9/26/2026, 00:07:21] [INFO] [AI_CONFIG] Groq مُعد: llama-3.3-70b-versatile
[9/26/2026, 00:07:21] [INFO] [AI_CONFIG] Gemini fallback: 7 مفتاح، حد 5 طلب/دقيقة.
[9/26/2026, 00:07:38] [INFO] [AI_CONFIG] Groq مُعد: llama-3.3-70b-versatile
[9/26/2026, 00:07:38] [INFO] [AI_CONFIG] Gemini fallback: 7 مفتاح، حد 5 طلب/دقيقة.
[9/26/2026, 00:07:44] [INFO] [AI_CONFIG] Groq مُعد: llama-3.3-70b-versatile
[9/26/2026, 00:07:44] [INFO] [AI_CONFIG] Gemini fallback: 7 مفتاح، حد 5 طلب/دقيقة.
[9/26/2026, 00:08:56] [INFO] [AI_CONFIG] Groq مُعد: llama-3.3-70b-versatile
[9/26/2026, 00:08:56] [INFO] [AI_CONFIG] Gemini fallback: 7 مفتاح، حد 5 طلب/دقيقة.
[9/26/2026, 00:09:07] [INFO] [AI_CONFIG] Groq مُعد: llama-3.3-70b-versatile
[9/26/2026, 00:09:07] [INFO] [AI_CONFIG] Gemini fallback: 7 مفتاح، حد 5 طلب/دقيقة.
[9/26/2026, 00:11:00] [INFO] [AI_CONFIG] Groq مُعد: llama-3.3-70b-versatile
[9/26/2026, 00:11:00] [INFO] [AI_CONFIG] Gemini fallback: 7 مفتاح، حد 5 طلب/دقيقة.
[9/26/2026, 00:11:43] [INFO] [AI_CONFIG] Groq مُعد: llama-3.3-70b-versatile
[9/26/2026, 00:11:43] [INFO] [AI_CONFIG] Gemini fallback: 7 مفتاح، حد 5 طلب/دقيقة.
[9/26/2026, 00:14:29] [INFO] [AI_CONFIG] Groq مُعد: llama-3.3-70b-versatile
[9/26/2026, 00:14:29] [INFO] [AI_CONFIG] Gemini fallback: 7 مفتاح، حد 5 طلب/دقيقة.
[9/26/2026, 00:18:14] [INFO] [AI_CONFIG] Groq مُعد: llama-3.3-70b-versatile
[9/26/2026, 00:18:14] [INFO] [AI_CONFIG] Gemini fallback: 7 مفتاح، حد 5 طلب/دقيقة.
[9/26/2026, 00:21:01] [INFO] [AI_CONFIG] Groq مُعد: llama-3.3-70b-versatile
[9/26/2026, 00:21:01] [INFO] [AI_CONFIG] Gemini fallback: 7 مفتاح، حد 5 طلب/دقيقة.
[9/26/2026, 00:23:48] [INFO] [AI_CONFIG] Groq مُعد: llama-3.3-70b-versatile
[9/26/2026, 00:23:48] [INFO] [AI_CONFIG] Gemini fallback: 7 مفتاح، حد 5 طلب/دقيقة.
[9/26/2026, 00:26:35] [INFO] [AI_CONFIG] Groq مُعد: llama-3.3-70b-versatile
[9/26/2026, 00:26:35] [INFO] [AI_CONFIG] Gemini fallback: 7 مفتاح، حد 5 طلب/دقيقة.
[9/26/2026, 00:32:54] [INFO] [AI_CONFIG] Groq مُعد: llama-3.3-70b-versatile
[9/26/2026, 00:32:54] [INFO] [AI_CONFIG] Gemini fallback: 7 مفتاح، حد 5 طلب/دقيقة.
[9/26/2026, 00:39:55] [INFO] [AI_CONFIG] Groq مُعد: llama-3.3-70b-versatile
[9/26/2026, 00:39:55] [INFO] [AI_CONFIG] Gemini fallback: 7 مفتاح، حد 5 طلب/دقيقة.
[9/26/2026, 00:41:52] [INFO] [AI_CONFIG] Groq مُعد: llama-3.3-70b-versatile
[9/26/2026, 00:41:52] [INFO] [AI_CONFIG] Gemini fallback: 7 مفتاح، حد 5 طلب/دقيقة.
[9/26/2026, 00:46:18] [INFO] [AI_CONFIG] Groq مُعد: llama-3.3-70b-versatile
[9/26/2026, 00:46:18] [INFO] [AI_CONFIG] Gemini fallback: 7 مفتاح، حد 5 طلب/دقيقة.
[9/26/2026, 00:46:38] [INFO] [AI_CONFIG] Groq مُعد: llama-3.3-70b-versatile
[9/26/2026, 00:46:38] [INFO] [AI_CONFIG] Gemini fallback: 7 مفتاح، حد 5 طلب/دقيقة.
[9/26/2026, 00:47:08] [INFO] [AI_CONFIG] Groq مُعد: llama-3.3-70b-versatile
[9/26/2026, 00:47:08] [INFO] [AI_CONFIG] Gemini fallback: 7 مفتاح، حد 5 طلب/دقيقة.
[9/26/2026, 01:04:51] [INFO] [AI_CONFIG] Groq مُعد: llama-3.3-70b-versatile
[9/26/2026, 01:04:51] [INFO] [AI_CONFIG] Gemini fallback: 7 مفتاح، حد 5 طلب/دقيقة.
[9/26/2026, 01:05:42] [INFO] [AI_CONFIG] Groq مُعد: llama-3.3-70b-versatile
[9/26/2026, 01:05:42] [INFO] [AI_CONFIG] Gemini fallback: 7 مفتاح، حد 5 طلب/دقيقة.
[9/26/2026, 01:36:03] [INFO] [AI_CONFIG] Groq مُعد: llama-3.3-70b-versatile
[9/26/2026, 01:36:03] [INFO] [AI_CONFIG] Gemini fallback: 7 مفتاح، حد 5 طلب/دقيقة.
[9/26/2026, 02:09:51] [INFO] [AI_CONFIG] Groq مُعد: llama-3.3-70b-versatile
[9/26/2026, 02:09:51] [INFO] [AI_CONFIG] Gemini fallback: 7 مفتاح، حد 5 طلب/دقيقة.
[9/26/2026, 02:10:28] [INFO] [AI_CONFIG] Groq مُعد: llama-3.3-70b-versatile
[9/26/2026, 02:10:28] [INFO] [AI_CONFIG] Gemini fallback: 7 مفتاح، حد 5 طلب/دقيقة.
[9/26/2026, 09:32:00] [INFO] [AI_CONFIG] Groq مُعد: llama-3.3-70b-versatile
[9/26/2026, 09:32:00] [INFO] [AI_CONFIG] Gemini fallback: 7 مفتاح، حد 5 طلب/دقيقة.
[9/26/2026, 09:32:22] [INFO] [AI_CONFIG] Groq مُعد: llama-3.3-70b-versatile
[9/26/2026, 09:32:22] [INFO] [AI_CONFIG] Gemini fallback: 7 مفتاح، حد 5 طلب/دقيقة.
[9/26/2026, 09:35:14] [INFO] [AI_CONFIG] Groq مُعد: llama-3.3-70b-versatile
[9/26/2026, 09:35:14] [INFO] [AI_CONFIG] Gemini fallback: 7 مفتاح، حد 5 طلب/دقيقة.
[9/26/2026, 09:35:19] [INFO] [AI_CONFIG] Groq مُعد: llama-3.3-70b-versatile
[9/26/2026, 09:35:19] [INFO] [AI_CONFIG] Gemini fallback: 7 مفتاح، حد 5 طلب/دقيقة.
[9/26/2026, 09:36:15] [INFO] [AI_CONFIG] Groq مُعد: llama-3.3-70b-versatile
[9/26/2026, 09:36:15] [INFO] [AI_CONFIG] Gemini fallback: 7 مفتاح، حد 5 طلب/دقيقة.
[9/26/2026, 09:38:48] [INFO] [AI_CONFIG] Groq مُعد: llama-3.3-70b-versatile
[9/26/2026, 09:38:48] [INFO] [AI_CONFIG] Gemini fallback: 7 مفتاح، حد 5 طلب/دقيقة.
[9/26/2026, 09:38:56] [INFO] [AI_CONFIG] Groq مُعد: llama-3.3-70b-versatile
[9/26/2026, 09:38:56] [INFO] [AI_CONFIG] Gemini fallback: 7 مفتاح، حد 5 طلب/دقيقة.
[9/26/2026, 09:39:22] [INFO] [AI_CONFIG] Groq مُعد: llama-3.3-70b-versatile
[9/26/2026, 09:39:22] [INFO] [AI_CONFIG] Gemini fallback: 7 مفتاح، حد 5 طلب/دقيقة.
[9/26/2026, 09:41:52] [INFO] [AI_CONFIG] Groq مُعد: llama-3.3-70b-versatile
[9/26/2026, 09:41:52] [INFO] [AI_CONFIG] Gemini fallback: 7 مفتاح، حد 5 طلب/دقيقة.
[9/26/2026, 09:42:35] [INFO] [AI_CONFIG] Groq مُعد: llama-3.3-70b-versatile
[9/26/2026, 09:42:35] [INFO] [AI_CONFIG] Gemini fallback: 7 مفتاح، حد 5 طلب/دقيقة.
[9/26/2026, 09:42:44] [INFO] [AI_CONFIG] Groq مُعد: llama-3.3-70b-versatile
[9/26/2026, 09:42:44] [INFO] [AI_CONFIG] Gemini fallback: 7 مفتاح، حد 5 طلب/دقيقة.
[9/26/2026, 09:55:49] [INFO] [AI_CONFIG] Groq مُعد: llama-3.3-70b-versatile
[9/26/2026, 09:55:49] [INFO] [AI_CONFIG] Gemini fallback: 7 مفتاح، حد 5 طلب/دقيقة.
[9/26/2026, 09:55:54] [INFO] [AI_CONFIG] Groq مُعد: llama-3.3-70b-versatile
[9/26/2026, 09:55:54] [INFO] [AI_CONFIG] Gemini fallback: 7 مفتاح، حد 5 طلب/دقيقة.
[9/26/2026, 09:57:15] [INFO] [AI_CONFIG] Groq مُعد: llama-3.3-70b-versatile
[9/26/2026, 09:57:15] [INFO] [AI_CONFIG] Gemini fallback: 7 مفتاح، حد 5 طلب/دقيقة.
[9/26/2026, 09:57:30] [INFO] [AI_CONFIG] Groq مُعد: llama-3.3-70b-versatile
[9/26/2026, 09:57:30] [INFO] [AI_CONFIG] Gemini fallback: 7 مفتاح، حد 5 طلب/دقيقة.
[9/26/2026, 10:12:10] [INFO] [AI_CONFIG] Groq مُعد: llama-3.3-70b-versatile
[9/26/2026, 10:12:10] [INFO] [AI_CONFIG] Gemini fallback: 7 مفتاح، حد 5 طلب/دقيقة.
[9/26/2026, 10:12:15] [INFO] [AI_CONFIG] Groq مُعد: llama-3.3-70b-versatile
[9/26/2026, 10:12:15] [INFO] [AI_CONFIG] Gemini fallback: 7 مفتاح، حد 5 طلب/دقيقة.
[9/26/2026, 10:13:16] [INFO] [AI_CONFIG] Groq مُعد: llama-3.3-70b-versatile
[9/26/2026, 10:13:16] [INFO] [AI_CONFIG] Gemini fallback: 7 مفتاح، حد 5 طلب/دقيقة.
[9/26/2026, 10:13:42] [INFO] [AI_CONFIG] Groq مُعد: llama-3.3-70b-versatile
[9/26/2026, 10:13:42] [INFO] [AI_CONFIG] Gemini fallback: 7 مفتاح، حد 5 طلب/دقيقة.
[9/26/2026, 10:16:28] [INFO] [AI_CONFIG] Groq مُعد: llama-3.3-70b-versatile
[9/26/2026, 10:16:28] [INFO] [AI_CONFIG] Gemini fallback: 7 مفتاح، حد 5 طلب/دقيقة.
[9/26/2026, 10:19:15] [INFO] [AI_CONFIG] Groq مُعد: llama-3.3-70b-versatile
[9/26/2026, 10:19:15] [INFO] [AI_CONFIG] Gemini fallback: 7 مفتاح، حد 5 طلب/دقيقة.
[9/26/2026, 12:23:12] [INFO] [AI_CONFIG] Groq مُعد: llama-3.3-70b-versatile
[9/26/2026, 12:23:12] [INFO] [AI_CONFIG] Gemini fallback: 7 مفتاح، حد 5 طلب/دقيقة.
[9/26/2026, 12:35:45] [INFO] [AI_CONFIG] Groq مُعد: llama-3.3-70b-versatile
[9/26/2026, 12:35:45] [INFO] [AI_CONFIG] Gemini fallback: 7 مفتاح، حد 5 طلب/دقيقة.
[9/26/2026, 12:35:56] [INFO] [AI_CONFIG] Groq مُعد: llama-3.3-70b-versatile
[9/26/2026, 12:35:56] [INFO] [AI_CONFIG] Gemini fallback: 7 مفتاح، حد 5 طلب/دقيقة.
[9/26/2026, 12:37:17] [INFO] [AI_CONFIG] Groq مُعد: llama-3.3-70b-versatile
[9/26/2026, 12:37:17] [INFO] [AI_CONFIG] Gemini fallback: 7 مفتاح، حد 5 طلب/دقيقة.
[9/26/2026, 12:43:54] [INFO] [AI_CONFIG] Groq مُعد: llama-3.3-70b-versatile
[9/26/2026, 12:43:54] [INFO] [AI_CONFIG] Gemini fallback: 7 مفتاح، حد 5 طلب/دقيقة.
[9/26/2026, 12:52:17] [INFO] [AI_CONFIG] Groq مُعد: llama-3.3-70b-versatile
[9/26/2026, 12:52:17] [INFO] [AI_CONFIG] Gemini fallback: 7 مفتاح، حد 5 طلب/دقيقة.
[9/26/2026, 12:52:24] [INFO] [AI_CONFIG] Groq مُعد: llama-3.3-70b-versatile
[9/26/2026, 12:52:24] [INFO] [AI_CONFIG] Gemini fallback: 7 مفتاح، حد 5 طلب/دقيقة.
[9/26/2026, 13:00:06] [INFO] [AI_CONFIG] Groq مُعد: llama-3.3-70b-versatile
[9/26/2026, 13:00:06] [INFO] [AI_CONFIG] Gemini fallback: 7 مفتاح، حد 5 طلب/دقيقة.
[9/26/2026, 13:30:24] [INFO] [AI_CONFIG] Groq مُعد: llama-3.3-70b-versatile
[9/26/2026, 13:30:24] [INFO] [AI_CONFIG] Gemini fallback: 7 مفتاح، حد 5 طلب/دقيقة.
[9/26/2026, 13:30:30] [INFO] [AI_CONFIG] Groq مُعد: llama-3.3-70b-versatile
[9/26/2026, 13:30:30] [INFO] [AI_CONFIG] Gemini fallback: 7 مفتاح، حد 5 طلب/دقيقة.
[9/26/2026, 13:32:13] [INFO] [AI_CONFIG] Groq مُعد: llama-3.3-70b-versatile
[9/26/2026, 13:32:13] [INFO] [AI_CONFIG] Gemini fallback: 7 مفتاح، حد 5 طلب/دقيقة.
[9/26/2026, 13:32:22] [INFO] [AI_CONFIG] Groq مُعد: llama-3.3-70b-versatile
[9/26/2026, 13:32:22] [INFO] [AI_CONFIG] Gemini fallback: 7 مفتاح، حد 5 طلب/دقيقة.
[9/26/2026, 13:33:50] [INFO] [AI_CONFIG] Groq مُعد: llama-3.3-70b-versatile
[9/26/2026, 13:33:50] [INFO] [AI_CONFIG] Gemini fallback: 7 مفتاح، حد 5 طلب/دقيقة.
[9/26/2026, 13:34:20] [INFO] [AI_CONFIG] Groq مُعد: llama-3.3-70b-versatile
[9/26/2026, 13:34:20] [INFO] [AI_CONFIG] Gemini fallback: 7 مفتاح، حد 5 طلب/دقيقة.
[9/26/2026, 13:34:26] [INFO] [AI_CONFIG] Groq مُعد: llama-3.3-70b-versatile
[9/26/2026, 13:34:26] [INFO] [AI_CONFIG] Gemini fallback: 7 مفتاح، حد 5 طلب/دقيقة.
[9/26/2026, 13:37:07] [INFO] [AI_CONFIG] Groq مُعد: llama-3.3-70b-versatile
[9/26/2026, 13:37:07] [INFO] [AI_CONFIG] Gemini fallback: 7 مفتاح، حد 5 طلب/دقيقة.
[9/26/2026, 13:39:54] [INFO] [AI_CONFIG] Groq مُعد: llama-3.3-70b-versatile
[9/26/2026, 13:39:54] [INFO] [AI_CONFIG] Gemini fallback: 7 مفتاح، حد 5 طلب/دقيقة.
[9/26/2026, 14:17:16] [INFO] [AI_CONFIG] Groq مُعد: llama-3.3-70b-versatile
[9/26/2026, 14:17:16] [INFO] [AI_CONFIG] Gemini fallback: 7 مفتاح، حد 5 طلب/دقيقة.
[9/26/2026, 14:18:24] [INFO] [AI_CONFIG] Groq مُعد: llama-3.3-70b-versatile
[9/26/2026, 14:18:24] [INFO] [AI_CONFIG] Gemini fallback: 7 مفتاح، حد 5 طلب/دقيقة.
[9/26/2026, 14:38:01] [INFO] [AI_CONFIG] Groq مُعد: llama-3.3-70b-versatile
[9/26/2026, 14:38:01] [INFO] [AI_CONFIG] Gemini fallback: 7 مفتاح، حد 5 طلب/دقيقة.
[9/26/2026, 14:40:19] [INFO] [AI_CONFIG] Groq مُعد: llama-3.3-70b-versatile
[9/26/2026, 14:40:19] [INFO] [AI_CONFIG] Gemini fallback: 7 مفتاح، حد 5 طلب/دقيقة.
[9/26/2026, 14:40:51] [INFO] [AI_CONFIG] Groq مُعد: llama-3.3-70b-versatile
[9/26/2026, 14:40:51] [INFO] [AI_CONFIG] Gemini fallback: 7 مفتاح، حد 5 طلب/دقيقة.
[9/26/2026, 15:27:05] [INFO] [AI_CONFIG] Groq مُعد: llama-3.3-70b-versatile
[9/26/2026, 15:27:05] [INFO] [AI_CONFIG] Gemini fallback: 7 مفتاح، حد 5 طلب/دقيقة.
[9/26/2026, 15:27:18] [INFO] [AI_CONFIG] Groq مُعد: llama-3.3-70b-versatile
[9/26/2026, 15:27:18] [INFO] [AI_CONFIG] Gemini fallback: 7 مفتاح، حد 5 طلب/دقيقة.
[9/26/2026, 15:30:19] [INFO] [AI_CONFIG] Groq مُعد: llama-3.3-70b-versatile
[9/26/2026, 15:30:20] [INFO] [AI_CONFIG] Gemini fallback: 7 مفتاح، حد 5 طلب/دقيقة.
[9/26/2026, 15:30:26] [INFO] [AI_CONFIG] Groq مُعد: llama-3.3-70b-versatile
[9/26/2026, 15:30:26] [INFO] [AI_CONFIG] Gemini fallback: 7 مفتاح، حد 5 طلب/دقيقة.
[9/26/2026, 15:31:01] [INFO] [AI_CONFIG] Groq مُعد: llama-3.3-70b-versatile
[9/26/2026, 15:31:01] [INFO] [AI_CONFIG] Gemini fallback: 7 مفتاح، حد 5 طلب/دقيقة.
[9/26/2026, 15:31:17] [INFO] [AI_CONFIG] Groq مُعد: llama-3.3-70b-versatile
[9/26/2026, 15:31:17] [INFO] [AI_CONFIG] Gemini fallback: 7 مفتاح، حد 5 طلب/دقيقة.
[9/26/2026, 16:12:54] [INFO] [AI_CONFIG] Groq مُعد: llama-3.3-70b-versatile
[9/26/2026, 16:12:54] [INFO] [AI_CONFIG] Gemini fallback: 7 مفتاح، حد 5 طلب/دقيقة.
[9/26/2026, 16:13:00] [INFO] [AI_CONFIG] Groq مُعد: llama-3.3-70b-versatile
[9/26/2026, 16:13:00] [INFO] [AI_CONFIG] Gemini fallback: 7 مفتاح، حد 5 طلب/دقيقة.
[9/26/2026, 16:13:51] [INFO] [AI_CONFIG] Groq مُعد: llama-3.3-70b-versatile
[9/26/2026, 16:13:51] [INFO] [AI_CONFIG] Gemini fallback: 7 مفتاح، حد 5 طلب/دقيقة.
[9/26/2026, 16:15:11] [INFO] [AI_CONFIG] Groq مُعد: llama-3.3-70b-versatile
[9/26/2026, 16:15:11] [INFO] [AI_CONFIG] Gemini fallback: 7 مفتاح، حد 5 طلب/دقيقة.
[9/26/2026, 16:15:19] [INFO] [AI_CONFIG] Groq مُعد: llama-3.3-70b-versatile
[9/26/2026, 16:15:19] [INFO] [AI_CONFIG] Gemini fallback: 7 مفتاح، حد 5 طلب/دقيقة.
[9/26/2026, 16:16:17] [INFO] [AI_CONFIG] Groq مُعد: llama-3.3-70b-versatile
[9/26/2026, 16:16:17] [INFO] [AI_CONFIG] Gemini fallback: 7 مفتاح، حد 5 طلب/دقيقة.
[9/26/2026, 16:16:35] [INFO] [AI_CONFIG] Groq مُعد: llama-3.3-70b-versatile
[9/26/2026, 16:16:35] [INFO] [AI_CONFIG] Gemini fallback: 7 مفتاح، حد 5 طلب/دقيقة.
[9/26/2026, 16:19:04] [INFO] [AI_CONFIG] Groq مُعد: llama-3.3-70b-versatile
[9/26/2026, 16:19:04] [INFO] [AI_CONFIG] Gemini fallback: 7 مفتاح، حد 5 طلب/دقيقة.
[9/26/2026, 16:24:04] [INFO] [AI_CONFIG] Groq مُعد: llama-3.3-70b-versatile
[9/26/2026, 16:24:04] [INFO] [AI_CONFIG] Gemini fallback: 7 مفتاح، حد 5 طلب/دقيقة.
[9/26/2026, 16:24:09] [INFO] [AI_CONFIG] Groq مُعد: llama-3.3-70b-versatile
[9/26/2026, 16:24:09] [INFO] [AI_CONFIG] Gemini fallback: 7 مفتاح، حد 5 طلب/دقيقة.
[9/26/2026, 16:25:51] [INFO] [AI_CONFIG] Groq مُعد: llama-3.3-70b-versatile
[9/26/2026, 16:25:51] [INFO] [AI_CONFIG] Gemini fallback: 7 مفتاح، حد 5 طلب/دقيقة.
[9/26/2026, 16:28:38] [INFO] [AI_CONFIG] Groq مُعد: llama-3.3-70b-versatile
[9/26/2026, 16:28:38] [INFO] [AI_CONFIG] Gemini fallback: 7 مفتاح، حد 5 طلب/دقيقة.
[9/26/2026, 16:34:57] [INFO] [AI_CONFIG] Groq مُعد: llama-3.3-70b-versatile
[9/26/2026, 16:34:57] [INFO] [AI_CONFIG] Gemini fallback: 7 مفتاح، حد 5 طلب/دقيقة.
[9/26/2026, 16:46:24] [INFO] [AI_CONFIG] Groq مُعد: llama-3.3-70b-versatile
[9/26/2026, 16:46:25] [INFO] [AI_CONFIG] Gemini fallback: 7 مفتاح، حد 5 طلب/دقيقة.
[9/26/2026, 16:52:33] [INFO] [AI_CONFIG] Groq مُعد: llama-3.3-70b-versatile
[9/26/2026, 16:52:33] [INFO] [AI_CONFIG] Gemini fallback: 7 مفتاح، حد 5 طلب/دقيقة.
[9/26/2026, 17:01:28] [INFO] [AI_CONFIG] Groq مُعد: llama-3.3-70b-versatile
[9/26/2026, 17:01:28] [INFO] [AI_CONFIG] Gemini fallback: 7 مفتاح، حد 5 طلب/دقيقة.
[9/26/2026, 17:20:20] [INFO] [AI_CONFIG] Groq مُعد: llama-3.3-70b-versatile
[9/26/2026, 17:20:20] [INFO] [AI_CONFIG] Gemini fallback: 7 مفتاح، حد 5 طلب/دقيقة.
[9/26/2026, 17:22:48] [INFO] [AI_CONFIG] Groq مُعد: llama-3.3-70b-versatile
[9/26/2026, 17:22:48] [INFO] [AI_CONFIG] Gemini fallback: 7 مفتاح، حد 5 طلب/دقيقة.
[9/26/2026, 17:23:28] [INFO] [AI_CONFIG] Groq مُعد: llama-3.3-70b-versatile
[9/26/2026, 17:23:28] [INFO] [AI_CONFIG] Gemini fallback: 7 مفتاح، حد 5 طلب/دقيقة.
[9/26/2026, 17:23:59] [INFO] [AI_CONFIG] Groq مُعد: llama-3.3-70b-versatile
[9/26/2026, 17:24:00] [INFO] [AI_CONFIG] Gemini fallback: 7 مفتاح، حد 5 طلب/دقيقة.
[9/26/2026, 17:27:18] [INFO] [AI_CONFIG] Groq مُعد: llama-3.3-70b-versatile
[9/26/2026, 17:27:18] [INFO] [AI_CONFIG] Gemini fallback: 7 مفتاح، حد 5 طلب/دقيقة.
[9/26/2026, 18:02:53] [INFO] [AI_CONFIG] Groq مُعد: llama-3.3-70b-versatile
[9/26/2026, 18:02:53] [INFO] [AI_CONFIG] Gemini fallback: 7 مفتاح، حد 5 طلب/دقيقة.
[9/26/2026, 18:03:00] [INFO] [AI_CONFIG] Groq مُعد: llama-3.3-70b-versatile
[9/26/2026, 18:03:00] [INFO] [AI_CONFIG] Gemini fallback: 7 مفتاح، حد 5 طلب/دقيقة.
[9/26/2026, 18:06:09] [INFO] [AI_CONFIG] Groq مُعد: llama-3.3-70b-versatile
[9/26/2026, 18:06:09] [INFO] [AI_CONFIG] Gemini fallback: 7 مفتاح، حد 5 طلب/دقيقة.
[9/26/2026, 18:06:20] [INFO] [AI_CONFIG] Groq مُعد: llama-3.3-70b-versatile
[9/26/2026, 18:06:20] [INFO] [AI_CONFIG] Gemini fallback: 7 مفتاح، حد 5 طلب/دقيقة.
[9/26/2026, 18:06:35] [INFO] [AI_CONFIG] Groq مُعد: llama-3.3-70b-versatile
[9/26/2026, 18:06:35] [INFO] [AI_CONFIG] Gemini fallback: 7 مفتاح، حد 5 طلب/دقيقة.
[9/26/2026, 18:35:14] [INFO] [AI_CONFIG] Groq مُعد: llama-3.3-70b-versatile
[9/26/2026, 18:35:14] [INFO] [AI_CONFIG] Gemini fallback: 7 مفتاح، حد 5 طلب/دقيقة.
[9/26/2026, 18:35:23] [INFO] [AI_CONFIG] Groq مُعد: llama-3.3-70b-versatile
[9/26/2026, 18:35:23] [INFO] [AI_CONFIG] Gemini fallback: 7 مفتاح، حد 5 طلب/دقيقة.
[9/26/2026, 18:41:41] [INFO] [AI_CONFIG] Groq مُعد: llama-3.3-70b-versatile
[9/26/2026, 18:41:41] [INFO] [AI_CONFIG] Gemini fallback: 7 مفتاح، حد 5 طلب/دقيقة.
[9/26/2026, 18:41:48] [INFO] [AI_CONFIG] Groq مُعد: llama-3.3-70b-versatile
[9/26/2026, 18:41:48] [INFO] [AI_CONFIG] Gemini fallback: 7 مفتاح، حد 5 طلب/دقيقة.
[9/26/2026, 18:42:56] [INFO] [AI_CONFIG] Groq مُعد: llama-3.3-70b-versatile
[9/26/2026, 18:42:56] [INFO] [AI_CONFIG] Gemini fallback: 7 مفتاح، حد 5 طلب/دقيقة.
[9/26/2026, 18:43:14] [INFO] [AI_CONFIG] Groq مُعد: llama-3.3-70b-versatile
[9/26/2026, 18:43:14] [INFO] [AI_CONFIG] Gemini fallback: 7 مفتاح، حد 5 طلب/دقيقة.
[9/26/2026, 18:44:06] [INFO] [AI_CONFIG] Groq مُعد: llama-3.3-70b-versatile
[9/26/2026, 18:44:06] [INFO] [AI_CONFIG] Gemini fallback: 7 مفتاح، حد 5 طلب/دقيقة.
[9/26/2026, 18:44:12] [INFO] [AI_CONFIG] Groq مُعد: llama-3.3-70b-versatile
[9/26/2026, 18:44:12] [INFO] [AI_CONFIG] Gemini fallback: 7 مفتاح، حد 5 طلب/دقيقة.
[9/26/2026, 18:48:21] [INFO] [AI_CONFIG] Groq مُعد: llama-3.3-70b-versatile
[9/26/2026, 18:48:21] [INFO] [AI_CONFIG] Gemini fallback: 7 مفتاح، حد 5 طلب/دقيقة.
[9/26/2026, 18:58:00] [INFO] [AI_CONFIG] Groq مُعد: llama-3.3-70b-versatile
[9/26/2026, 18:58:00] [INFO] [AI_CONFIG] Gemini fallback: 7 مفتاح، حد 5 طلب/دقيقة.
[9/26/2026, 19:05:02] [INFO] [AI_CONFIG] Groq مُعد: llama-3.3-70b-versatile
[9/26/2026, 19:05:02] [INFO] [AI_CONFIG] Gemini fallback: 7 مفتاح، حد 5 طلب/دقيقة.
[9/26/2026, 19:16:13] [INFO] [AI_CONFIG] Groq مُعد: llama-3.3-70b-versatile
[9/26/2026, 19:16:13] [INFO] [AI_CONFIG] Gemini fallback: 7 مفتاح، حد 5 طلب/دقيقة.
[9/26/2026, 19:16:46] [INFO] [AI_CONFIG] Groq مُعد: llama-3.3-70b-versatile
[9/26/2026, 19:16:46] [INFO] [AI_CONFIG] Gemini fallback: 7 مفتاح، حد 5 طلب/دقيقة.
[9/26/2026, 19:35:31] [INFO] [AI_CONFIG] Groq مُعد: llama-3.3-70b-versatile
[9/26/2026, 19:35:31] [INFO] [AI_CONFIG] Gemini fallback: 7 مفتاح، حد 5 طلب/دقيقة.
[9/26/2026, 19:40:56] [INFO] [AI_CONFIG] Groq مُعد: llama-3.3-70b-versatile
[9/26/2026, 19:40:56] [INFO] [AI_CONFIG] Gemini fallback: 7 مفتاح، حد 5 طلب/دقيقة.
[9/26/2026, 19:41:25] [INFO] [AI_CONFIG] Groq مُعد: llama-3.3-70b-versatile
[9/26/2026, 19:41:25] [INFO] [AI_CONFIG] Gemini fallback: 7 مفتاح، حد 5 طلب/دقيقة.
[9/26/2026, 20:05:33] [INFO] [AI_CONFIG] Groq مُعد: llama-3.3-70b-versatile
[9/26/2026, 20:05:33] [INFO] [AI_CONFIG] Gemini fallback: 7 مفتاح، حد 5 طلب/دقيقة.
[9/26/2026, 20:10:20] [INFO] [AI_CONFIG] Groq مُعد: llama-3.3-70b-versatile
[9/26/2026, 20:10:20] [INFO] [AI_CONFIG] Gemini fallback: 7 مفتاح، حد 5 طلب/دقيقة.
[9/26/2026, 20:11:49] [INFO] [AI_CONFIG] Groq مُعد: llama-3.3-70b-versatile
[9/26/2026, 20:11:49] [INFO] [AI_CONFIG] Gemini fallback: 7 مفتاح، حد 5 طلب/دقيقة.
[9/26/2026, 20:11:57] [INFO] [AI_CONFIG] Groq مُعد: llama-3.3-70b-versatile
[9/26/2026, 20:11:57] [INFO] [AI_CONFIG] Gemini fallback: 7 مفتاح، حد 5 طلب/دقيقة.
[9/26/2026, 20:12:36] [INFO] [AI_CONFIG] Groq مُعد: llama-3.3-70b-versatile
[9/26/2026, 20:12:36] [INFO] [AI_CONFIG] Gemini fallback: 7 مفتاح، حد 5 طلب/دقيقة.
[9/26/2026, 20:12:42] [INFO] [AI_CONFIG] Groq مُعد: llama-3.3-70b-versatile
[9/26/2026, 20:12:42] [INFO] [AI_CONFIG] Gemini fallback: 7 مفتاح، حد 5 طلب/دقيقة.
[9/26/2026, 20:15:31] [INFO] [AI_CONFIG] Groq مُعد: llama-3.3-70b-versatile
[9/26/2026, 20:15:31] [INFO] [AI_CONFIG] Gemini fallback: 7 مفتاح، حد 5 طلب/دقيقة.
[9/26/2026, 20:32:41] [INFO] [AI_CONFIG] Groq مُعد: llama-3.3-70b-versatile
[9/26/2026, 20:32:41] [INFO] [AI_CONFIG] Gemini fallback: 7 مفتاح، حد 5 طلب/دقيقة.
[9/26/2026, 20:32:48] [INFO] [AI_CONFIG] Groq مُعد: llama-3.3-70b-versatile
[9/26/2026, 20:32:48] [INFO] [AI_CONFIG] Gemini fallback: 7 مفتاح، حد 5 طلب/دقيقة.
[9/26/2026, 20:34:39] [INFO] [AI_CONFIG] Groq مُعد: llama-3.3-70b-versatile
[9/26/2026, 20:34:39] [INFO] [AI_CONFIG] Gemini fallback: 7 مفتاح، حد 5 طلب/دقيقة.
[9/26/2026, 20:34:45] [INFO] [AI_CONFIG] Groq مُعد: llama-3.3-70b-versatile
[9/26/2026, 20:34:45] [INFO] [AI_CONFIG] Gemini fallback: 7 مفتاح، حد 5 طلب/دقيقة.
[9/26/2026, 20:36:11] [INFO] [AI_CONFIG] Groq مُعد: llama-3.3-70b-versatile
[9/26/2026, 20:36:11] [INFO] [AI_CONFIG] Gemini fallback: 7 مفتاح، حد 5 طلب/دقيقة.
[9/26/2026, 20:37:31] [INFO] [AI_CONFIG] Groq مُعد: llama-3.3-70b-versatile
[9/26/2026, 20:37:31] [INFO] [AI_CONFIG] Gemini fallback: 7 مفتاح، حد 5 طلب/دقيقة.
[9/26/2026, 20:38:58] [INFO] [AI_CONFIG] Groq مُعد: llama-3.3-70b-versatile
[9/26/2026, 20:38:58] [INFO] [AI_CONFIG] Gemini fallback: 7 مفتاح، حد 5 طلب/دقيقة.
[9/26/2026, 20:40:18] [INFO] [AI_CONFIG] Groq مُعد: llama-3.3-70b-versatile
[9/26/2026, 20:40:18] [INFO] [AI_CONFIG] Gemini fallback: 7 مفتاح، حد 5 طلب/دقيقة.
[9/26/2026, 20:41:14] [INFO] [AI_CONFIG] Groq مُعد: llama-3.3-70b-versatile
[9/26/2026, 20:41:14] [INFO] [AI_CONFIG] Gemini fallback: 7 مفتاح، حد 5 طلب/دقيقة.
[9/26/2026, 20:41:44] [INFO] [AI_CONFIG] Groq مُعد: llama-3.3-70b-versatile
[9/26/2026, 20:41:44] [INFO] [AI_CONFIG] Gemini fallback: 7 مفتاح، حد 5 طلب/دقيقة.
[9/26/2026, 20:52:21] [INFO] [AI_CONFIG] Groq مُعد: llama-3.3-70b-versatile
[9/26/2026, 20:52:21] [INFO] [AI_CONFIG] Gemini fallback: 7 مفتاح، حد 5 طلب/دقيقة.
[9/26/2026, 20:53:25] [INFO] [AI_CONFIG] Groq مُعد: llama-3.3-70b-versatile
[9/26/2026, 20:53:25] [INFO] [AI_CONFIG] Gemini fallback: 7 مفتاح، حد 5 طلب/دقيقة.
[9/26/2026, 20:56:11] [INFO] [AI_CONFIG] Groq مُعد: llama-3.3-70b-versatile
[9/26/2026, 20:56:11] [INFO] [AI_CONFIG] Gemini fallback: 7 مفتاح، حد 5 طلب/دقيقة.
[9/26/2026, 20:58:58] [INFO] [AI_CONFIG] Groq مُعد: llama-3.3-70b-versatile
[9/26/2026, 20:58:58] [INFO] [AI_CONFIG] Gemini fallback: 7 مفتاح، حد 5 طلب/دقيقة.
[9/26/2026, 21:01:44] [INFO] [AI_CONFIG] Groq مُعد: llama-3.3-70b-versatile
[9/26/2026, 21:01:44] [INFO] [AI_CONFIG] Gemini fallback: 7 مفتاح، حد 5 طلب/دقيقة.
[9/26/2026, 21:21:45] [INFO] [AI_CONFIG] Groq مُعد: llama-3.3-70b-versatile
[9/26/2026, 21:21:45] [INFO] [AI_CONFIG] Gemini fallback: 7 مفتاح، حد 5 طلب/دقيقة.
[9/26/2026, 21:24:34] [INFO] [AI_CONFIG] Groq مُعد: llama-3.3-70b-versatile
[9/26/2026, 21:24:34] [INFO] [AI_CONFIG] Gemini fallback: 7 مفتاح، حد 5 طلب/دقيقة.
[9/26/2026, 21:24:41] [INFO] [AI_CONFIG] Groq مُعد: llama-3.3-70b-versatile
[9/26/2026, 21:24:41] [INFO] [AI_CONFIG] Gemini fallback: 7 مفتاح، حد 5 طلب/دقيقة.
[9/26/2026, 21:25:11] [INFO] [AI_CONFIG] Groq مُعد: llama-3.3-70b-versatile
[9/26/2026, 21:25:11] [INFO] [AI_CONFIG] Gemini fallback: 7 مفتاح، حد 5 طلب/دقيقة.
[9/26/2026, 21:25:31] [INFO] [AI_CONFIG] Groq مُعد: llama-3.3-70b-versatile
[9/26/2026, 21:25:31] [INFO] [AI_CONFIG] Gemini fallback: 7 مفتاح، حد 5 طلب/دقيقة.
[9/26/2026, 21:27:57] [INFO] [AI_CONFIG] Groq مُعد: llama-3.3-70b-versatile
[9/26/2026, 21:27:57] [INFO] [AI_CONFIG] Gemini fallback: 7 مفتاح، حد 5 طلب/دقيقة.
[9/26/2026, 21:42:13] [INFO] [AI_CONFIG] Groq مُعد: llama-3.3-70b-versatile
[9/26/2026, 21:42:13] [INFO] [AI_CONFIG] Gemini fallback: 7 مفتاح، حد 5 طلب/دقيقة.
[9/26/2026, 21:42:18] [INFO] [AI_CONFIG] Groq مُعد: llama-3.3-70b-versatile
[9/26/2026, 21:42:18] [INFO] [AI_CONFIG] Gemini fallback: 7 مفتاح، حد 5 طلب/دقيقة.
[9/26/2026, 21:56:23] [INFO] [AI_CONFIG] Groq مُعد: llama-3.3-70b-versatile
[9/26/2026, 21:56:23] [INFO] [AI_CONFIG] Gemini fallback: 7 مفتاح، حد 5 طلب/دقيقة.
[9/26/2026, 22:15:31] [INFO] [AI_CONFIG] Groq مُعد: llama-3.3-70b-versatile
[9/26/2026, 22:15:31] [INFO] [AI_CONFIG] Gemini fallback: 7 مفتاح، حد 5 طلب/دقيقة.
[9/26/2026, 22:15:36] [INFO] [AI_CONFIG] Groq مُعد: llama-3.3-70b-versatile
[9/26/2026, 22:15:36] [INFO] [AI_CONFIG] Gemini fallback: 7 مفتاح، حد 5 طلب/دقيقة.
[9/26/2026, 22:18:46] [INFO] [AI_CONFIG] Groq مُعد: llama-3.3-70b-versatile
[9/26/2026, 22:18:46] [INFO] [AI_CONFIG] Gemini fallback: 7 مفتاح، حد 5 طلب/دقيقة.
[9/26/2026, 22:27:43] [INFO] [AI_CONFIG] Groq مُعد: llama-3.3-70b-versatile
[9/26/2026, 22:27:43] [INFO] [AI_CONFIG] Gemini fallback: 7 مفتاح، حد 5 طلب/دقيقة.
[9/26/2026, 22:27:51] [INFO] [AI_CONFIG] Groq مُعد: llama-3.3-70b-versatile
[9/26/2026, 22:27:51] [INFO] [AI_CONFIG] Gemini fallback: 7 مفتاح، حد 5 طلب/دقيقة.
[9/26/2026, 22:38:45] [INFO] [AI_CONFIG] Groq مُعد: llama-3.3-70b-versatile
[9/26/2026, 22:38:45] [INFO] [AI_CONFIG] Gemini fallback: 7 مفتاح، حد 5 طلب/دقيقة.
[9/27/2026, 00:38:35] [INFO] [AI_CONFIG] Groq مُعد: llama-3.3-70b-versatile
[9/27/2026, 00:38:35] [INFO] [AI_CONFIG] Gemini fallback: 7 مفتاح، حد 5 طلب/دقيقة.
[9/27/2026, 00:38:43] [INFO] [AI_CONFIG] Groq مُعد: llama-3.3-70b-versatile
[9/27/2026, 00:38:43] [INFO] [AI_CONFIG] Gemini fallback: 7 مفتاح، حد 5 طلب/دقيقة.
[9/27/2026, 01:16:48] [INFO] [AI_CONFIG] Groq مُعد: llama-3.3-70b-versatile
[9/27/2026, 01:16:48] [INFO] [AI_CONFIG] Gemini fallback: 7 مفتاح، حد 5 طلب/دقيقة.
[9/27/2026, 09:15:39] [INFO] [AI_CONFIG] Groq مُعد: llama-3.3-70b-versatile
[9/27/2026, 09:15:39] [INFO] [AI_CONFIG] Gemini fallback: 7 مفتاح، حد 5 طلب/دقيقة.
[9/27/2026, 09:15:51] [INFO] [AI_CONFIG] Groq مُعد: llama-3.3-70b-versatile
[9/27/2026, 09:15:51] [INFO] [AI_CONFIG] Gemini fallback: 7 مفتاح، حد 5 طلب/دقيقة.
[9/27/2026, 09:19:21] [INFO] [AI_CONFIG] Groq مُعد: llama-3.3-70b-versatile
[9/27/2026, 09:19:21] [INFO] [AI_CONFIG] Gemini fallback: 7 مفتاح، حد 5 طلب/دقيقة.
[9/27/2026, 09:39:31] [INFO] [AI_CONFIG] Groq مُعد: llama-3.3-70b-versatile
[9/27/2026, 09:39:31] [INFO] [AI_CONFIG] Gemini fallback: 7 مفتاح، حد 5 طلب/دقيقة.
[9/27/2026, 09:39:39] [INFO] [AI_CONFIG] Groq مُعد: llama-3.3-70b-versatile
[9/27/2026, 09:39:39] [INFO] [AI_CONFIG] Gemini fallback: 7 مفتاح، حد 5 طلب/دقيقة.
[9/27/2026, 09:40:43] [INFO] [AI_CONFIG] Groq مُعد: llama-3.3-70b-versatile
[9/27/2026, 09:40:43] [INFO] [AI_CONFIG] Gemini fallback: 7 مفتاح، حد 5 طلب/دقيقة.
[9/27/2026, 09:55:49] [INFO] [AI_CONFIG] Groq مُعد: llama-3.3-70b-versatile
[9/27/2026, 09:55:49] [INFO] [AI_CONFIG] Gemini fallback: 7 مفتاح، حد 5 طلب/دقيقة.
[9/27/2026, 09:55:54] [INFO] [AI_CONFIG] Groq مُعد: llama-3.3-70b-versatile
[9/27/2026, 09:55:54] [INFO] [AI_CONFIG] Gemini fallback: 7 مفتاح، حد 5 طلب/دقيقة.
[9/27/2026, 10:05:06] [INFO] [AI_CONFIG] Groq مُعد: llama-3.3-70b-versatile
[9/27/2026, 10:05:06] [INFO] [AI_CONFIG] Gemini fallback: 7 مفتاح، حد 5 طلب/دقيقة.
[9/27/2026, 10:06:48] [INFO] [AI_CONFIG] Groq مُعد: llama-3.3-70b-versatile
[9/27/2026, 10:06:48] [INFO] [AI_CONFIG] Gemini fallback: 7 مفتاح، حد 5 طلب/دقيقة.
[9/27/2026, 10:09:12] [INFO] [AI_CONFIG] Groq مُعد: llama-3.3-70b-versatile
[9/27/2026, 10:09:12] [INFO] [AI_CONFIG] Gemini fallback: 7 مفتاح، حد 5 طلب/دقيقة.
[9/27/2026, 11:19:45] [INFO] [AI_CONFIG] Groq مُعد: llama-3.3-70b-versatile
[9/27/2026, 11:19:45] [INFO] [AI_CONFIG] Gemini fallback: 7 مفتاح، حد 5 طلب/دقيقة.
[9/27/2026, 11:19:55] [INFO] [AI_CONFIG] Groq مُعد: llama-3.3-70b-versatile
[9/27/2026, 11:19:55] [INFO] [AI_CONFIG] Gemini fallback: 7 مفتاح، حد 5 طلب/دقيقة.
[9/27/2026, 11:23:56] [INFO] [AI_CONFIG] Groq مُعد: llama-3.3-70b-versatile
[9/27/2026, 11:23:56] [INFO] [AI_CONFIG] Gemini fallback: 7 مفتاح، حد 5 طلب/دقيقة.
[9/27/2026, 11:24:13] [INFO] [AI_CONFIG] Groq مُعد: llama-3.3-70b-versatile
[9/27/2026, 11:24:13] [INFO] [AI_CONFIG] Gemini fallback: 7 مفتاح، حد 5 طلب/دقيقة.
[9/27/2026, 11:24:19] [INFO] [AI_CONFIG] Groq مُعد: llama-3.3-70b-versatile
[9/27/2026, 11:24:19] [INFO] [AI_CONFIG] Gemini fallback: 7 مفتاح، حد 5 طلب/دقيقة.
[9/27/2026, 11:27:50] [INFO] [AI_CONFIG] Groq مُعد: llama-3.3-70b-versatile
[9/27/2026, 11:27:50] [INFO] [AI_CONFIG] Gemini fallback: 7 مفتاح، حد 5 طلب/دقيقة.
[9/27/2026, 11:29:25] [INFO] [AI_CONFIG] Groq مُعد: llama-3.3-70b-versatile
[9/27/2026, 11:29:25] [INFO] [AI_CONFIG] Gemini fallback: 7 مفتاح، حد 5 طلب/دقيقة.
[9/27/2026, 11:29:34] [INFO] [AI_CONFIG] Groq مُعد: llama-3.3-70b-versatile
[9/27/2026, 11:29:34] [INFO] [AI_CONFIG] Gemini fallback: 7 مفتاح، حد 5 طلب/دقيقة.
[9/27/2026, 11:34:29] [INFO] [AI_CONFIG] Groq مُعد: llama-3.3-70b-versatile
[9/27/2026, 11:34:29] [INFO] [AI_CONFIG] Gemini fallback: 7 مفتاح، حد 5 طلب/دقيقة.
[9/27/2026, 11:36:58] [INFO] [AI_CONFIG] Groq مُعد: llama-3.3-70b-versatile
[9/27/2026, 11:36:58] [INFO] [AI_CONFIG] Gemini fallback: 7 مفتاح، حد 5 طلب/دقيقة.
[9/27/2026, 11:37:06] [INFO] [AI_CONFIG] Groq مُعد: llama-3.3-70b-versatile
[9/27/2026, 11:37:06] [INFO] [AI_CONFIG] Gemini fallback: 7 مفتاح، حد 5 طلب/دقيقة.
[9/27/2026, 11:40:18] [INFO] [AI_CONFIG] Groq مُعد: llama-3.3-70b-versatile
[9/27/2026, 11:40:18] [INFO] [AI_CONFIG] Gemini fallback: 7 مفتاح، حد 5 طلب/دقيقة.
[9/27/2026, 11:44:53] [INFO] [AI_CONFIG] Groq مُعد: llama-3.3-70b-versatile
[9/27/2026, 11:44:53] [INFO] [AI_CONFIG] Gemini fallback: 7 مفتاح، حد 5 طلب/دقيقة.
[9/27/2026, 11:45:01] [INFO] [AI_CONFIG] Groq مُعد: llama-3.3-70b-versatile
[9/27/2026, 11:45:01] [INFO] [AI_CONFIG] Gemini fallback: 7 مفتاح، حد 5 طلب/دقيقة.
[9/27/2026, 12:10:42] [INFO] [AI_CONFIG] Groq مُعد: llama-3.3-70b-versatile
[9/27/2026, 12:10:42] [INFO] [AI_CONFIG] Gemini fallback: 7 مفتاح، حد 5 طلب/دقيقة.
[9/27/2026, 12:19:38] [INFO] [AI_CONFIG] Groq مُعد: llama-3.3-70b-versatile
[9/27/2026, 12:19:38] [INFO] [AI_CONFIG] Gemini fallback: 7 مفتاح، حد 5 طلب/دقيقة.
[9/27/2026, 12:19:46] [INFO] [AI_CONFIG] Groq مُعد: llama-3.3-70b-versatile
[9/27/2026, 12:19:46] [INFO] [AI_CONFIG] Gemini fallback: 7 مفتاح، حد 5 طلب/دقيقة.
[9/27/2026, 12:24:18] [INFO] [AI_CONFIG] Groq مُعد: llama-3.3-70b-versatile
[9/27/2026, 12:24:18] [INFO] [AI_CONFIG] Gemini fallback: 7 مفتاح، حد 5 طلب/دقيقة.
[9/27/2026, 12:27:31] [INFO] [AI_CONFIG] Groq مُعد: llama-3.3-70b-versatile
[9/27/2026, 12:27:32] [INFO] [AI_CONFIG] Gemini fallback: 7 مفتاح، حد 5 طلب/دقيقة.
[9/27/2026, 12:27:41] [INFO] [AI_CONFIG] Groq مُعد: llama-3.3-70b-versatile
[9/27/2026, 12:27:41] [INFO] [AI_CONFIG] Gemini fallback: 7 مفتاح، حد 5 طلب/دقيقة.
[9/27/2026, 12:31:25] [INFO] [AI_CONFIG] Groq مُعد: llama-3.3-70b-versatile
[9/27/2026, 12:31:25] [INFO] [AI_CONFIG] Gemini fallback: 7 مفتاح، حد 5 طلب/دقيقة.
[9/27/2026, 14:12:03] [INFO] [AI_CONFIG] Groq مُعد: llama-3.3-70b-versatile
[9/27/2026, 14:12:03] [INFO] [AI_CONFIG] Gemini fallback: 7 مفتاح، حد 5 طلب/دقيقة.
[9/27/2026, 14:12:14] [INFO] [AI_CONFIG] Groq مُعد: llama-3.3-70b-versatile
[9/27/2026, 14:12:14] [INFO] [AI_CONFIG] Gemini fallback: 7 مفتاح، حد 5 طلب/دقيقة.
[9/27/2026, 14:14:37] [INFO] [AI_CONFIG] Groq مُعد: llama-3.3-70b-versatile
[9/27/2026, 14:14:37] [INFO] [AI_CONFIG] Gemini fallback: 7 مفتاح، حد 5 طلب/دقيقة.
[9/27/2026, 14:33:56] [INFO] [AI_CONFIG] Groq مُعد: llama-3.3-70b-versatile
[9/27/2026, 14:33:56] [INFO] [AI_CONFIG] Gemini fallback: 7 مفتاح، حد 5 طلب/دقيقة.
[9/28/2026, 21:22:58] [INFO] [AI_CONFIG] Groq مُعد: llama-3.3-70b-versatile
[9/28/2026, 21:22:58] [INFO] [AI_CONFIG] Gemini fallback: 7 مفتاح، حد 5 طلب/دقيقة.
[9/28/2026, 21:23:11] [INFO] [AI_CONFIG] Groq مُعد: llama-3.3-70b-versatile
[9/28/2026, 21:23:11] [INFO] [AI_CONFIG] Gemini fallback: 7 مفتاح، حد 5 طلب/دقيقة.
[9/29/2026, 01:17:36] [INFO] [AI_CONFIG] Groq مُعد: llama-3.3-70b-versatile
[9/29/2026, 01:17:37] [INFO] [AI_CONFIG] Gemini fallback: 7 مفتاح، حد 5 طلب/دقيقة.
[9/29/2026, 01:17:44] [INFO] [AI_CONFIG] Groq مُعد: llama-3.3-70b-versatile
[9/29/2026, 01:17:44] [INFO] [AI_CONFIG] Gemini fallback: 7 مفتاح، حد 5 طلب/دقيقة.
[9/29/2026, 01:18:51] [INFO] [AI_CONFIG] Groq مُعد: llama-3.3-70b-versatile
[9/29/2026, 01:18:52] [INFO] [AI_CONFIG] Gemini fallback: 7 مفتاح، حد 5 طلب/دقيقة.
[9/30/2026, 10:19:32] [INFO] [AI_CONFIG] Groq مُعد: llama-3.3-70b-versatile
[9/30/2026, 10:19:32] [INFO] [AI_CONFIG] Gemini fallback: 7 مفتاح، حد 5 طلب/دقيقة.
[9/30/2026, 10:55:31] [INFO] [AI_CONFIG] Groq مُعد: llama-3.3-70b-versatile
[9/30/2026, 10:55:31] [INFO] [AI_CONFIG] Gemini fallback: 7 مفتاح، حد 5 طلب/دقيقة.
[9/30/2026, 20:12:01] [INFO] [AI_CONFIG] Groq مُعد: llama-3.3-70b-versatile
[9/30/2026, 20:12:01] [INFO] [AI_CONFIG] Gemini fallback: 7 مفتاح، حد 5 طلب/دقيقة.
[9/30/2026, 20:15:07] [INFO] [AI_CONFIG] Groq مُعد: llama-3.3-70b-versatile
[9/30/2026, 20:15:07] [INFO] [AI_CONFIG] Gemini fallback: 7 مفتاح، حد 5 طلب/دقيقة.
[9/30/2026, 22:03:49] [INFO] [AI_CONFIG] Groq مُعد: llama-3.3-70b-versatile
[9/30/2026, 22:03:50] [INFO] [AI_CONFIG] Gemini fallback: 7 مفتاح، حد 5 طلب/دقيقة.
[9/30/2026, 22:04:14] [INFO] [AI_CONFIG] Groq مُعد: llama-3.3-70b-versatile
[9/30/2026, 22:04:14] [INFO] [AI_CONFIG] Gemini fallback: 7 مفتاح، حد 5 طلب/دقيقة.
[9/30/2026, 22:14:31] [INFO] [AI_CONFIG] Groq مُعد: llama-3.3-70b-versatile
[9/30/2026, 22:14:31] [INFO] [AI_CONFIG] Gemini fallback: 7 مفتاح، حد 5 طلب/دقيقة.
[10/1/2026, 11:59:01] [INFO] [AI_CONFIG] Groq مُعد: llama-3.3-70b-versatile
[10/1/2026, 11:59:02] [INFO] [AI_CONFIG] Gemini fallback: 7 مفتاح، حد 5 طلب/دقيقة.
[10/1/2026, 12:03:02] [INFO] [AI_CONFIG] Groq مُعد: llama-3.3-70b-versatile
[10/1/2026, 12:03:02] [INFO] [AI_CONFIG] Gemini fallback: 7 مفتاح، حد 5 طلب/دقيقة.
[10/1/2026, 14:32:23] [INFO] [AI_CONFIG] Groq مُعد: llama-3.3-70b-versatile
[10/1/2026, 14:32:24] [INFO] [AI_CONFIG] Gemini fallback: 7 مفتاح، حد 5 طلب/دقيقة.
[10/1/2026, 14:41:18] [INFO] [AI_CONFIG] Groq مُعد: llama-3.3-70b-versatile
[10/1/2026, 14:41:19] [INFO] [AI_CONFIG] Gemini fallback: 7 مفتاح، حد 5 طلب/دقيقة.
[10/1/2026, 16:13:33] [INFO] [AI_CONFIG] Groq مُعد: llama-3.3-70b-versatile
[10/1/2026, 16:13:33] [INFO] [AI_CONFIG] Gemini fallback: 7 مفتاح، حد 5 طلب/دقيقة.
[10/1/2026, 16:25:53] [INFO] [AI_CONFIG] Groq مُعد: llama-3.3-70b-versatile
[10/1/2026, 16:25:53] [INFO] [AI_CONFIG] Gemini fallback: 7 مفتاح، حد 5 طلب/دقيقة.
[10/1/2026, 16:35:44] [INFO] [AI_CONFIG] Groq مُعد: llama-3.3-70b-versatile
[10/1/2026, 16:35:44] [INFO] [AI_CONFIG] Gemini fallback: 7 مفتاح، حد 5 طلب/دقيقة.
[10/1/2026, 17:32:40] [INFO] [AI_CONFIG] Groq مُعد: llama-3.3-70b-versatile
[10/1/2026, 17:32:41] [INFO] [AI_CONFIG] Gemini fallback: 7 مفتاح، حد 5 طلب/دقيقة.
[10/1/2026, 17:36:23] [INFO] [AI_CONFIG] Groq مُعد: llama-3.3-70b-versatile
[10/1/2026, 17:36:23] [INFO] [AI_CONFIG] Gemini fallback: 7 مفتاح، حد 5 طلب/دقيقة.
[10/1/2026, 19:19:09] [INFO] [AI_CONFIG] Groq مُعد: llama-3.3-70b-versatile
[10/1/2026, 19:19:10] [INFO] [AI_CONFIG] Gemini fallback: 7 مفتاح، حد 5 طلب/دقيقة.
[10/1/2026, 19:19:21] [INFO] [AI_CONFIG] Groq مُعد: llama-3.3-70b-versatile
[10/1/2026, 19:19:21] [INFO] [AI_CONFIG] Gemini fallback: 7 مفتاح، حد 5 طلب/دقيقة.
[10/1/2026, 20:33:10] [INFO] [AI_CONFIG] Groq مُعد: llama-3.3-70b-versatile
[10/1/2026, 20:33:10] [INFO] [AI_CONFIG] Gemini fallback: 7 مفتاح، حد 5 طلب/دقيقة.
[10/1/2026, 22:44:19] [INFO] [AI_CONFIG] Groq مُعد: llama-3.3-70b-versatile
[10/1/2026, 22:44:20] [INFO] [AI_CONFIG] Gemini fallback: 7 مفتاح، حد 5 طلب/دقيقة.
[10/2/2026, 08:24:04] [INFO] [AI_CONFIG] Groq مُعد: llama-3.3-70b-versatile
[10/2/2026, 08:24:05] [INFO] [AI_CONFIG] Gemini fallback: 7 مفتاح، حد 5 طلب/دقيقة.
[10/2/2026, 10:37:44] [INFO] [AI_CONFIG] Groq مُعد: llama-3.3-70b-versatile
[10/2/2026, 10:37:45] [INFO] [AI_CONFIG] Gemini fallback: 7 مفتاح، حد 5 طلب/دقيقة.
[10/2/2026, 11:27:22] [INFO] [AI_CONFIG] Groq مُعد: llama-3.3-70b-versatile
[10/2/2026, 11:27:23] [INFO] [AI_CONFIG] Gemini fallback: 7 مفتاح، حد 5 طلب/دقيقة.
[10/2/2026, 13:15:47] [INFO] [AI_CONFIG] Groq مُعد: llama-3.3-70b-versatile
[10/2/2026, 13:15:47] [INFO] [AI_CONFIG] Gemini fallback: 7 مفتاح، حد 5 طلب/دقيقة.
[10/2/2026, 14:25:14] [INFO] [AI_CONFIG] Groq مُعد: llama-3.3-70b-versatile
[10/2/2026, 14:25:14] [INFO] [AI_CONFIG] Gemini fallback: 7 مفتاح، حد 5 طلب/دقيقة.
[10/2/2026, 22:04:31] [INFO] [AI_CONFIG] Groq مُعد: llama-3.3-70b-versatile
[10/2/2026, 22:04:32] [INFO] [AI_CONFIG] Gemini fallback: 7 مفتاح، حد 5 طلب/دقيقة.
